time,deviceID,value,point,attack,antenna
2026-05-23 14:30:01.246000+03:00,sensor_4,-59,0,0,0
2026-05-23 14:30:03.330000+03:00,sensor_2,-54,0,0,0
2026-05-23 14:30:05.457000+03:00,sensor_3,-62,0,0,0
2026-05-23 14:30:05.556000+03:00,sensor_1,-56,0,0,0
2026-05-23 14:30:08.367000+03:00,sensor_4,-60,0,0,0
2026-05-23 14:30:10.602000+03:00,sensor_2,-54,0,0,0
2026-05-23 14:30:12.581000+03:00,sensor_3,-64,0,0,0
2026-05-23 14:30:12.677000+03:00,sensor_1,-55,0,0,0
2026-05-23 14:30:15.589000+03:00,sensor_4,-60,0,0,0
2026-05-23 14:30:17.774000+03:00,sensor_2,-53,0,0,0
2026-05-23 14:30:19.795000+03:00,sensor_3,-55,0,0,0
2026-05-23 14:30:19.889000+03:00,sensor_1,-56,0,0,0
2026-05-23 14:30:22.640000+03:00,sensor_4,-59,0,0,0
2026-05-23 14:30:24.976000+03:00,sensor_2,-54,0,0,0
2026-05-23 14:30:26.859000+03:00,sensor_3,-57,0,0,0
2026-05-23 14:30:26.950000+03:00,sensor_1,-55,0,0,0
2026-05-23 14:30:29.874000+03:00,sensor_4,-61,0,0,0
2026-05-23 14:30:32.100000+03:00,sensor_2,-53,0,0,0
2026-05-23 14:30:33.970000+03:00,sensor_3,-57,0,0,0
2026-05-23 14:30:34.073000+03:00,sensor_1,-56,0,0,0
2026-05-23 14:30:36.986000+03:00,sensor_4,-59,0,0,0
2026-05-23 14:30:39.323000+03:00,sensor_2,-54,0,0,0
2026-05-23 14:30:41.093000+03:00,sensor_3,-56,0,0,0
2026-05-23 14:30:41.297000+03:00,sensor_1,-56,0,0,0
2026-05-23 14:30:44.108000+03:00,sensor_4,-61,0,0,0
2026-05-23 14:30:46.497000+03:00,sensor_2,-56,0,0,0
2026-05-23 14:30:48.155000+03:00,sensor_3,-56,0,0,0
2026-05-23 14:30:48.409000+03:00,sensor_1,-55,0,0,0
2026-05-23 14:30:51.321000+03:00,sensor_4,-57,0,0,0
2026-05-23 14:30:53.608000+03:00,sensor_2,-54,0,0,0
2026-05-23 14:30:55.278000+03:00,sensor_3,-59,0,0,0
2026-05-23 14:30:55.631000+03:00,sensor_1,-56,0,0,0
2026-05-23 14:30:58.383000+03:00,sensor_4,-60,0,0,0
2026-05-23 14:31:00.821000+03:00,sensor_2,-54,0,0,0
2026-05-23 14:31:02.489000+03:00,sensor_3,-57,0,0,0
2026-05-23 14:31:02.691000+03:00,sensor_1,-55,0,0,0
2026-05-23 14:31:05.815000+03:00,sensor_4,-59,0,0,0
2026-05-23 14:31:07.942000+03:00,sensor_2,-54,0,0,0
2026-05-23 14:31:09.712000+03:00,sensor_3,-55,0,0,0
2026-05-23 14:31:09.764000+03:00,sensor_1,-55,0,0,0
2026-05-23 14:31:13.088000+03:00,sensor_4,-59,0,0,0
2026-05-23 14:31:15.214000+03:00,sensor_2,-54,0,0,0
2026-05-23 14:31:16.827000+03:00,sensor_1,-55,0,0,0
2026-05-23 14:31:16.935000+03:00,sensor_3,-56,0,0,0
2026-05-23 14:31:20.600000+03:00,sensor_4,-60,0,0,0
2026-05-23 14:31:22.377000+03:00,sensor_2,-54,0,0,0
2026-05-23 14:31:24.049000+03:00,sensor_1,-56,0,0,0
2026-05-23 14:31:24.256000+03:00,sensor_3,-56,0,0,0
2026-05-23 14:31:27.731000+03:00,sensor_4,-59,0,0,0
2026-05-23 14:31:29.549000+03:00,sensor_2,-54,0,0,0
2026-05-23 14:31:31.221000+03:00,sensor_1,-56,0,0,0
2026-05-23 14:31:31.469000+03:00,sensor_3,-56,0,0,0
2026-05-23 14:31:34.953000+03:00,sensor_4,-59,0,0,0
2026-05-23 14:31:36.662000+03:00,sensor_2,-52,0,0,0
2026-05-23 14:31:38.334000+03:00,sensor_1,-56,0,0,0
2026-05-23 14:31:38.531000+03:00,sensor_3,-56,0,0,0
2026-05-23 14:31:42.116000+03:00,sensor_4,-62,0,0,0
2026-05-23 14:31:43.786000+03:00,sensor_2,-56,0,0,0
2026-05-23 14:31:45.447000+03:00,sensor_1,-54,0,0,0
2026-05-23 14:31:45.654000+03:00,sensor_3,-55,0,0,0
2026-05-23 14:31:49.387000+03:00,sensor_4,-58,0,0,0
2026-05-23 14:31:50.998000+03:00,sensor_2,-55,0,0,0
2026-05-23 14:31:52.718000+03:00,sensor_1,-57,0,0,0
2026-05-23 14:31:52.877000+03:00,sensor_3,-59,0,0,0
2026-05-23 14:31:56.440000+03:00,sensor_4,-59,0,0,0
2026-05-23 14:31:58.058000+03:00,sensor_2,-54,0,0,0
2026-05-23 14:31:59.830000+03:00,sensor_1,-56,0,0,0
2026-05-23 14:31:59.988000+03:00,sensor_3,-57,0,0,0
2026-05-23 14:32:03.672000+03:00,sensor_4,-59,0,0,0
2026-05-23 14:32:05.180000+03:00,sensor_2,-53,0,0,0
2026-05-23 14:32:06.903000+03:00,sensor_1,-56,0,0,0
2026-05-23 14:32:07.110000+03:00,sensor_3,-56,0,0,0
2026-05-23 14:32:10.885000+03:00,sensor_4,-62,0,0,0
2026-05-23 14:32:12.404000+03:00,sensor_2,-53,0,0,0
2026-05-23 14:32:14.076000+03:00,sensor_1,-57,0,0,0
2026-05-23 14:32:14.271000+03:00,sensor_3,-55,0,0,0
2026-05-23 14:32:18.107000+03:00,sensor_4,-58,0,0,0
2026-05-23 14:32:19.517000+03:00,sensor_2,-53,0,0,0
2026-05-23 14:32:21.129000+03:00,sensor_1,-55,0,0,0
2026-05-23 14:32:21.394000+03:00,sensor_3,-55,0,0,0
2026-05-23 14:32:25.322000+03:00,sensor_4,-57,0,0,0
2026-05-23 14:32:26.691000+03:00,sensor_2,-55,0,0,0
2026-05-23 14:32:28.212000+03:00,sensor_1,-55,0,0,0
2026-05-23 14:32:30.095000+03:00,sensor_3,-59,0,0,0
2026-05-23 14:32:32.857000+03:00,sensor_4,-62,0,0,0
2026-05-23 14:32:33.897000+03:00,sensor_2,-61,0,0,0
2026-05-23 14:32:35.374000+03:00,sensor_1,-56,0,0,0
2026-05-23 14:32:37.208000+03:00,sensor_3,-63,0,0,0
2026-05-23 14:32:39.960000+03:00,sensor_4,-60,0,0,0
2026-05-23 14:32:40.972000+03:00,sensor_2,-58,0,0,0
2026-05-23 14:32:42.587000+03:00,sensor_1,-56,0,0,0
2026-05-23 14:32:44.281000+03:00,sensor_3,-61,0,0,0
2026-05-23 14:32:47.036000+03:00,sensor_4,-60,0,0,0
2026-05-23 14:32:48.237000+03:00,sensor_2,-53,0,0,0
2026-05-23 14:32:49.759000+03:00,sensor_1,-55,0,0,0
2026-05-23 14:32:51.353000+03:00,sensor_3,-56,0,0,0
2026-05-23 14:32:54.201000+03:00,sensor_4,-61,0,0,0
2026-05-23 14:32:55.361000+03:00,sensor_2,-54,0,0,0
2026-05-23 14:32:56.873000+03:00,sensor_1,-55,0,0,0
2026-05-23 14:32:58.716000+03:00,sensor_3,-58,0,0,0
2026-05-23 14:33:01.267000+03:00,sensor_4,-61,0,0,0
2026-05-23 14:33:02.585000+03:00,sensor_2,-59,0,0,0
2026-05-23 14:33:03.994000+03:00,sensor_1,-59,0,0,0
2026-05-23 14:33:05.789000+03:00,sensor_3,-57,0,0,0
2026-05-23 14:33:08.390000+03:00,sensor_4,-60,0,0,0
2026-05-23 14:33:09.750000+03:00,sensor_2,-53,0,0,0
2026-05-23 14:33:11.215000+03:00,sensor_1,-59,0,0,0
2026-05-23 14:33:12.951000+03:00,sensor_3,-56,0,0,0
2026-05-23 14:33:15.607000+03:00,sensor_4,-62,0,0,0
2026-05-23 14:33:16.814000+03:00,sensor_2,-52,0,0,0
2026-05-23 14:33:18.377000+03:00,sensor_1,-57,0,0,0
2026-05-23 14:33:20.072000+03:00,sensor_3,-57,0,0,0
2026-05-23 14:33:22.721000+03:00,sensor_4,-61,0,0,0
2026-05-23 14:33:23.978000+03:00,sensor_2,-54,0,0,0
2026-05-23 14:33:25.499000+03:00,sensor_1,-57,0,0,0
2026-05-23 14:33:27.183000+03:00,sensor_3,-57,0,0,0
2026-05-23 14:33:29.945000+03:00,sensor_4,-61,0,0,0
2026-05-23 14:33:31.203000+03:00,sensor_2,-54,0,0,0
2026-05-23 14:33:32.610000+03:00,sensor_1,-59,0,0,0
2026-05-23 14:33:34.406000+03:00,sensor_3,-57,0,0,0
2026-05-23 14:33:36.999000+03:00,sensor_4,-59,0,0,0
2026-05-23 14:33:38.417000+03:00,sensor_2,-55,0,0,0
2026-05-23 14:33:39.673000+03:00,sensor_1,-57,0,0,0
2026-05-23 14:33:41.577000+03:00,sensor_3,-57,0,0,0
2026-05-23 14:33:44.124000+03:00,sensor_4,-59,0,0,0
2026-05-23 14:33:45.482000+03:00,sensor_2,-55,0,0,0
2026-05-23 14:33:46.746000+03:00,sensor_1,-57,0,0,0
2026-05-23 14:33:48.791000+03:00,sensor_3,-57,0,0,0
2026-05-23 14:33:51.349000+03:00,sensor_4,-61,0,0,0
2026-05-23 14:33:52.567000+03:00,sensor_2,-55,0,0,0
2026-05-23 14:33:53.916000+03:00,sensor_1,-56,0,0,0
2026-05-23 14:33:55.852000+03:00,sensor_3,-57,0,0,0
2026-05-23 14:33:58.463000+03:00,sensor_4,-60,0,0,0
2026-05-23 14:33:59.822000+03:00,sensor_2,-55,0,0,0
2026-05-23 14:34:01.276000+03:00,sensor_1,-59,0,0,0
2026-05-23 14:34:02.922000+03:00,sensor_3,-57,0,0,0
2026-05-23 14:34:05.627000+03:00,sensor_4,-62,0,0,0
2026-05-23 14:34:06.895000+03:00,sensor_2,-55,0,0,0
2026-05-23 14:34:08.449000+03:00,sensor_1,-58,0,0,0
2026-05-23 14:34:10.095000+03:00,sensor_3,-57,0,0,0
2026-05-23 14:34:13.114000+03:00,sensor_4,-59,0,0,0
2026-05-23 14:34:14.463000+03:00,sensor_2,-54,0,0,0
2026-05-23 14:34:16.034000+03:00,sensor_1,-57,0,0,0
2026-05-23 14:34:17.517000+03:00,sensor_3,-57,0,0,0
2026-05-23 14:34:20.783000+03:00,sensor_4,-59,0,0,0
2026-05-23 14:34:21.941000+03:00,sensor_2,-55,0,0,0
2026-05-23 14:34:23.095000+03:00,sensor_1,-59,0,0,0
2026-05-23 14:34:25.092000+03:00,sensor_3,-57,0,0,0
2026-05-23 14:34:28.301000+03:00,sensor_4,-62,0,0,0
2026-05-23 14:34:29.319000+03:00,sensor_2,-54,0,0,0
2026-05-23 14:34:30.571000+03:00,sensor_1,-57,0,0,0
2026-05-23 14:34:32.538000+03:00,sensor_3,-57,0,0,0
2026-05-23 14:34:36.676000+03:00,sensor_2,-55,0,0,0
2026-05-23 14:34:37.944000+03:00,sensor_1,-58,0,0,0
2026-05-23 14:34:39.740000+03:00,sensor_3,-56,0,0,0
2026-05-23 14:34:39.875000+03:00,sensor_4,-62,0,0,0
2026-05-23 14:34:44.165000+03:00,sensor_2,-52,0,0,0
2026-05-23 14:34:45.369000+03:00,sensor_1,-59,0,0,0
2026-05-23 14:34:47.164000+03:00,sensor_3,-57,0,0,0
2026-05-23 14:34:47.558000+03:00,sensor_4,-59,0,0,0
2026-05-23 14:34:51.533000+03:00,sensor_2,-55,0,0,0
2026-05-23 14:34:52.540000+03:00,sensor_1,-59,0,0,0
2026-05-23 14:34:54.637000+03:00,sensor_3,-57,0,0,0
2026-05-23 14:34:55.085000+03:00,sensor_4,-60,0,0,0
2026-05-23 14:34:59.062000+03:00,sensor_2,-53,0,0,0
2026-05-23 14:35:00.114000+03:00,sensor_1,-58,0,0,0
2026-05-23 14:35:02.111000+03:00,sensor_3,-57,0,0,0
2026-05-23 14:35:03.323000+03:00,sensor_4,-62,0,0,0
2026-05-23 14:35:06.489000+03:00,sensor_2,-54,0,0,0
2026-05-23 14:35:07.537000+03:00,sensor_1,-58,0,0,0
2026-05-23 14:35:09.495000+03:00,sensor_3,-57,0,0,0
2026-05-23 14:35:10.701000+03:00,sensor_4,-61,0,0,0
2026-05-23 14:35:13.967000+03:00,sensor_2,-54,0,0,0
2026-05-23 14:35:15.209000+03:00,sensor_1,-59,0,0,0
2026-05-23 14:35:16.867000+03:00,sensor_3,-57,0,0,0
2026-05-23 14:35:17.883000+03:00,sensor_4,-62,0,0,0
2026-05-23 14:35:21.335000+03:00,sensor_2,-54,0,0,0
2026-05-23 14:35:22.694000+03:00,sensor_1,-59,0,0,0
2026-05-23 14:35:24.340000+03:00,sensor_3,-57,0,0,0
2026-05-23 14:35:25.341000+03:00,sensor_4,-59,0,0,0
2026-05-23 14:35:28.803000+03:00,sensor_2,-55,0,0,0
2026-05-23 14:35:30.121000+03:00,sensor_1,-57,0,0,0
2026-05-23 14:35:31.914000+03:00,sensor_3,-57,0,0,0
2026-05-23 14:35:32.820000+03:00,sensor_4,-59,0,0,0
2026-05-23 14:35:36.382000+03:00,sensor_2,-52,0,0,0
2026-05-23 14:35:37.597000+03:00,sensor_1,-58,0,0,0
2026-05-23 14:35:39.388000+03:00,sensor_3,-57,0,0,0
2026-05-23 14:35:40.198000+03:00,sensor_4,-60,0,0,0
2026-05-23 14:35:44.720000+03:00,sensor_2,-52,0,0,0
2026-05-23 14:35:45.274000+03:00,sensor_1,-58,0,0,0
2026-05-23 14:35:46.861000+03:00,sensor_3,-57,0,0,0
2026-05-23 14:35:47.564000+03:00,sensor_4,-59,0,0,0
2026-05-23 14:35:52.209000+03:00,sensor_2,-52,0,0,0
2026-05-23 14:35:52.792000+03:00,sensor_1,-58,0,0,0
2026-05-23 14:35:54.384000+03:00,sensor_3,-57,0,0,0
2026-05-23 14:35:55.041000+03:00,sensor_4,-60,0,0,0
2026-05-23 14:35:59.735000+03:00,sensor_2,-54,0,0,0
2026-05-23 14:35:59.977000+03:00,sensor_1,-57,0,0,0
2026-05-23 14:36:01.555000+03:00,sensor_3,-57,0,0,0
2026-05-23 14:36:02.508000+03:00,sensor_4,-59,0,0,0
2026-05-23 14:36:07.104000+03:00,sensor_2,-52,0,0,0
2026-05-23 14:36:07.494000+03:00,sensor_1,-57,0,0,0
2026-05-23 14:36:09.090000+03:00,sensor_3,-57,0,0,0
2026-05-23 14:36:09.894000+03:00,sensor_4,-59,0,0,0
2026-05-23 14:36:14.582000+03:00,sensor_2,-54,0,0,0
2026-05-23 14:36:15.133000+03:00,sensor_1,-59,0,0,0
2026-05-23 14:36:16.552000+03:00,sensor_3,-57,0,0,0
2026-05-23 14:36:17.262000+03:00,sensor_4,-61,0,0,0
2026-05-23 14:36:22.161000+03:00,sensor_2,-55,0,0,0
2026-05-23 14:36:22.691000+03:00,sensor_1,-56,0,0,0
2026-05-23 14:36:24.039000+03:00,sensor_3,-57,0,0,0
2026-05-23 14:36:24.477000+03:00,sensor_4,-59,0,0,0
2026-05-23 14:36:29.215000+03:00,sensor_2,-54,0,0,0
2026-05-23 14:36:30.178000+03:00,sensor_1,-58,0,0,0
2026-05-23 14:36:31.252000+03:00,sensor_3,-56,0,0,0
2026-05-23 14:36:31.601000+03:00,sensor_4,-62,0,0,0
2026-05-23 14:36:36.291000+03:00,sensor_2,-54,0,0,0
2026-05-23 14:36:37.805000+03:00,sensor_1,-59,0,0,0
2026-05-23 14:36:38.656000+03:00,sensor_4,-59,0,0,0
2026-05-23 14:36:38.936000+03:00,sensor_3,-57,0,0,0
2026-05-23 14:36:43.458000+03:00,sensor_2,-54,0,0,0
2026-05-23 14:36:44.969000+03:00,sensor_1,-58,0,0,0
2026-05-23 14:36:46.158000+03:00,sensor_3,-57,0,0,0
2026-05-23 14:36:50.231000+03:00,sensor_4,-60,0,0,0
2026-05-23 14:36:50.513000+03:00,sensor_2,-54,0,0,0
2026-05-23 14:36:52.193000+03:00,sensor_1,-59,0,0,0
2026-05-23 14:36:53.311000+03:00,sensor_3,-57,0,0,0
2026-05-23 14:36:57.637000+03:00,sensor_2,-54,0,0,0
2026-05-23 14:36:57.757000+03:00,sensor_4,-59,0,0,0
2026-05-23 14:36:59.308000+03:00,sensor_1,-56,0,0,0
2026-05-23 14:37:00.695000+03:00,sensor_3,-57,0,0,0
2026-05-23 14:37:04.862000+03:00,sensor_2,-54,0,0,0
2026-05-23 14:37:05.033000+03:00,sensor_4,-59,0,0,0
2026-05-23 14:37:06.433000+03:00,sensor_1,-57,0,0,0
2026-05-23 14:37:07.757000+03:00,sensor_3,-57,0,0,0
2026-05-23 14:37:11.915000+03:00,sensor_2,-52,0,0,0
2026-05-23 14:37:12.208000+03:00,sensor_4,-59,0,0,0
2026-05-23 14:37:14.150000+03:00,sensor_1,-89,1,1,1
2026-05-23 14:37:15.179000+03:00,sensor_3,-69,1,1,1
2026-05-23 14:37:19.189000+03:00,sensor_2,-82,1,1,1
2026-05-23 14:37:19.623000+03:00,sensor_4,-94,1,1,1
2026-05-23 14:37:21.939000+03:00,sensor_1,-82,1,1,1
2026-05-23 14:37:22.552000+03:00,sensor_3,-67,1,1,1
2026-05-23 14:37:26.465000+03:00,sensor_2,-80,1,1,1
2026-05-23 14:37:26.898000+03:00,sensor_4,-90,1,1,1
2026-05-23 14:37:29.413000+03:00,sensor_1,-83,1,1,1
2026-05-23 14:37:29.974000+03:00,sensor_3,-68,1,1,1
2026-05-23 14:37:33.781000+03:00,sensor_2,-80,1,1,1
2026-05-23 14:37:34.263000+03:00,sensor_4,-89,1,1,1
2026-05-23 14:37:36.739000+03:00,sensor_1,-89,1,1,1
2026-05-23 14:37:37.558000+03:00,sensor_3,-69,1,1,1
2026-05-23 14:37:41.094000+03:00,sensor_2,-81,1,1,1
2026-05-23 14:37:41.628000+03:00,sensor_4,-93,1,1,1
2026-05-23 14:37:44.417000+03:00,sensor_1,-85,1,1,1
2026-05-23 14:37:45.233000+03:00,sensor_3,-67,1,1,1
2026-05-23 14:37:48.479000+03:00,sensor_2,-77,1,1,1
2026-05-23 14:37:48.903000+03:00,sensor_4,-87,1,1,1
2026-05-23 14:37:51.682000+03:00,sensor_1,-84,1,1,1
2026-05-23 14:37:52.918000+03:00,sensor_3,-67,1,1,1
2026-05-23 14:37:55.794000+03:00,sensor_2,-77,1,1,1
2026-05-23 14:37:56.178000+03:00,sensor_4,-89,1,1,1
2026-05-23 14:37:59.311000+03:00,sensor_1,-84,1,1,1
2026-05-23 14:38:00.594000+03:00,sensor_3,-67,1,1,1
2026-05-23 14:38:03.169000+03:00,sensor_2,-78,1,1,1
2026-05-23 14:38:03.493000+03:00,sensor_4,-91,1,1,1
2026-05-23 14:38:06.624000+03:00,sensor_1,-95,1,1,1
2026-05-23 14:38:07.916000+03:00,sensor_3,-69,1,1,1
2026-05-23 14:38:10.442000+03:00,sensor_2,-53,0,0,0
2026-05-23 14:38:10.719000+03:00,sensor_4,-59,0,0,0
2026-05-23 14:38:13.750000+03:00,sensor_1,-56,0,0,0
2026-05-23 14:38:15.391000+03:00,sensor_3,-56,0,0,0
2026-05-23 14:38:17.557000+03:00,sensor_2,-54,0,0,0
2026-05-23 14:38:17.844000+03:00,sensor_4,-58,0,0,0
2026-05-23 14:38:21.327000+03:00,sensor_1,-58,0,0,0
2026-05-23 14:38:22.615000+03:00,sensor_3,-56,0,0,0
2026-05-23 14:38:24.682000+03:00,sensor_2,-55,0,0,0
2026-05-23 14:38:25.060000+03:00,sensor_4,-59,0,0,0
2026-05-23 14:38:28.551000+03:00,sensor_1,-56,0,0,0
2026-05-23 14:38:29.727000+03:00,sensor_3,-56,0,0,0
2026-05-23 14:38:32.225000+03:00,sensor_4,-59,0,0,0
2026-05-23 14:38:32.258000+03:00,sensor_2,-53,0,0,0
2026-05-23 14:38:35.876000+03:00,sensor_1,-56,0,0,0
2026-05-23 14:38:37.152000+03:00,sensor_3,-57,0,0,0
2026-05-23 14:38:39.340000+03:00,sensor_4,-60,0,0,0
2026-05-23 14:38:39.473000+03:00,sensor_2,-54,0,0,0
2026-05-23 14:38:43.394000+03:00,sensor_1,-59,0,0,0
2026-05-23 14:38:44.575000+03:00,sensor_3,-57,0,0,0
2026-05-23 14:38:46.538000+03:00,sensor_2,-52,0,0,0
2026-05-23 14:38:47.215000+03:00,sensor_4,-63,0,0,0
2026-05-23 14:38:50.518000+03:00,sensor_1,-58,0,0,0
2026-05-23 14:38:51.799000+03:00,sensor_3,-57,0,0,0
2026-05-23 14:38:54.117000+03:00,sensor_2,-54,0,0,0
2026-05-23 14:38:54.339000+03:00,sensor_4,-60,0,0,0
2026-05-23 14:38:57.794000+03:00,sensor_1,-56,0,0,0
2026-05-23 14:38:58.911000+03:00,sensor_3,-57,0,0,0
2026-05-23 14:39:01.182000+03:00,sensor_2,-52,0,0,0
2026-05-23 14:39:01.465000+03:00,sensor_4,-62,0,0,0
2026-05-23 14:39:05.312000+03:00,sensor_1,-59,0,0,0
2026-05-23 14:39:06.135000+03:00,sensor_3,-57,0,0,0
2026-05-23 14:39:08.257000+03:00,sensor_2,-54,0,0,0
2026-05-23 14:39:08.580000+03:00,sensor_4,-61,0,0,0
2026-05-23 14:39:12.427000+03:00,sensor_1,-56,0,0,0
2026-05-23 14:39:13.357000+03:00,sensor_3,-56,0,0,0
2026-05-23 14:39:15.423000+03:00,sensor_2,-54,0,0,0
2026-05-23 14:39:15.745000+03:00,sensor_4,-59,0,0,0
2026-05-23 14:39:19.602000+03:00,sensor_1,-56,0,0,0
2026-05-23 14:39:20.569000+03:00,sensor_3,-56,0,0,0
2026-05-23 14:39:22.840000+03:00,sensor_2,-54,0,0,0
2026-05-23 14:39:22.859000+03:00,sensor_4,-59,0,0,0
2026-05-23 14:39:27.019000+03:00,sensor_1,-58,0,0,0
2026-05-23 14:39:27.632000+03:00,sensor_3,-57,0,0,0
2026-05-23 14:39:30.054000+03:00,sensor_2,-55,0,0,0
2026-05-23 14:39:30.085000+03:00,sensor_4,-60,0,0,0
2026-05-23 14:39:34.546000+03:00,sensor_1,-56,0,0,0
2026-05-23 14:39:34.754000+03:00,sensor_3,-57,0,0,0
2026-05-23 14:39:37.130000+03:00,sensor_2,-55,0,0,0
2026-05-23 14:39:37.149000+03:00,sensor_4,-62,0,0,0
2026-05-23 14:39:41.721000+03:00,sensor_1,-56,0,0,0
2026-05-23 14:39:41.966000+03:00,sensor_3,-57,0,0,0
2026-05-23 14:39:44.293000+03:00,sensor_2,-55,0,0,0
2026-05-23 14:39:44.324000+03:00,sensor_4,-62,0,0,0
2026-05-23 14:39:48.936000+03:00,sensor_1,-58,0,0,0
2026-05-23 14:39:49.088000+03:00,sensor_3,-57,0,0,0
2026-05-23 14:39:51.479000+03:00,sensor_4,-59,0,0,0
2026-05-23 14:39:51.819000+03:00,sensor_2,-55,0,0,0
2026-05-23 14:39:56+03:00,sensor_1,-58,0,0,0
2026-05-23 14:39:56.211000+03:00,sensor_3,-57,0,0,0
2026-05-23 14:39:58.654000+03:00,sensor_4,-59,0,0,0
2026-05-23 14:39:59.033000+03:00,sensor_2,-54,0,0,0
2026-05-23 14:40:03.114000+03:00,sensor_1,-56,0,0,0
2026-05-23 14:40:03.273000+03:00,sensor_3,-58,0,0,0
2026-05-23 14:40:05.709000+03:00,sensor_4,-59,0,0,0
2026-05-23 14:40:06.108000+03:00,sensor_2,-54,0,0,0
2026-05-23 14:40:10.588000+03:00,sensor_1,-70,2,1,1
2026-05-23 14:40:10.958000+03:00,sensor_3,-76,2,1,1
2026-05-23 14:40:12.974000+03:00,sensor_4,-77,2,1,1
2026-05-23 14:40:13.373000+03:00,sensor_2,-74,2,1,1
2026-05-23 14:40:18.012000+03:00,sensor_1,-69,2,1,1
2026-05-23 14:40:18.730000+03:00,sensor_3,-74,2,1,1
2026-05-23 14:40:20.409000+03:00,sensor_4,-76,2,1,1
2026-05-23 14:40:20.638000+03:00,sensor_2,-70,2,1,1
2026-05-23 14:40:25.338000+03:00,sensor_1,-70,2,1,1
2026-05-23 14:40:26.404000+03:00,sensor_3,-74,2,1,1
2026-05-23 14:40:27.784000+03:00,sensor_4,-79,2,1,1
2026-05-23 14:40:28.024000+03:00,sensor_2,-72,2,1,1
2026-05-23 14:40:32.653000+03:00,sensor_1,-70,2,1,1
2026-05-23 14:40:34.090000+03:00,sensor_3,-74,2,1,1
2026-05-23 14:40:35.157000+03:00,sensor_4,-77,2,1,1
2026-05-23 14:40:35.337000+03:00,sensor_2,-69,2,1,1
2026-05-23 14:40:40.029000+03:00,sensor_1,-69,2,1,1
2026-05-23 14:40:41.764000+03:00,sensor_3,-75,2,1,1
2026-05-23 14:40:42.631000+03:00,sensor_4,-77,2,1,1
2026-05-23 14:40:42.841000+03:00,sensor_2,-70,2,1,1
2026-05-23 14:40:47.555000+03:00,sensor_1,-74,2,1,1
2026-05-23 14:40:49.551000+03:00,sensor_3,-76,2,1,1
2026-05-23 14:40:50.207000+03:00,sensor_4,-77,2,1,1
2026-05-23 14:40:50.286000+03:00,sensor_2,-71,2,1,1
2026-05-23 14:40:55.030000+03:00,sensor_1,-71,2,1,1
2026-05-23 14:40:57.335000+03:00,sensor_3,-74,2,1,1
2026-05-23 14:40:57.761000+03:00,sensor_2,-72,2,1,1
2026-05-23 14:40:57.791000+03:00,sensor_4,-77,2,1,1
2026-05-23 14:41:02.506000+03:00,sensor_1,-72,2,1,1
2026-05-23 14:41:04.808000+03:00,sensor_3,-74,2,1,1
2026-05-23 14:41:05.096000+03:00,sensor_4,-76,2,1,1
2026-05-23 14:41:05.136000+03:00,sensor_2,-72,2,1,1
2026-05-23 14:41:09.729000+03:00,sensor_1,-59,0,0,0
2026-05-23 14:41:12.193000+03:00,sensor_3,-57,0,0,0
2026-05-23 14:41:12.410000+03:00,sensor_2,-54,0,0,0
2026-05-23 14:41:12.740000+03:00,sensor_4,-62,0,0,0
2026-05-23 14:41:16.954000+03:00,sensor_1,-56,0,0,0
2026-05-23 14:41:19.624000+03:00,sensor_2,-54,0,0,0
2026-05-23 14:41:19.767000+03:00,sensor_3,-57,0,0,0
2026-05-23 14:41:19.955000+03:00,sensor_4,-61,0,0,0
2026-05-23 14:41:24.061000+03:00,sensor_1,-59,0,0,0
2026-05-23 14:41:26.849000+03:00,sensor_2,-54,0,0,0
2026-05-23 14:41:26.939000+03:00,sensor_3,-57,0,0,0
2026-05-23 14:41:27.120000+03:00,sensor_4,-59,0,0,0
2026-05-23 14:41:31.698000+03:00,sensor_1,-56,0,0,0
2026-05-23 14:41:33.975000+03:00,sensor_2,-54,0,0,0
2026-05-23 14:41:34.195000+03:00,sensor_4,-62,0,0,0
2026-05-23 14:41:34.563000+03:00,sensor_3,-57,0,0,0
2026-05-23 14:41:39.072000+03:00,sensor_1,-59,0,0,0
2026-05-23 14:41:41.029000+03:00,sensor_2,-54,0,0,0
2026-05-23 14:41:42.247000+03:00,sensor_3,-57,0,0,0
2026-05-23 14:41:45.770000+03:00,sensor_4,-61,0,0,0
2026-05-23 14:41:46.336000+03:00,sensor_1,-58,0,0,0
2026-05-23 14:41:48.352000+03:00,sensor_2,-53,0,0,0
2026-05-23 14:41:49.662000+03:00,sensor_3,-58,0,0,0
2026-05-23 14:41:53.511000+03:00,sensor_1,-55,0,0,0
2026-05-23 14:41:53.856000+03:00,sensor_4,-60,0,0,0
2026-05-23 14:41:55.929000+03:00,sensor_2,-55,0,0,0
2026-05-23 14:41:57.197000+03:00,sensor_3,-55,0,0,0
2026-05-23 14:42:01.070000+03:00,sensor_4,-60,0,0,0
2026-05-23 14:42:01.188000+03:00,sensor_1,-57,0,0,0
2026-05-23 14:42:03.103000+03:00,sensor_2,-55,0,0,0
2026-05-23 14:42:04.308000+03:00,sensor_3,-56,0,0,0
2026-05-23 14:42:08.234000+03:00,sensor_4,-59,0,0,0
2026-05-23 14:42:08.463000+03:00,sensor_1,-59,0,0,0
2026-05-23 14:42:10.367000+03:00,sensor_2,-55,0,0,0
2026-05-23 14:42:11.631000+03:00,sensor_3,-57,0,0,0
2026-05-23 14:42:15.460000+03:00,sensor_4,-59,0,0,0
2026-05-23 14:42:15.568000+03:00,sensor_1,-57,0,0,0
2026-05-23 14:42:17.533000+03:00,sensor_2,-55,0,0,0
2026-05-23 14:42:18.843000+03:00,sensor_3,-56,0,0,0
2026-05-23 14:42:22.792000+03:00,sensor_1,-57,0,0,0
2026-05-23 14:42:22.985000+03:00,sensor_4,-62,0,0,0
2026-05-23 14:42:24.808000+03:00,sensor_2,-54,0,0,0
2026-05-23 14:42:26.067000+03:00,sensor_3,-57,0,0,0
2026-05-23 14:42:30.067000+03:00,sensor_1,-56,0,0,0
2026-05-23 14:42:30.259000+03:00,sensor_4,-61,0,0,0
2026-05-23 14:42:31.975000+03:00,sensor_2,-54,0,0,0
2026-05-23 14:42:33.300000+03:00,sensor_3,-57,0,0,0
2026-05-23 14:42:37.231000+03:00,sensor_1,-56,0,0,0
2026-05-23 14:42:37.425000+03:00,sensor_4,-62,0,0,0
2026-05-23 14:42:39.191000+03:00,sensor_2,-52,0,0,0
2026-05-23 14:42:40.511000+03:00,sensor_3,-57,0,0,0
2026-05-23 14:42:44.446000+03:00,sensor_1,-59,0,0,0
2026-05-23 14:42:44.540000+03:00,sensor_4,-62,0,0,0
2026-05-23 14:42:46.414000+03:00,sensor_2,-54,0,0,0
2026-05-23 14:42:47.673000+03:00,sensor_3,-57,0,0,0
2026-05-23 14:42:51.620000+03:00,sensor_1,-59,0,0,0
2026-05-23 14:42:51.755000+03:00,sensor_4,-59,0,0,0
2026-05-23 14:42:53.630000+03:00,sensor_2,-54,0,0,0
2026-05-23 14:42:54.844000+03:00,sensor_3,-57,0,0,0
2026-05-23 14:42:58.786000+03:00,sensor_1,-58,0,0,0
2026-05-23 14:42:59.029000+03:00,sensor_4,-62,0,0,0
2026-05-23 14:43:00.855000+03:00,sensor_2,-54,0,0,0
2026-05-23 14:43:02.016000+03:00,sensor_3,-57,0,0,0
2026-05-23 14:43:06.110000+03:00,sensor_1,-59,0,0,0
2026-05-23 14:43:06.256000+03:00,sensor_4,-62,0,0,0
2026-05-23 14:43:08.120000+03:00,sensor_2,-54,0,0,0
2026-05-23 14:43:09.429000+03:00,sensor_3,-80,3,1,1
2026-05-23 14:43:13.620000+03:00,sensor_4,-79,3,1,1
2026-05-23 14:43:13.984000+03:00,sensor_1,-70,3,1,1
2026-05-23 14:43:15.595000+03:00,sensor_2,-71,3,1,1
2026-05-23 14:43:16.752000+03:00,sensor_3,-78,3,1,1
2026-05-23 14:43:21.345000+03:00,sensor_4,-76,3,1,1
2026-05-23 14:43:21.469000+03:00,sensor_1,-69,3,1,1
2026-05-23 14:43:23.012000+03:00,sensor_2,-68,3,1,1
2026-05-23 14:43:24.234000+03:00,sensor_3,-80,3,1,1
2026-05-23 14:43:28.721000+03:00,sensor_4,-76,3,1,1
2026-05-23 14:43:28.834000+03:00,sensor_1,-69,3,1,1
2026-05-23 14:43:30.287000+03:00,sensor_2,-66,3,1,1
2026-05-23 14:43:31.807000+03:00,sensor_3,-77,3,1,1
2026-05-23 14:43:36.094000+03:00,sensor_4,-75,3,1,1
2026-05-23 14:43:36.309000+03:00,sensor_1,-70,3,1,1
2026-05-23 14:43:37.611000+03:00,sensor_2,-66,3,1,1
2026-05-23 14:43:39.139000+03:00,sensor_3,-76,3,1,1
2026-05-23 14:43:43.520000+03:00,sensor_4,-76,3,1,1
2026-05-23 14:43:44.094000+03:00,sensor_1,-69,3,1,1
2026-05-23 14:43:45.087000+03:00,sensor_2,-66,3,1,1
2026-05-23 14:43:46.392000+03:00,sensor_3,-77,3,1,1
2026-05-23 14:43:50.985000+03:00,sensor_4,-77,3,1,1
2026-05-23 14:43:51.418000+03:00,sensor_1,-71,3,1,1
2026-05-23 14:43:52.461000+03:00,sensor_2,-67,3,1,1
2026-05-23 14:43:53.664000+03:00,sensor_3,-79,3,1,1
2026-05-23 14:43:58.520000+03:00,sensor_4,-77,3,1,1
2026-05-23 14:43:58.942000+03:00,sensor_1,-69,3,1,1
2026-05-23 14:43:59.776000+03:00,sensor_2,-69,3,1,1
2026-05-23 14:44:01.097000+03:00,sensor_3,-78,3,1,1
2026-05-23 14:44:05.895000+03:00,sensor_4,-79,3,1,1
2026-05-23 14:44:06.267000+03:00,sensor_1,-71,3,1,1
2026-05-23 14:44:07+03:00,sensor_2,-54,3,1,1
2026-05-23 14:44:08.211000+03:00,sensor_3,-57,0,0,0
2026-05-23 14:44:13.272000+03:00,sensor_4,-59,0,0,0
2026-05-23 14:44:13.491000+03:00,sensor_1,-56,0,0,0
2026-05-23 14:44:14.176000+03:00,sensor_2,-55,0,0,0
2026-05-23 14:44:15.393000+03:00,sensor_3,-55,0,0,0
2026-05-23 14:44:20.436000+03:00,sensor_4,-59,0,0,0
2026-05-23 14:44:20.655000+03:00,sensor_1,-56,0,0,0
2026-05-23 14:44:21.340000+03:00,sensor_2,-54,0,0,0
2026-05-23 14:44:27.660000+03:00,sensor_4,-61,0,0,0
2026-05-23 14:44:27.670000+03:00,sensor_3,-55,0,0,0
2026-05-23 14:44:27.770000+03:00,sensor_1,-55,0,0,0
2026-05-23 14:44:28.456000+03:00,sensor_2,-54,0,0,0
2026-05-23 14:44:34.715000+03:00,sensor_4,-60,0,0,0
2026-05-23 14:44:34.895000+03:00,sensor_1,-59,0,0,0
2026-05-23 14:44:35.521000+03:00,sensor_2,-54,0,0,0
2026-05-23 14:44:35.604000+03:00,sensor_3,-57,0,0,0
2026-05-23 14:44:41.790000+03:00,sensor_4,-62,0,0,0
2026-05-23 14:44:42.109000+03:00,sensor_1,-59,0,0,0
2026-05-23 14:44:42.825000+03:00,sensor_3,-55,0,0,0
2026-05-23 14:44:42.998000+03:00,sensor_2,-52,0,0,0
2026-05-23 14:44:48.956000+03:00,sensor_4,-59,0,0,0
2026-05-23 14:44:49.224000+03:00,sensor_1,-59,0,0,0
2026-05-23 14:44:50.048000+03:00,sensor_3,-57,0,0,0
2026-05-23 14:44:50.213000+03:00,sensor_2,-54,0,0,0
2026-05-23 14:44:56.122000+03:00,sensor_4,-61,0,0,0
2026-05-23 14:44:56.498000+03:00,sensor_1,-56,0,0,0
2026-05-23 14:44:57.170000+03:00,sensor_3,-56,0,0,0
2026-05-23 14:44:57.427000+03:00,sensor_2,-52,0,0,0
2026-05-23 14:45:03.298000+03:00,sensor_4,-61,0,0,0
2026-05-23 14:45:03.714000+03:00,sensor_1,-56,0,0,0
2026-05-23 14:45:04.383000+03:00,sensor_3,-57,0,0,0
2026-05-23 14:45:04.652000+03:00,sensor_2,-53,0,0,0
2026-05-23 14:45:10.462000+03:00,sensor_4,-59,0,0,0
2026-05-23 14:45:10.888000+03:00,sensor_1,-57,0,0,0
2026-05-23 14:45:11.498000+03:00,sensor_3,-57,0,0,0
2026-05-23 14:45:11.866000+03:00,sensor_2,-54,0,0,0
2026-05-23 14:45:17.676000+03:00,sensor_4,-62,0,0,0
2026-05-23 14:45:18.476000+03:00,sensor_1,-59,0,0,0
2026-05-23 14:45:18.922000+03:00,sensor_3,-57,0,0,0
2026-05-23 14:45:19.191000+03:00,sensor_2,-54,0,0,0
2026-05-23 14:45:24.951000+03:00,sensor_4,-59,0,0,0
2026-05-23 14:45:25.790000+03:00,sensor_1,-59,0,0,0
2026-05-23 14:45:26.037000+03:00,sensor_3,-57,0,0,0
2026-05-23 14:45:26.465000+03:00,sensor_2,-54,0,0,0
2026-05-23 14:45:33.202000+03:00,sensor_3,-57,0,0,0
2026-05-23 14:45:33.364000+03:00,sensor_1,-56,0,0,0
2026-05-23 14:45:33.840000+03:00,sensor_2,-54,0,0,0
2026-05-23 14:45:38.778000+03:00,sensor_4,-62,0,0,0
2026-05-23 14:45:40.628000+03:00,sensor_1,-59,0,0,0
2026-05-23 14:45:41.136000+03:00,sensor_3,-57,0,0,0
2026-05-23 14:45:41.316000+03:00,sensor_2,-55,0,0,0
2026-05-23 14:45:46.042000+03:00,sensor_4,-61,0,0,0
2026-05-23 14:45:48.581000+03:00,sensor_2,-54,0,0,0
2026-05-23 14:45:52.204000+03:00,sensor_1,-59,0,0,0
2026-05-23 14:45:52.710000+03:00,sensor_3,-57,0,0,0
2026-05-23 14:45:53.417000+03:00,sensor_4,-61,0,0,0
2026-05-23 14:45:55.855000+03:00,sensor_2,-54,0,0,0
2026-05-23 14:45:59.777000+03:00,sensor_1,-56,0,0,0
2026-05-23 14:46:00.398000+03:00,sensor_3,-57,0,0,0
2026-05-23 14:46:00.631000+03:00,sensor_4,-61,0,0,0
2026-05-23 14:46:03.071000+03:00,sensor_2,-54,0,0,0
2026-05-23 14:46:06.992000+03:00,sensor_1,-59,0,0,0
2026-05-23 14:46:07.694000+03:00,sensor_4,-61,0,0,0
2026-05-23 14:46:07.875000+03:00,sensor_3,-57,0,0,0
2026-05-23 14:46:10.295000+03:00,sensor_2,-54,0,0,0
2026-05-23 14:46:14.517000+03:00,sensor_1,-72,4,1,1
2026-05-23 14:46:15.018000+03:00,sensor_4,-74,4,1,1
2026-05-23 14:46:15.853000+03:00,sensor_3,-80,4,1,1
2026-05-23 14:46:17.709000+03:00,sensor_2,-85,4,1,1
2026-05-23 14:46:21.891000+03:00,sensor_1,-72,4,1,1
2026-05-23 14:46:22.702000+03:00,sensor_4,-76,4,1,1
2026-05-23 14:46:23.538000+03:00,sensor_3,-81,4,1,1
2026-05-23 14:46:25.236000+03:00,sensor_2,-78,4,1,1
2026-05-23 14:46:29.620000+03:00,sensor_1,-73,4,1,1
2026-05-23 14:46:30.037000+03:00,sensor_4,-76,4,1,1
2026-05-23 14:46:31.012000+03:00,sensor_3,-81,4,1,1
2026-05-23 14:46:32.711000+03:00,sensor_2,-84,4,1,1
2026-05-23 14:46:36.994000+03:00,sensor_1,-75,4,1,1
2026-05-23 14:46:37.342000+03:00,sensor_4,-77,4,1,1
2026-05-23 14:46:38.899000+03:00,sensor_3,-77,4,1,1
2026-05-23 14:46:40.037000+03:00,sensor_2,-76,4,1,1
2026-05-23 14:46:44.420000+03:00,sensor_1,-75,4,1,1
2026-05-23 14:46:44.717000+03:00,sensor_4,-80,4,1,1
2026-05-23 14:46:46.264000+03:00,sensor_3,-79,4,1,1
2026-05-23 14:46:47.361000+03:00,sensor_2,-76,4,1,1
2026-05-23 14:46:51.795000+03:00,sensor_1,-76,4,1,1
2026-05-23 14:46:52.131000+03:00,sensor_4,-78,4,1,1
2026-05-23 14:46:53.688000+03:00,sensor_3,-78,4,1,1
2026-05-23 14:46:54.676000+03:00,sensor_2,-79,4,1,1
2026-05-23 14:46:59.415000+03:00,sensor_4,-77,4,1,1
2026-05-23 14:47:00.973000+03:00,sensor_3,-79,4,1,1
2026-05-23 14:47:02.001000+03:00,sensor_2,-74,4,1,1
2026-05-23 14:47:08.338000+03:00,sensor_3,-83,4,1,1
2026-05-23 14:47:09.115000+03:00,sensor_2,-54,0,0,0
2026-05-23 14:47:10.744000+03:00,sensor_1,-59,0,0,0
2026-05-23 14:47:15.815000+03:00,sensor_3,-57,0,0,0
2026-05-23 14:47:16.341000+03:00,sensor_2,-54,0,0,0
2026-05-23 14:47:18.268000+03:00,sensor_1,-59,0,0,0
2026-05-23 14:47:18.402000+03:00,sensor_4,-60,0,0,0
2026-05-23 14:47:22.990000+03:00,sensor_3,-56,0,0,0
2026-05-23 14:47:23.460000+03:00,sensor_2,-54,0,0,0
2026-05-23 14:47:25.332000+03:00,sensor_1,-58,0,0,0
2026-05-23 14:47:26.298000+03:00,sensor_4,-59,0,0,0
2026-05-23 14:47:30.507000+03:00,sensor_3,-57,0,0,0
2026-05-23 14:47:30.573000+03:00,sensor_2,-54,0,0,0
2026-05-23 14:47:32.508000+03:00,sensor_1,-59,0,0,0
2026-05-23 14:47:33.512000+03:00,sensor_4,-59,0,0,0
2026-05-23 14:47:37.732000+03:00,sensor_3,-57,0,0,0
2026-05-23 14:47:37.789000+03:00,sensor_2,-54,0,0,0
2026-05-23 14:47:39.673000+03:00,sensor_1,-56,0,0,0
2026-05-23 14:47:40.836000+03:00,sensor_4,-60,0,0,0
2026-05-23 14:47:44.964000+03:00,sensor_2,-54,0,0,0
2026-05-23 14:47:45.310000+03:00,sensor_3,-57,0,0,0
2026-05-23 14:47:46.896000+03:00,sensor_1,-59,0,0,0
2026-05-23 14:47:48.252000+03:00,sensor_4,-60,0,0,0
2026-05-23 14:47:52.129000+03:00,sensor_2,-54,0,0,0
2026-05-23 14:47:52.888000+03:00,sensor_3,-57,0,0,0
2026-05-23 14:47:54.060000+03:00,sensor_1,-56,0,0,0
2026-05-23 14:47:55.386000+03:00,sensor_4,-61,0,0,0
2026-05-23 14:47:59.194000+03:00,sensor_2,-54,0,0,0
2026-05-23 14:48:00.054000+03:00,sensor_3,-57,0,0,0
2026-05-23 14:48:01.174000+03:00,sensor_1,-59,0,0,0
2026-05-23 14:48:02.590000+03:00,sensor_4,-59,0,0,0
2026-05-23 14:48:06.428000+03:00,sensor_2,-54,0,0,0
2026-05-23 14:48:07.277000+03:00,sensor_3,-57,0,0,0
2026-05-23 14:48:08.349000+03:00,sensor_1,-57,0,0,0
2026-05-23 14:48:09.814000+03:00,sensor_4,-60,0,0,0
2026-05-23 14:48:14.492000+03:00,sensor_3,-57,0,0,0
2026-05-23 14:48:15.504000+03:00,sensor_1,-59,0,0,0
2026-05-23 14:48:20.235000+03:00,sensor_2,-55,0,0,0
2026-05-23 14:48:20.508000+03:00,sensor_4,-61,0,0,0
2026-05-23 14:48:21.707000+03:00,sensor_3,-57,0,0,0
2026-05-23 14:48:22.729000+03:00,sensor_1,-56,0,0,0
2026-05-23 14:48:27.409000+03:00,sensor_2,-53,0,0,0
2026-05-23 14:48:27.732000+03:00,sensor_4,-59,0,0,0
2026-05-23 14:48:29.395000+03:00,sensor_3,-57,0,0,0
2026-05-23 14:48:29.856000+03:00,sensor_1,-56,0,0,0
2026-05-23 14:48:34.573000+03:00,sensor_2,-54,0,0,0
2026-05-23 14:48:35.106000+03:00,sensor_4,-62,0,0,0
2026-05-23 14:48:37.070000+03:00,sensor_1,-58,0,0,0
2026-05-23 14:48:37.072000+03:00,sensor_3,-57,0,0,0
2026-05-23 14:48:41.850000+03:00,sensor_2,-54,0,0,0
2026-05-23 14:48:42.271000+03:00,sensor_4,-59,0,0,0
2026-05-23 14:48:44.288000+03:00,sensor_3,-57,0,0,0
2026-05-23 14:48:44.598000+03:00,sensor_1,-56,0,0,0
2026-05-23 14:48:49.013000+03:00,sensor_2,-55,0,0,0
2026-05-23 14:48:49.496000+03:00,sensor_4,-60,0,0,0
2026-05-23 14:48:51.504000+03:00,sensor_3,-57,0,0,0
2026-05-23 14:48:51.713000+03:00,sensor_1,-57,0,0,0
2026-05-23 14:48:56.289000+03:00,sensor_2,-54,0,0,0
2026-05-23 14:48:56.710000+03:00,sensor_4,-62,0,0,0
2026-05-23 14:48:59.031000+03:00,sensor_3,-57,0,0,0
2026-05-23 14:48:59.231000+03:00,sensor_1,-59,0,0,0
2026-05-23 14:49:03.454000+03:00,sensor_2,-55,0,0,0
2026-05-23 14:49:03.886000+03:00,sensor_4,-60,0,0,0
2026-05-23 14:49:06.156000+03:00,sensor_3,-57,0,0,0
2026-05-23 14:49:06.306000+03:00,sensor_1,-57,0,0,0
2026-05-23 14:49:10.869000+03:00,sensor_2,-82,5,1,1
2026-05-23 14:49:11.352000+03:00,sensor_4,-76,5,1,1
2026-05-23 14:49:13.621000+03:00,sensor_3,-72,5,1,1
2026-05-23 14:49:13.670000+03:00,sensor_1,-72,5,1,1
2026-05-23 14:49:18.294000+03:00,sensor_2,-80,5,1,1
2026-05-23 14:49:18.767000+03:00,sensor_4,-76,5,1,1
2026-05-23 14:49:21.195000+03:00,sensor_1,-74,5,1,1
2026-05-23 14:49:25.616000+03:00,sensor_2,-87,5,1,1
2026-05-23 14:49:26.152000+03:00,sensor_4,-75,5,1,1
2026-05-23 14:49:28.670000+03:00,sensor_1,-67,5,1,1
2026-05-23 14:49:32.869000+03:00,sensor_3,-70,5,1,1
2026-05-23 14:49:33.041000+03:00,sensor_2,-92,5,1,1
2026-05-23 14:49:33.577000+03:00,sensor_4,-74,5,1,1
2026-05-23 14:49:35.995000+03:00,sensor_1,-70,5,1,1
2026-05-23 14:49:40.414000+03:00,sensor_2,-83,5,1,1
2026-05-23 14:49:40.760000+03:00,sensor_3,-71,5,1,1
2026-05-23 14:49:41.152000+03:00,sensor_4,-74,5,1,1
2026-05-23 14:49:43.825000+03:00,sensor_1,-71,5,1,1
2026-05-23 14:49:48.254000+03:00,sensor_2,-94,5,1,1
2026-05-23 14:49:48.576000+03:00,sensor_4,-75,5,1,1
2026-05-23 14:49:48.587000+03:00,sensor_3,-70,5,1,1
2026-05-23 14:49:51.250000+03:00,sensor_1,-72,5,1,1
2026-05-23 14:49:55.518000+03:00,sensor_2,-89,5,1,1
2026-05-23 14:49:55.900000+03:00,sensor_4,-76,5,1,1
2026-05-23 14:49:55.974000+03:00,sensor_3,-69,5,1,1
2026-05-23 14:49:58.724000+03:00,sensor_1,-71,5,1,1
2026-05-23 14:50:02.942000+03:00,sensor_2,-87,5,1,1
2026-05-23 14:50:03.265000+03:00,sensor_4,-78,5,1,1
2026-05-23 14:50:03.389000+03:00,sensor_3,-74,5,1,1
2026-05-23 14:50:06.050000+03:00,sensor_1,-71,5,1,1
2026-05-23 14:50:10.167000+03:00,sensor_2,-54,0,0,0
2026-05-23 14:50:10.500000+03:00,sensor_4,-59,0,0,0
2026-05-23 14:50:10.816000+03:00,sensor_3,-57,0,0,0
2026-05-23 14:50:13.265000+03:00,sensor_1,-58,0,0,0
2026-05-23 14:50:17.333000+03:00,sensor_2,-54,0,0,0
2026-05-23 14:50:17.891000+03:00,sensor_3,-56,0,0,0
2026-05-23 14:50:20.489000+03:00,sensor_1,-67,0,0,0
2026-05-23 14:50:22.074000+03:00,sensor_4,-63,0,0,0
2026-05-23 14:50:24.557000+03:00,sensor_2,-53,0,0,0
2026-05-23 14:50:27.307000+03:00,sensor_3,-57,0,0,0
2026-05-23 14:50:27.614000+03:00,sensor_1,-58,0,0,0
2026-05-23 14:50:29.695000+03:00,sensor_4,-60,0,0,0
2026-05-23 14:50:31.772000+03:00,sensor_2,-54,0,0,0
2026-05-23 14:50:34.632000+03:00,sensor_3,-56,0,0,0
2026-05-23 14:50:34.828000+03:00,sensor_1,-57,0,0,0
2026-05-23 14:50:36.959000+03:00,sensor_4,-59,0,0,0
2026-05-23 14:50:39.096000+03:00,sensor_2,-52,0,0,0
2026-05-23 14:50:41.747000+03:00,sensor_3,-57,0,0,0
2026-05-23 14:50:42.256000+03:00,sensor_1,-59,0,0,0
2026-05-23 14:50:44.073000+03:00,sensor_4,-59,0,0,0
2026-05-23 14:50:46.360000+03:00,sensor_2,-54,0,0,0
2026-05-23 14:50:48.912000+03:00,sensor_3,-57,0,0,0
2026-05-23 14:50:49.370000+03:00,sensor_1,-59,0,0,0
2026-05-23 14:50:51.248000+03:00,sensor_4,-61,0,0,0
2026-05-23 14:50:53.938000+03:00,sensor_2,-54,0,0,0
2026-05-23 14:50:56.078000+03:00,sensor_3,-57,0,0,0
2026-05-23 14:50:56.645000+03:00,sensor_1,-56,0,0,0
2026-05-23 14:50:58.413000+03:00,sensor_4,-59,0,0,0
2026-05-23 14:51:01.053000+03:00,sensor_2,-54,0,0,0
2026-05-23 14:51:03.203000+03:00,sensor_3,-58,0,0,0
2026-05-23 14:51:03.750000+03:00,sensor_1,-60,0,0,0
2026-05-23 14:51:05.638000+03:00,sensor_4,-59,0,0,0
2026-05-23 14:51:08.230000+03:00,sensor_2,-52,0,0,0
2026-05-23 14:51:10.367000+03:00,sensor_3,-57,0,0,0
2026-05-23 14:51:10.974000+03:00,sensor_1,-58,0,0,0
2026-05-23 14:51:12.903000+03:00,sensor_4,-59,0,0,0
2026-05-23 14:51:15.495000+03:00,sensor_2,-54,0,0,0
2026-05-23 14:51:18.089000+03:00,sensor_1,-56,0,0,0
2026-05-23 14:51:18.501000+03:00,sensor_3,-57,0,0,0
2026-05-23 14:51:20.178000+03:00,sensor_4,-59,0,0,0
2026-05-23 14:51:23.232000+03:00,sensor_2,-53,0,0,0
2026-05-23 14:51:25.524000+03:00,sensor_1,-57,0,0,0
2026-05-23 14:51:25.725000+03:00,sensor_3,-56,0,0,0
2026-05-23 14:51:27.443000+03:00,sensor_4,-62,0,0,0
2026-05-23 14:51:30.606000+03:00,sensor_2,-54,0,0,0
2026-05-23 14:51:32.728000+03:00,sensor_1,-57,0,0,0
2026-05-23 14:51:32.891000+03:00,sensor_3,-57,0,0,0
2026-05-23 14:51:34.717000+03:00,sensor_4,-62,0,0,0
2026-05-23 14:51:37.851000+03:00,sensor_2,-54,0,0,0
2026-05-23 14:51:39.855000+03:00,sensor_1,-59,0,0,0
2026-05-23 14:51:40.065000+03:00,sensor_3,-58,0,0,0
2026-05-23 14:51:42.192000+03:00,sensor_4,-62,0,0,0
2026-05-23 14:51:45.096000+03:00,sensor_2,-54,0,0,0
2026-05-23 14:51:47.018000+03:00,sensor_1,-59,0,0,0
2026-05-23 14:51:47.229000+03:00,sensor_3,-57,0,0,0
2026-05-23 14:51:52.250000+03:00,sensor_2,-54,0,0,0
2026-05-23 14:51:53.765000+03:00,sensor_4,-59,0,0,0
2026-05-23 14:51:54.132000+03:00,sensor_1,-59,0,0,0
2026-05-23 14:51:59.890000+03:00,sensor_2,-54,0,0,0
2026-05-23 14:52:00.956000+03:00,sensor_3,-57,0,0,0
2026-05-23 14:52:01.198000+03:00,sensor_1,-57,0,0,0
2026-05-23 14:52:01.286000+03:00,sensor_4,-59,0,0,0
2026-05-23 14:52:06.995000+03:00,sensor_2,-54,0,0,0
2026-05-23 14:52:08.070000+03:00,sensor_3,-57,0,0,0
2026-05-23 14:52:08.373000+03:00,sensor_1,-59,0,0,0
2026-05-23 14:52:08.401000+03:00,sensor_4,-61,0,0,0
2026-05-23 14:52:14.529000+03:00,sensor_2,-72,6,1,1
2026-05-23 14:52:15.594000+03:00,sensor_3,-80,6,1,1
2026-05-23 14:52:15.687000+03:00,sensor_1,-81,6,1,1
2026-05-23 14:52:15.974000+03:00,sensor_4,-74,6,1,1
2026-05-23 14:52:22.006000+03:00,sensor_2,-72,6,1,1
2026-05-23 14:52:22.910000+03:00,sensor_3,-78,6,1,1
2026-05-23 14:52:23.062000+03:00,sensor_1,-82,6,1,1
2026-05-23 14:52:23.510000+03:00,sensor_4,-81,6,1,1
2026-05-23 14:52:29.422000+03:00,sensor_2,-73,6,1,1
2026-05-23 14:52:30.285000+03:00,sensor_3,-81,6,1,1
2026-05-23 14:52:30.587000+03:00,sensor_1,-86,6,1,1
2026-05-23 14:52:30.824000+03:00,sensor_4,-75,6,1,1
2026-05-23 14:52:36.746000+03:00,sensor_2,-85,6,1,1
2026-05-23 14:52:37.660000+03:00,sensor_3,-74,6,1,1
2026-05-23 14:52:37.911000+03:00,sensor_1,-81,6,1,1
2026-05-23 14:52:38.199000+03:00,sensor_4,-75,6,1,1
2026-05-23 14:52:44.172000+03:00,sensor_2,-76,6,1,1
2026-05-23 14:52:44.945000+03:00,sensor_3,-73,6,1,1
2026-05-23 14:52:45.285000+03:00,sensor_1,-82,6,1,1
2026-05-23 14:52:45.573000+03:00,sensor_4,-81,6,1,1
2026-05-23 14:52:51.595000+03:00,sensor_2,-79,6,1,1
2026-05-23 14:52:52.350000+03:00,sensor_3,-72,6,1,1
2026-05-23 14:52:52.859000+03:00,sensor_1,-82,6,1,1
2026-05-23 14:52:53.146000+03:00,sensor_4,-77,6,1,1
2026-05-23 14:52:59.010000+03:00,sensor_2,-78,6,1,1
2026-05-23 14:52:59.825000+03:00,sensor_3,-73,6,1,1
2026-05-23 14:53:00.233000+03:00,sensor_1,-82,6,1,1
2026-05-23 14:53:00.522000+03:00,sensor_4,-76,6,1,1
2026-05-23 14:53:06.444000+03:00,sensor_2,-80,6,1,1
2026-05-23 14:53:07.101000+03:00,sensor_3,-57,0,0,0
2026-05-23 14:53:07.448000+03:00,sensor_1,-56,0,0,0
2026-05-23 14:53:07.796000+03:00,sensor_4,-62,0,0,0
2026-05-23 14:53:13.658000+03:00,sensor_2,-53,0,0,0
2026-05-23 14:53:14.276000+03:00,sensor_3,-57,0,0,0
2026-05-23 14:53:14.523000+03:00,sensor_1,-58,0,0,0
2026-05-23 14:53:15.072000+03:00,sensor_4,-60,0,0,0
2026-05-23 14:53:20.882000+03:00,sensor_2,-54,0,0,0
2026-05-23 14:53:21.399000+03:00,sensor_3,-56,0,0,0
2026-05-23 14:53:21.687000+03:00,sensor_1,-59,0,0,0
2026-05-23 14:53:22.287000+03:00,sensor_4,-62,0,0,0
2026-05-23 14:53:28.156000+03:00,sensor_2,-54,0,0,0
2026-05-23 14:53:28.655000+03:00,sensor_3,-56,0,0,0
2026-05-23 14:53:28.803000+03:00,sensor_1,-56,0,0,0
2026-05-23 14:53:29.511000+03:00,sensor_4,-60,0,0,0
2026-05-23 14:53:35.371000+03:00,sensor_2,-54,0,0,0
2026-05-23 14:53:35.780000+03:00,sensor_3,-57,0,0,0
2026-05-23 14:53:36.076000+03:00,sensor_1,-59,0,0,0
2026-05-23 14:53:36.725000+03:00,sensor_4,-61,0,0,0
2026-05-23 14:53:42.596000+03:00,sensor_2,-54,0,0,0
2026-05-23 14:53:42.995000+03:00,sensor_3,-57,0,0,0
2026-05-23 14:53:43.291000+03:00,sensor_1,-57,0,0,0
2026-05-23 14:53:43.889000+03:00,sensor_4,-59,0,0,0
2026-05-23 14:53:49.810000+03:00,sensor_2,-54,0,0,0
2026-05-23 14:53:50.320000+03:00,sensor_3,-56,0,0,0
2026-05-23 14:53:50.475000+03:00,sensor_1,-58,0,0,0
2026-05-23 14:53:51.113000+03:00,sensor_4,-62,0,0,0
2026-05-23 14:53:56.986000+03:00,sensor_2,-54,0,0,0
2026-05-23 14:53:57.593000+03:00,sensor_3,-57,0,0,0
2026-05-23 14:53:58.487000+03:00,sensor_4,-61,0,0,0
2026-05-23 14:54:04.150000+03:00,sensor_2,-54,0,0,0
2026-05-23 14:54:04.245000+03:00,sensor_1,-56,0,0,0
2026-05-23 14:54:04.859000+03:00,sensor_3,-57,0,0,0
2026-05-23 14:54:05.653000+03:00,sensor_4,-61,0,0,0
2026-05-23 14:54:11.351000+03:00,sensor_1,-59,0,0,0
2026-05-23 14:54:12.073000+03:00,sensor_3,-57,0,0,0
2026-05-23 14:54:12.867000+03:00,sensor_4,-62,0,0,0
2026-05-23 14:54:18.526000+03:00,sensor_1,-58,0,0,0
2026-05-23 14:54:18.938000+03:00,sensor_2,-54,0,0,0
2026-05-23 14:54:19.247000+03:00,sensor_3,-57,0,0,0
2026-05-23 14:54:20.093000+03:00,sensor_4,-59,0,0,0
2026-05-23 14:54:25.690000+03:00,sensor_1,-56,0,0,0
2026-05-23 14:54:26.062000+03:00,sensor_2,-54,0,0,0
2026-05-23 14:54:26.361000+03:00,sensor_3,-57,0,0,0
2026-05-23 14:54:27.368000+03:00,sensor_4,-60,0,0,0
2026-05-23 14:54:33.228000+03:00,sensor_2,-54,0,0,0
2026-05-23 14:54:33.477000+03:00,sensor_3,-56,0,0,0
2026-05-23 14:54:33.625000+03:00,sensor_1,-59,0,0,0
2026-05-23 14:54:34.532000+03:00,sensor_4,-59,0,0,0
2026-05-23 14:54:40.292000+03:00,sensor_2,-54,0,0,0
2026-05-23 14:54:40.800000+03:00,sensor_3,-57,0,0,0
2026-05-23 14:54:40.899000+03:00,sensor_1,-56,0,0,0
2026-05-23 14:54:41.747000+03:00,sensor_4,-62,0,0,0
2026-05-23 14:54:47.468000+03:00,sensor_2,-54,0,0,0
2026-05-23 14:54:47.915000+03:00,sensor_3,-57,0,0,0
2026-05-23 14:54:48.074000+03:00,sensor_1,-59,0,0,0
2026-05-23 14:54:48.971000+03:00,sensor_4,-60,0,0,0
2026-05-23 14:54:54.533000+03:00,sensor_2,-52,0,0,0
2026-05-23 14:54:56.245000+03:00,sensor_4,-61,0,0,0
2026-05-23 14:55:01.633000+03:00,sensor_3,-56,0,0,0
2026-05-23 14:55:01.733000+03:00,sensor_1,-59,0,0,0
2026-05-23 14:55:01.746000+03:00,sensor_2,-54,0,0,0
2026-05-23 14:55:03.509000+03:00,sensor_4,-62,0,0,0
2026-05-23 14:55:08.756000+03:00,sensor_3,-57,0,0,0
2026-05-23 14:55:08.870000+03:00,sensor_2,-54,0,0,0
2026-05-23 14:55:08.958000+03:00,sensor_1,-57,0,0,0
2026-05-23 14:55:10.934000+03:00,sensor_4,-78,7,1,1
2026-05-23 14:55:16.285000+03:00,sensor_2,-67,7,1,1
2026-05-23 14:55:16.432000+03:00,sensor_1,-75,7,1,1
2026-05-23 14:55:18.350000+03:00,sensor_4,-79,7,1,1
2026-05-23 14:55:24.278000+03:00,sensor_2,-66,7,1,1
2026-05-23 14:55:24.367000+03:00,sensor_1,-75,7,1,1
2026-05-23 14:55:25.674000+03:00,sensor_4,-78,7,1,1
2026-05-23 14:55:27.935000+03:00,sensor_3,-78,7,1,1
2026-05-23 14:55:31.593000+03:00,sensor_2,-68,7,1,1
2026-05-23 14:55:32.601000+03:00,sensor_1,-80,7,1,1
2026-05-23 14:55:33.050000+03:00,sensor_4,-76,7,1,1
2026-05-23 14:55:35.736000+03:00,sensor_3,-79,7,1,1
2026-05-23 14:55:39.018000+03:00,sensor_2,-67,7,1,1
2026-05-23 14:55:40.286000+03:00,sensor_1,-81,7,1,1
2026-05-23 14:55:40.474000+03:00,sensor_4,-76,7,1,1
2026-05-23 14:55:44.232000+03:00,sensor_3,-81,7,1,1
2026-05-23 14:55:46.343000+03:00,sensor_2,-68,7,1,1
2026-05-23 14:55:47.760000+03:00,sensor_1,-78,7,1,1
2026-05-23 14:55:47.949000+03:00,sensor_4,-74,7,1,1
2026-05-23 14:55:51.967000+03:00,sensor_3,-79,7,1,1
2026-05-23 14:55:53.659000+03:00,sensor_2,-71,7,1,1
2026-05-23 14:55:55.233000+03:00,sensor_1,-77,7,1,1
2026-05-23 14:55:55.365000+03:00,sensor_4,-75,7,1,1
2026-05-23 14:55:59.332000+03:00,sensor_3,-77,7,1,1
2026-05-23 14:56:01.084000+03:00,sensor_2,-68,7,1,1
2026-05-23 14:56:02.547000+03:00,sensor_1,-79,7,1,1
2026-05-23 14:56:02.649000+03:00,sensor_4,-76,7,1,1
2026-05-23 14:56:06.817000+03:00,sensor_3,-80,7,1,1
2026-05-23 14:56:08.308000+03:00,sensor_2,-54,0,0,0
2026-05-23 14:56:09.713000+03:00,sensor_4,-62,0,0,0
2026-05-23 14:56:09.782000+03:00,sensor_1,-59,0,0,0
2026-05-23 14:56:13.932000+03:00,sensor_3,-57,0,0,0
2026-05-23 14:56:15.523000+03:00,sensor_2,-54,0,0,0
2026-05-23 14:56:16.768000+03:00,sensor_4,-59,0,0,0
2026-05-23 14:56:17.056000+03:00,sensor_1,-59,0,0,0
2026-05-23 14:56:21.147000+03:00,sensor_3,-57,0,0,0
2026-05-23 14:56:22.747000+03:00,sensor_2,-54,0,0,0
2026-05-23 14:56:23.945000+03:00,sensor_4,-60,0,0,0
2026-05-23 14:56:24.220000+03:00,sensor_1,-57,0,0,0
2026-05-23 14:56:28.270000+03:00,sensor_3,-57,0,0,0
2026-05-23 14:56:29.964000+03:00,sensor_2,-54,0,0,0
2026-05-23 14:56:31.170000+03:00,sensor_4,-58,0,0,0
2026-05-23 14:56:31.386000+03:00,sensor_1,-57,0,0,0
2026-05-23 14:56:35.486000+03:00,sensor_3,-57,0,0,0
2026-05-23 14:56:37.188000+03:00,sensor_2,-54,0,0,0
2026-05-23 14:56:38.385000+03:00,sensor_4,-59,0,0,0
2026-05-23 14:56:38.612000+03:00,sensor_1,-58,0,0,0
2026-05-23 14:56:42.762000+03:00,sensor_3,-58,0,0,0
2026-05-23 14:56:44.462000+03:00,sensor_2,-54,0,0,0
2026-05-23 14:56:45.600000+03:00,sensor_4,-62,0,0,0
2026-05-23 14:56:45.777000+03:00,sensor_1,-59,0,0,0
2026-05-23 14:56:49.877000+03:00,sensor_3,-57,0,0,0
2026-05-23 14:56:51.566000+03:00,sensor_2,-53,0,0,0
2026-05-23 14:56:52.724000+03:00,sensor_4,-59,0,0,0
2026-05-23 14:56:52.942000+03:00,sensor_1,-58,0,0,0
2026-05-23 14:56:57.091000+03:00,sensor_3,-57,0,0,0
2026-05-23 14:56:58.692000+03:00,sensor_2,-54,0,0,0
2026-05-23 14:56:59.890000+03:00,sensor_4,-59,0,0,0
2026-05-23 14:57:00.116000+03:00,sensor_1,-59,0,0,0
2026-05-23 14:57:04.216000+03:00,sensor_3,-57,0,0,0
2026-05-23 14:57:05.957000+03:00,sensor_2,-53,0,0,0
2026-05-23 14:57:06.955000+03:00,sensor_4,-59,0,0,0
2026-05-23 14:57:07.232000+03:00,sensor_1,-57,0,0,0
2026-05-23 14:57:11.431000+03:00,sensor_3,-57,0,0,0
2026-05-23 14:57:13.130000+03:00,sensor_2,-54,0,0,0
2026-05-23 14:57:14.169000+03:00,sensor_4,-62,0,0,0
2026-05-23 14:57:14.396000+03:00,sensor_1,-56,0,0,0
2026-05-23 14:57:18.647000+03:00,sensor_3,-57,0,0,0
2026-05-23 14:57:20.345000+03:00,sensor_2,-53,0,0,0
2026-05-23 14:57:21.396000+03:00,sensor_4,-61,0,0,0
2026-05-23 14:57:21.560000+03:00,sensor_1,-57,0,0,0
2026-05-23 14:57:25.872000+03:00,sensor_3,-57,0,0,0
2026-05-23 14:57:27.569000+03:00,sensor_2,-54,0,0,0
2026-05-23 14:57:28.611000+03:00,sensor_4,-60,0,0,0
2026-05-23 14:57:29.085000+03:00,sensor_1,-56,0,0,0
2026-05-23 14:57:33.088000+03:00,sensor_3,-57,0,0,0
2026-05-23 14:57:34.732000+03:00,sensor_2,-51,0,0,0
2026-05-23 14:57:35.888000+03:00,sensor_4,-59,0,0,0
2026-05-23 14:57:36.369000+03:00,sensor_1,-59,0,0,0
2026-05-23 14:57:40.252000+03:00,sensor_3,-57,0,0,0
2026-05-23 14:57:41.846000+03:00,sensor_2,-53,0,0,0
2026-05-23 14:57:42.992000+03:00,sensor_4,-59,0,0,0
2026-05-23 14:57:43.525000+03:00,sensor_1,-58,0,0,0
2026-05-23 14:57:47.427000+03:00,sensor_3,-57,0,0,0
2026-05-23 14:57:48.972000+03:00,sensor_2,-53,0,0,0
2026-05-23 14:57:50.266000+03:00,sensor_4,-61,0,0,0
2026-05-23 14:57:54.584000+03:00,sensor_3,-57,0,0,0
2026-05-23 14:57:55.100000+03:00,sensor_1,-56,0,0,0
2026-05-23 14:57:56.238000+03:00,sensor_2,-53,0,0,0
2026-05-23 14:57:57.491000+03:00,sensor_4,-59,0,0,0
2026-05-23 14:58:01.660000+03:00,sensor_3,-57,0,0,0
2026-05-23 14:58:02.633000+03:00,sensor_1,-58,0,0,0
2026-05-23 14:58:03.353000+03:00,sensor_2,-54,0,0,0
2026-05-23 14:58:04.716000+03:00,sensor_4,-59,0,0,0
2026-05-23 14:58:08.875000+03:00,sensor_3,-56,0,0,0
2026-05-23 14:58:10.047000+03:00,sensor_1,-77,8,1,1
2026-05-23 14:58:10.676000+03:00,sensor_2,-72,8,1,1
2026-05-23 14:58:12.122000+03:00,sensor_4,-83,8,1,1
2026-05-23 14:58:16.189000+03:00,sensor_3,-75,8,1,1
2026-05-23 14:58:17.423000+03:00,sensor_1,-81,8,1,1
2026-05-23 14:58:17.992000+03:00,sensor_2,-72,8,1,1
2026-05-23 14:58:19.547000+03:00,sensor_4,-82,8,1,1
2026-05-23 14:58:23.676000+03:00,sensor_3,-76,8,1,1
2026-05-23 14:58:24.788000+03:00,sensor_1,-79,8,1,1
2026-05-23 14:58:25.367000+03:00,sensor_2,-71,8,1,1
2026-05-23 14:58:26.872000+03:00,sensor_4,-84,8,1,1
2026-05-23 14:58:31.091000+03:00,sensor_3,-73,8,1,1
2026-05-23 14:58:32.162000+03:00,sensor_1,-79,8,1,1
2026-05-23 14:58:32.691000+03:00,sensor_2,-72,8,1,1
2026-05-23 14:58:34.247000+03:00,sensor_4,-82,8,1,1
2026-05-23 14:58:38.576000+03:00,sensor_3,-74,8,1,1
2026-05-23 14:58:39.548000+03:00,sensor_1,-79,8,1,1
2026-05-23 14:58:40.007000+03:00,sensor_2,-70,8,1,1
2026-05-23 14:58:41.672000+03:00,sensor_4,-83,8,1,1
2026-05-23 14:58:45.700000+03:00,sensor_3,-75,8,1,1
2026-05-23 14:58:46.812000+03:00,sensor_1,-78,8,1,1
2026-05-23 14:58:47.440000+03:00,sensor_2,-72,8,1,1
2026-05-23 14:58:53.115000+03:00,sensor_3,-75,8,1,1
2026-05-23 14:58:54.137000+03:00,sensor_1,-78,8,1,1
2026-05-23 14:58:54.914000+03:00,sensor_2,-71,8,1,1
2026-05-23 14:59:00.589000+03:00,sensor_3,-75,8,1,1
2026-05-23 14:59:00.870000+03:00,sensor_4,-85,8,1,1
2026-05-23 14:59:02.122000+03:00,sensor_1,-77,8,1,1
2026-05-23 14:59:02.489000+03:00,sensor_2,-70,8,1,1
2026-05-23 14:59:07.813000+03:00,sensor_3,-56,0,0,0
2026-05-23 14:59:08.348000+03:00,sensor_4,-62,0,0,0
2026-05-23 14:59:09.347000+03:00,sensor_1,-59,0,0,0
2026-05-23 14:59:09.862000+03:00,sensor_2,-54,0,0,0
2026-05-23 14:59:15.078000+03:00,sensor_3,-57,0,0,0
2026-05-23 14:59:15.622000+03:00,sensor_4,-59,0,0,0
2026-05-23 14:59:16.462000+03:00,sensor_1,-57,0,0,0
2026-05-23 14:59:17.138000+03:00,sensor_2,-52,0,0,0
2026-05-23 14:59:22.243000+03:00,sensor_3,-56,0,0,0
2026-05-23 14:59:23.837000+03:00,sensor_1,-59,0,0,0
2026-05-23 14:59:24.403000+03:00,sensor_2,-54,0,0,0
2026-05-23 14:59:27.195000+03:00,sensor_4,-61,0,0,0
2026-05-23 14:59:29.318000+03:00,sensor_3,-55,0,0,0
2026-05-23 14:59:31.520000+03:00,sensor_2,-53,0,0,0
2026-05-23 14:59:31.811000+03:00,sensor_1,-60,0,0,0
2026-05-23 14:59:34.712000+03:00,sensor_4,-60,0,0,0
2026-05-23 14:59:36.942000+03:00,sensor_3,-60,0,0,0
2026-05-23 14:59:38.684000+03:00,sensor_2,-53,0,0,0
2026-05-23 14:59:39.085000+03:00,sensor_1,-56,0,0,0
2026-05-23 14:59:41.887000+03:00,sensor_4,-59,0,0,0
2026-05-23 14:59:44.217000+03:00,sensor_3,-56,0,0,0
2026-05-23 14:59:45.869000+03:00,sensor_2,-54,0,0,0
2026-05-23 14:59:46.359000+03:00,sensor_1,-56,0,0,0
2026-05-23 14:59:49.101000+03:00,sensor_4,-61,0,0,0
2026-05-23 14:59:51.433000+03:00,sensor_3,-59,0,0,0
2026-05-23 14:59:53.023000+03:00,sensor_2,-53,0,0,0
2026-05-23 14:59:53.734000+03:00,sensor_1,-59,0,0,0
2026-05-23 14:59:56.226000+03:00,sensor_4,-56,0,0,0
2026-05-23 14:59:58.499000+03:00,sensor_3,-60,0,0,0
2026-05-23 15:00:00.299000+03:00,sensor_2,-55,0,0,0
2026-05-23 15:00:01.209000+03:00,sensor_1,-58,0,0,0
2026-05-23 15:00:03.481000+03:00,sensor_4,-62,0,0,0
2026-05-23 15:00:05.612000+03:00,sensor_3,-56,0,0,0
2026-05-23 15:00:07.463000+03:00,sensor_2,-53,0,0,0
2026-05-23 15:00:08.422000+03:00,sensor_1,-58,0,0,0
2026-05-23 15:00:10.706000+03:00,sensor_4,-62,0,0,0
2026-05-23 15:00:12.826000+03:00,sensor_3,-57,0,0,0
2026-05-23 15:00:14.788000+03:00,sensor_2,-54,0,0,0
2026-05-23 15:00:18.079000+03:00,sensor_4,-59,0,0,0
2026-05-23 15:00:19.386000+03:00,sensor_1,-56,0,0,0
2026-05-23 15:00:19.891000+03:00,sensor_3,-57,0,0,0
2026-05-23 15:00:22.061000+03:00,sensor_2,-53,0,0,0
2026-05-23 15:00:25.353000+03:00,sensor_4,-61,0,0,0
2026-05-23 15:00:26.451000+03:00,sensor_1,-56,0,0,0
2026-05-23 15:00:26.967000+03:00,sensor_3,-57,0,0,0
2026-05-23 15:00:29.325000+03:00,sensor_2,-54,0,0,0
2026-05-23 15:00:32.627000+03:00,sensor_4,-60,0,0,0
2026-05-23 15:00:33.617000+03:00,sensor_1,-58,0,0,0
2026-05-23 15:00:34.890000+03:00,sensor_3,-57,0,0,0
2026-05-23 15:00:36.599000+03:00,sensor_2,-54,0,0,0
2026-05-23 15:00:39.842000+03:00,sensor_4,-59,0,0,0
2026-05-23 15:00:40.693000+03:00,sensor_1,-57,0,0,0
2026-05-23 15:00:42.174000+03:00,sensor_3,-57,0,0,0
2026-05-23 15:00:43.764000+03:00,sensor_2,-54,0,0,0
2026-05-23 15:00:46.957000+03:00,sensor_4,-59,0,0,0
2026-05-23 15:00:49.440000+03:00,sensor_3,-57,0,0,0
2026-05-23 15:00:50.979000+03:00,sensor_2,-53,0,0,0
2026-05-23 15:00:54.232000+03:00,sensor_4,-59,0,0,0
2026-05-23 15:00:54.357000+03:00,sensor_1,-58,0,0,0
2026-05-23 15:00:56.714000+03:00,sensor_3,-55,0,0,0
2026-05-23 15:00:58.304000+03:00,sensor_2,-52,0,0,0
2026-05-23 15:01:01.356000+03:00,sensor_4,-59,0,0,0
2026-05-23 15:01:01.471000+03:00,sensor_1,-58,0,0,0
2026-05-23 15:01:03.928000+03:00,sensor_3,-57,0,0,0
2026-05-23 15:01:05.579000+03:00,sensor_2,-53,0,0,0
2026-05-23 15:01:08.411000+03:00,sensor_4,-60,0,0,0
2026-05-23 15:01:08.525000+03:00,sensor_1,-58,0,0,0
2026-05-23 15:01:10.993000+03:00,sensor_3,-57,0,0,0
2026-05-23 15:01:12.683000+03:00,sensor_2,-54,0,0,0
2026-05-23 15:01:15.535000+03:00,sensor_4,-61,0,0,0
2026-05-23 15:01:18.318000+03:00,sensor_3,-58,0,0,0
2026-05-23 15:01:19.957000+03:00,sensor_2,-52,0,0,0
2026-05-23 15:01:22.252000+03:00,sensor_1,-59,0,0,0
2026-05-23 15:01:23.209000+03:00,sensor_4,-59,0,0,0
2026-05-23 15:01:25.593000+03:00,sensor_3,-57,0,0,0
2026-05-23 15:01:27.181000+03:00,sensor_2,-54,0,0,0
2026-05-23 15:01:29.476000+03:00,sensor_1,-56,0,0,0
2026-05-23 15:01:30.485000+03:00,sensor_4,-62,0,0,0
2026-05-23 15:01:33.267000+03:00,sensor_3,-57,0,0,0
2026-05-23 15:01:34.456000+03:00,sensor_2,-54,0,0,0
2026-05-23 15:01:36.750000+03:00,sensor_1,-59,0,0,0
2026-05-23 15:01:37.749000+03:00,sensor_4,-59,0,0,0
2026-05-23 15:01:40.641000+03:00,sensor_3,-56,0,0,0
2026-05-23 15:01:41.831000+03:00,sensor_2,-54,0,0,0
2026-05-23 15:01:43.875000+03:00,sensor_1,-58,0,0,0
2026-05-23 15:01:45.234000+03:00,sensor_4,-59,0,0,0
2026-05-23 15:01:47.916000+03:00,sensor_3,-57,0,0,0
2026-05-23 15:01:49.205000+03:00,sensor_2,-54,0,0,0
2026-05-23 15:01:51.290000+03:00,sensor_1,-57,0,0,0
2026-05-23 15:01:52.599000+03:00,sensor_4,-59,0,0,0
2026-05-23 15:01:55.291000+03:00,sensor_3,-57,0,0,0
2026-05-23 15:01:56.469000+03:00,sensor_2,-53,0,0,0
2026-05-23 15:01:59.703000+03:00,sensor_4,-62,0,0,0
2026-05-23 15:02:02.665000+03:00,sensor_3,-57,0,0,0
2026-05-23 15:02:02.863000+03:00,sensor_1,-56,0,0,0
2026-05-23 15:02:03.685000+03:00,sensor_2,-54,0,0,0
2026-05-23 15:02:07.138000+03:00,sensor_4,-59,0,0,0
2026-05-23 15:02:09.870000+03:00,sensor_3,-57,0,0,0
2026-05-23 15:02:10.379000+03:00,sensor_1,-58,0,0,0
2026-05-23 15:02:10.811000+03:00,sensor_2,-54,0,0,0
2026-05-23 15:02:14.412000+03:00,sensor_4,-62,0,0,0
2026-05-23 15:02:16.944000+03:00,sensor_3,-57,0,0,0
2026-05-23 15:02:17.603000+03:00,sensor_1,-58,0,0,0
2026-05-23 15:02:18.025000+03:00,sensor_2,-53,0,0,0
2026-05-23 15:02:21.626000+03:00,sensor_4,-59,0,0,0
2026-05-23 15:02:24.827000+03:00,sensor_1,-58,0,0,0
2026-05-23 15:02:25.250000+03:00,sensor_2,-54,0,0,0
2026-05-23 15:02:29.251000+03:00,sensor_4,-60,0,0,0
2026-05-23 15:02:30.721000+03:00,sensor_3,-57,0,0,0
2026-05-23 15:02:32.041000+03:00,sensor_1,-56,0,0,0
2026-05-23 15:02:32.465000+03:00,sensor_2,-54,0,0,0
2026-05-23 15:02:39.217000+03:00,sensor_1,-59,0,0,0
2026-05-23 15:02:39.689000+03:00,sensor_2,-53,0,0,0
2026-05-23 15:02:42.648000+03:00,sensor_3,-58,0,0,0
2026-05-23 15:02:44.208000+03:00,sensor_4,-62,0,0,0
2026-05-23 15:02:46.421000+03:00,sensor_1,-57,0,0,0
2026-05-23 15:02:46.794000+03:00,sensor_2,-54,0,0,0
2026-05-23 15:02:50.178000+03:00,sensor_3,-56,0,0,0
2026-05-23 15:02:51.422000+03:00,sensor_4,-62,0,0,0
2026-05-23 15:02:53.960000+03:00,sensor_2,-52,0,0,0
2026-05-23 15:02:54.366000+03:00,sensor_1,-56,0,0,0
2026-05-23 15:02:57.443000+03:00,sensor_3,-57,0,0,0
2026-05-23 15:02:58.706000+03:00,sensor_4,-62,0,0,0
2026-05-23 15:03:01.135000+03:00,sensor_2,-54,0,0,0
2026-05-23 15:03:01.590000+03:00,sensor_1,-56,0,0,0
2026-05-23 15:03:04.607000+03:00,sensor_3,-55,0,0,0
2026-05-23 15:03:05.861000+03:00,sensor_4,-59,0,0,0
2026-05-23 15:03:08.459000+03:00,sensor_2,-53,0,0,0
2026-05-23 15:03:08.805000+03:00,sensor_1,-58,0,0,0
2026-05-23 15:03:11.981000+03:00,sensor_3,-57,0,0,0
2026-05-23 15:03:13.086000+03:00,sensor_4,-59,0,0,0
2026-05-23 15:03:15.623000+03:00,sensor_2,-54,0,0,0
2026-05-23 15:03:16.080000+03:00,sensor_1,-59,0,0,0
2026-05-23 15:03:19.157000+03:00,sensor_3,-57,0,0,0
2026-05-23 15:03:20.299000+03:00,sensor_4,-59,0,0,0
2026-05-23 15:03:22.898000+03:00,sensor_2,-54,0,0,0
2026-05-23 15:03:23.395000+03:00,sensor_1,-59,0,0,0
2026-05-23 15:03:26.422000+03:00,sensor_3,-56,0,0,0
2026-05-23 15:03:27.934000+03:00,sensor_4,-59,0,0,0
2026-05-23 15:03:30.114000+03:00,sensor_2,-54,0,0,0
2026-05-23 15:03:31.433000+03:00,sensor_1,-56,0,0,0
2026-05-23 15:03:33.696000+03:00,sensor_3,-57,0,0,0
2026-05-23 15:03:35.199000+03:00,sensor_4,-59,0,0,0
2026-05-23 15:03:37.178000+03:00,sensor_2,-54,0,0,0
2026-05-23 15:03:38.547000+03:00,sensor_1,-59,0,0,0
2026-05-23 15:03:40.921000+03:00,sensor_3,-57,0,0,0
2026-05-23 15:03:42.576000+03:00,sensor_4,-62,0,0,0
2026-05-23 15:03:44.602000+03:00,sensor_2,-53,0,0,0
2026-05-23 15:03:46.281000+03:00,sensor_1,-58,0,0,0
2026-05-23 15:03:48.236000+03:00,sensor_3,-55,0,0,0
2026-05-23 15:03:49.850000+03:00,sensor_4,-59,0,0,0
2026-05-23 15:03:51.827000+03:00,sensor_2,-54,0,0,0
2026-05-23 15:03:53.508000+03:00,sensor_1,-56,0,0,0
2026-05-23 15:03:55.453000+03:00,sensor_3,-57,0,0,0
2026-05-23 15:03:57.126000+03:00,sensor_4,-61,0,0,0
2026-05-23 15:03:58.992000+03:00,sensor_2,-54,0,0,0
2026-05-23 15:04:00.662000+03:00,sensor_1,-58,0,0,0
2026-05-23 15:04:02.777000+03:00,sensor_3,-55,0,0,0
2026-05-23 15:04:04.800000+03:00,sensor_4,-62,0,0,0
2026-05-23 15:04:06.316000+03:00,sensor_2,-54,0,0,0
2026-05-23 15:04:07.886000+03:00,sensor_1,-56,0,0,0
2026-05-23 15:04:09.993000+03:00,sensor_3,-57,0,0,0
2026-05-23 15:04:12.065000+03:00,sensor_4,-59,0,0,0
2026-05-23 15:04:13.580000+03:00,sensor_2,-53,0,0,0
2026-05-23 15:04:15.111000+03:00,sensor_1,-59,0,0,0
2026-05-23 15:04:17.217000+03:00,sensor_3,-57,0,0,0
2026-05-23 15:04:19.341000+03:00,sensor_4,-61,0,0,0
2026-05-23 15:04:20.805000+03:00,sensor_2,-54,0,0,0
2026-05-23 15:04:22.325000+03:00,sensor_1,-56,0,0,0
2026-05-23 15:04:24.481000+03:00,sensor_3,-56,0,0,0
2026-05-23 15:04:26.456000+03:00,sensor_4,-59,0,0,0
2026-05-23 15:04:27.859000+03:00,sensor_2,-54,0,0,0
2026-05-23 15:04:29.450000+03:00,sensor_1,-56,0,0,0
2026-05-23 15:04:31.667000+03:00,sensor_3,-57,0,0,0
2026-05-23 15:04:33.621000+03:00,sensor_4,-59,0,0,0
2026-05-23 15:04:34.983000+03:00,sensor_2,-53,0,0,0
2026-05-23 15:04:36.616000+03:00,sensor_1,-59,0,0,0
2026-05-23 15:04:38.872000+03:00,sensor_3,-56,0,0,0
2026-05-23 15:04:40.846000+03:00,sensor_4,-59,0,0,0
2026-05-23 15:04:42.199000+03:00,sensor_2,-54,0,0,0
2026-05-23 15:04:43.841000+03:00,sensor_1,-56,0,0,0
2026-05-23 15:04:46.087000+03:00,sensor_3,-57,0,0,0
2026-05-23 15:04:48.060000+03:00,sensor_4,-59,0,0,0
2026-05-23 15:04:49.365000+03:00,sensor_2,-54,0,0,0
2026-05-23 15:04:51.005000+03:00,sensor_1,-56,0,0,0
2026-05-23 15:04:53.311000+03:00,sensor_3,-56,0,0,0
2026-05-23 15:04:55.227000+03:00,sensor_4,-59,0,0,0
2026-05-23 15:04:56.700000+03:00,sensor_2,-54,0,0,0
2026-05-23 15:04:58.169000+03:00,sensor_1,-56,0,0,0
2026-05-23 15:05:00.637000+03:00,sensor_3,-56,0,0,0
2026-05-23 15:05:02.341000+03:00,sensor_4,-61,0,0,0
2026-05-23 15:05:03.964000+03:00,sensor_2,-53,0,0,0
2026-05-23 15:05:05.384000+03:00,sensor_1,-56,0,0,0
2026-05-23 15:05:07.850000+03:00,sensor_3,-57,0,0,0
2026-05-23 15:05:09.767000+03:00,sensor_4,-93,1,1,2
2026-05-23 15:05:11.381000+03:00,sensor_2,-87,1,1,2
2026-05-23 15:05:12.810000+03:00,sensor_1,-86,1,1,2
2026-05-23 15:05:14.925000+03:00,sensor_3,-69,1,1,2
2026-05-23 15:05:17.032000+03:00,sensor_4,-87,1,1,2
2026-05-23 15:05:18.765000+03:00,sensor_2,-86,1,1,2
2026-05-23 15:05:20.284000+03:00,sensor_1,-86,1,1,2
2026-05-23 15:05:22.239000+03:00,sensor_3,-73,1,1,2
2026-05-23 15:05:24.356000+03:00,sensor_4,-92,1,1,2
2026-05-23 15:05:26.130000+03:00,sensor_2,-88,1,1,2
2026-05-23 15:05:27.710000+03:00,sensor_1,-84,1,1,2
2026-05-23 15:05:29.554000+03:00,sensor_3,-70,1,1,2
2026-05-23 15:05:31.782000+03:00,sensor_4,-87,1,1,2
2026-05-23 15:05:33.654000+03:00,sensor_2,-83,1,1,2
2026-05-23 15:05:35.087000+03:00,sensor_1,-83,1,1,2
2026-05-23 15:05:36.980000+03:00,sensor_3,-68,1,1,2
2026-05-23 15:05:39.206000+03:00,sensor_4,-88,1,1,2
2026-05-23 15:05:41.079000+03:00,sensor_2,-83,1,1,2
2026-05-23 15:05:42.452000+03:00,sensor_1,-87,1,1,2
2026-05-23 15:05:44.293000+03:00,sensor_3,-67,1,1,2
2026-05-23 15:05:46.682000+03:00,sensor_4,-87,1,1,2
2026-05-23 15:05:48.503000+03:00,sensor_2,-85,1,1,2
2026-05-23 15:05:49.728000+03:00,sensor_1,-84,1,1,2
2026-05-23 15:05:51.667000+03:00,sensor_3,-73,1,1,2
2026-05-23 15:05:54.108000+03:00,sensor_4,-88,1,1,2
2026-05-23 15:05:55.917000+03:00,sensor_2,-83,1,1,2
2026-05-23 15:05:57.152000+03:00,sensor_1,-78,1,1,2
2026-05-23 15:05:58.753000+03:00,sensor_3,-67,1,1,2
2026-05-23 15:06:01.532000+03:00,sensor_4,-88,1,1,2
2026-05-23 15:06:03.303000+03:00,sensor_2,-84,1,1,2
2026-05-23 15:06:04.467000+03:00,sensor_1,-92,1,1,2
2026-05-23 15:06:06.167000+03:00,sensor_3,-72,1,1,2
2026-05-23 15:06:08.647000+03:00,sensor_4,-59,0,0,0
2026-05-23 15:06:10.528000+03:00,sensor_2,-54,0,0,0
2026-05-23 15:06:11.691000+03:00,sensor_1,-59,0,0,0
2026-05-23 15:06:13.443000+03:00,sensor_3,-57,0,0,0
2026-05-23 15:06:15.771000+03:00,sensor_4,-60,0,0,0
2026-05-23 15:06:17.743000+03:00,sensor_2,-53,0,0,0
2026-05-23 15:06:19.066000+03:00,sensor_1,-58,0,0,0
2026-05-23 15:06:20.559000+03:00,sensor_3,-55,0,0,0
2026-05-23 15:06:22.986000+03:00,sensor_4,-61,0,0,0
2026-05-23 15:06:25.067000+03:00,sensor_2,-52,0,0,0
2026-05-23 15:06:26.341000+03:00,sensor_1,-56,0,0,0
2026-05-23 15:06:27.673000+03:00,sensor_3,-56,0,0,0
2026-05-23 15:06:30.102000+03:00,sensor_4,-59,0,0,0
2026-05-23 15:06:32.342000+03:00,sensor_2,-52,0,0,0
2026-05-23 15:06:33.915000+03:00,sensor_1,-56,0,0,0
2026-05-23 15:06:34.888000+03:00,sensor_3,-57,0,0,0
2026-05-23 15:06:37.376000+03:00,sensor_4,-61,0,0,0
2026-05-23 15:06:39.608000+03:00,sensor_2,-54,0,0,0
2026-05-23 15:06:41.031000+03:00,sensor_1,-56,0,0,0
2026-05-23 15:06:42.722000+03:00,sensor_3,-57,0,0,0
2026-05-23 15:06:44.490000+03:00,sensor_4,-62,0,0,0
2026-05-23 15:06:46.822000+03:00,sensor_2,-54,0,0,0
2026-05-23 15:06:48.255000+03:00,sensor_1,-58,0,0,0
2026-05-23 15:06:50.253000+03:00,sensor_3,-57,0,0,0
2026-05-23 15:06:51.605000+03:00,sensor_4,-59,0,0,0
2026-05-23 15:06:53.886000+03:00,sensor_2,-54,0,0,0
2026-05-23 15:06:57.317000+03:00,sensor_3,-57,0,0,0
2026-05-23 15:06:59.289000+03:00,sensor_4,-59,0,0,0
2026-05-23 15:07:01.212000+03:00,sensor_2,-54,0,0,0
2026-05-23 15:07:01.971000+03:00,sensor_1,-56,0,0,0
2026-05-23 15:07:04.431000+03:00,sensor_3,-56,0,0,0
2026-05-23 15:07:06.563000+03:00,sensor_4,-61,0,0,0
2026-05-23 15:07:08.586000+03:00,sensor_2,-52,0,0,0
2026-05-23 15:07:09.246000+03:00,sensor_1,-59,0,0,0
2026-05-23 15:07:11.647000+03:00,sensor_3,-57,0,0,0
2026-05-23 15:07:13.726000+03:00,sensor_4,-62,0,0,0
2026-05-23 15:07:15.802000+03:00,sensor_2,-54,0,0,0
2026-05-23 15:07:16.412000+03:00,sensor_1,-59,0,0,0
2026-05-23 15:07:18.871000+03:00,sensor_3,-56,0,0,0
2026-05-23 15:07:20.941000+03:00,sensor_4,-61,0,0,0
2026-05-23 15:07:23.025000+03:00,sensor_2,-53,0,0,0
2026-05-23 15:07:23.528000+03:00,sensor_1,-57,0,0,0
2026-05-23 15:07:26.145000+03:00,sensor_3,-57,0,0,0
2026-05-23 15:07:28.166000+03:00,sensor_4,-60,0,0,0
2026-05-23 15:07:30.299000+03:00,sensor_2,-54,0,0,0
2026-05-23 15:07:30.744000+03:00,sensor_1,-56,0,0,0
2026-05-23 15:07:33.411000+03:00,sensor_3,-56,0,0,0
2026-05-23 15:07:35.381000+03:00,sensor_4,-60,0,0,0
2026-05-23 15:07:37.404000+03:00,sensor_2,-54,0,0,0
2026-05-23 15:07:37.960000+03:00,sensor_1,-56,0,0,0
2026-05-23 15:07:42.704000+03:00,sensor_4,-60,0,0,0
2026-05-23 15:07:44.481000+03:00,sensor_2,-54,0,0,0
2026-05-23 15:07:45.026000+03:00,sensor_1,-59,0,0,0
2026-05-23 15:07:47.138000+03:00,sensor_3,-57,0,0,0
2026-05-23 15:07:49.868000+03:00,sensor_4,-59,0,0,0
2026-05-23 15:07:51.705000+03:00,sensor_2,-54,0,0,0
2026-05-23 15:07:52.251000+03:00,sensor_1,-56,0,0,0
2026-05-23 15:07:54.252000+03:00,sensor_3,-57,0,0,0
2026-05-23 15:07:57.144000+03:00,sensor_4,-62,0,0,0
2026-05-23 15:07:58.919000+03:00,sensor_2,-54,0,0,0
2026-05-23 15:07:59.465000+03:00,sensor_1,-58,0,0,0
2026-05-23 15:08:01.478000+03:00,sensor_3,-57,0,0,0
2026-05-23 15:08:04.358000+03:00,sensor_4,-59,0,0,0
2026-05-23 15:08:06.134000+03:00,sensor_2,-54,0,0,0
2026-05-23 15:08:06.530000+03:00,sensor_1,-59,0,0,0
2026-05-23 15:08:08.694000+03:00,sensor_3,-57,0,0,0
2026-05-23 15:08:11.883000+03:00,sensor_4,-80,2,1,2
2026-05-23 15:08:13.609000+03:00,sensor_2,-81,2,1,2
2026-05-23 15:08:13.815000+03:00,sensor_1,-82,2,1,2
2026-05-23 15:08:16.217000+03:00,sensor_3,-75,2,1,2
2026-05-23 15:08:19.319000+03:00,sensor_4,-73,2,1,2
2026-05-23 15:08:21.183000+03:00,sensor_2,-71,2,1,2
2026-05-23 15:08:21.329000+03:00,sensor_1,-69,2,1,2
2026-05-23 15:08:23.693000+03:00,sensor_3,-73,2,1,2
2026-05-23 15:08:26.733000+03:00,sensor_4,-77,2,1,2
2026-05-23 15:08:28.608000+03:00,sensor_2,-74,2,1,2
2026-05-23 15:08:28.804000+03:00,sensor_1,-71,2,1,2
2026-05-23 15:08:31.266000+03:00,sensor_3,-71,2,1,2
2026-05-23 15:08:34.049000+03:00,sensor_4,-76,2,1,2
2026-05-23 15:08:36.131000+03:00,sensor_2,-76,2,1,2
2026-05-23 15:08:36.279000+03:00,sensor_1,-70,2,1,2
2026-05-23 15:08:38.741000+03:00,sensor_3,-73,2,1,2
2026-05-23 15:08:41.483000+03:00,sensor_4,-75,2,1,2
2026-05-23 15:08:43.715000+03:00,sensor_2,-77,2,1,2
2026-05-23 15:08:43.863000+03:00,sensor_1,-72,2,1,2
2026-05-23 15:08:45.976000+03:00,sensor_3,-72,2,1,2
2026-05-23 15:08:49.008000+03:00,sensor_4,-77,2,1,2
2026-05-23 15:08:51.189000+03:00,sensor_2,-80,2,1,2
2026-05-23 15:08:51.337000+03:00,sensor_1,-73,2,1,2
2026-05-23 15:08:53.590000+03:00,sensor_3,-79,2,1,2
2026-05-23 15:08:56.532000+03:00,sensor_4,-78,2,1,2
2026-05-23 15:08:58.726000+03:00,sensor_2,-73,2,1,2
2026-05-23 15:08:58.863000+03:00,sensor_1,-71,2,1,2
2026-05-23 15:09:01.015000+03:00,sensor_3,-72,2,1,2
2026-05-23 15:09:03.848000+03:00,sensor_4,-77,2,1,2
2026-05-23 15:09:06.140000+03:00,sensor_2,-71,2,1,2
2026-05-23 15:09:06.279000+03:00,sensor_1,-69,2,1,2
2026-05-23 15:09:08.390000+03:00,sensor_3,-72,2,1,2
2026-05-23 15:09:11.174000+03:00,sensor_4,-60,0,0,0
2026-05-23 15:09:13.614000+03:00,sensor_2,-51,0,0,0
2026-05-23 15:09:13.763000+03:00,sensor_1,-58,0,0,0
2026-05-23 15:09:15.714000+03:00,sensor_3,-57,0,0,0
2026-05-23 15:09:18.548000+03:00,sensor_4,-61,0,0,0
2026-05-23 15:09:20.890000+03:00,sensor_2,-53,0,0,0
2026-05-23 15:09:20.987000+03:00,sensor_1,-57,0,0,0
2026-05-23 15:09:22.939000+03:00,sensor_3,-57,0,0,0
2026-05-23 15:09:25.923000+03:00,sensor_4,-60,0,0,0
2026-05-23 15:09:28.105000+03:00,sensor_2,-54,0,0,0
2026-05-23 15:09:28.201000+03:00,sensor_1,-58,0,0,0
2026-05-23 15:09:30.254000+03:00,sensor_3,-57,0,0,0
2026-05-23 15:09:33.197000+03:00,sensor_4,-61,0,0,0
2026-05-23 15:09:35.426000+03:00,sensor_1,-57,0,0,0
2026-05-23 15:09:37.469000+03:00,sensor_3,-57,0,0,0
2026-05-23 15:09:40.461000+03:00,sensor_4,-59,0,0,0
2026-05-23 15:09:41.821000+03:00,sensor_2,-51,0,0,0
2026-05-23 15:09:42.580000+03:00,sensor_1,-59,0,0,0
2026-05-23 15:09:44.694000+03:00,sensor_3,-57,0,0,0
2026-05-23 15:09:47.735000+03:00,sensor_4,-60,0,0,0
2026-05-23 15:09:49.097000+03:00,sensor_2,-54,0,0,0
2026-05-23 15:09:49.704000+03:00,sensor_1,-58,0,0,0
2026-05-23 15:09:52.988000+03:00,sensor_3,-56,0,0,0
2026-05-23 15:09:54.910000+03:00,sensor_4,-60,0,0,0
2026-05-23 15:09:56.261000+03:00,sensor_2,-51,0,0,0
2026-05-23 15:09:56.979000+03:00,sensor_1,-57,0,0,0
2026-05-23 15:10:00.263000+03:00,sensor_3,-56,0,0,0
2026-05-23 15:10:02.116000+03:00,sensor_4,-63,0,0,0
2026-05-23 15:10:03.436000+03:00,sensor_2,-54,0,0,0
2026-05-23 15:10:04.095000+03:00,sensor_1,-59,0,0,0
2026-05-23 15:10:07.468000+03:00,sensor_3,-57,0,0,0
2026-05-23 15:10:09.280000+03:00,sensor_4,-59,0,0,0
2026-05-23 15:10:10.602000+03:00,sensor_2,-54,0,0,0
2026-05-23 15:10:11.360000+03:00,sensor_1,-56,0,0,0
2026-05-23 15:10:14.533000+03:00,sensor_3,-57,0,0,0
2026-05-23 15:10:16.355000+03:00,sensor_4,-60,0,0,0
2026-05-23 15:10:17.778000+03:00,sensor_2,-54,0,0,0
2026-05-23 15:10:18.986000+03:00,sensor_1,-58,0,0,0
2026-05-23 15:10:21.708000+03:00,sensor_3,-57,0,0,0
2026-05-23 15:10:23.470000+03:00,sensor_4,-59,0,0,0
2026-05-23 15:10:25.442000+03:00,sensor_2,-54,0,0,0
2026-05-23 15:10:26.674000+03:00,sensor_1,-56,0,0,0
2026-05-23 15:10:28.931000+03:00,sensor_3,-56,0,0,0
2026-05-23 15:10:30.645000+03:00,sensor_4,-62,0,0,0
2026-05-23 15:10:32.617000+03:00,sensor_2,-54,0,0,0
2026-05-23 15:10:33.878000+03:00,sensor_1,-59,0,0,0
2026-05-23 15:10:36.195000+03:00,sensor_3,-57,0,0,0
2026-05-23 15:10:37.859000+03:00,sensor_4,-59,0,0,0
2026-05-23 15:10:39.841000+03:00,sensor_2,-54,0,0,0
2026-05-23 15:10:41.012000+03:00,sensor_1,-58,0,0,0
2026-05-23 15:10:43.470000+03:00,sensor_3,-57,0,0,0
2026-05-23 15:10:45.084000+03:00,sensor_4,-60,0,0,0
2026-05-23 15:10:46.956000+03:00,sensor_2,-54,0,0,0
2026-05-23 15:10:48.226000+03:00,sensor_1,-58,0,0,0
2026-05-23 15:10:51.614000+03:00,sensor_3,-57,0,0,0
2026-05-23 15:10:52.298000+03:00,sensor_4,-63,0,0,0
2026-05-23 15:10:54.170000+03:00,sensor_2,-53,0,0,0
2026-05-23 15:10:55.551000+03:00,sensor_1,-57,0,0,0
2026-05-23 15:10:58.780000+03:00,sensor_3,-57,0,0,0
2026-05-23 15:10:59.513000+03:00,sensor_4,-62,0,0,0
2026-05-23 15:11:01.445000+03:00,sensor_2,-54,0,0,0
2026-05-23 15:11:02.766000+03:00,sensor_1,-58,0,0,0
2026-05-23 15:11:05.854000+03:00,sensor_3,-57,0,0,0
2026-05-23 15:11:06.789000+03:00,sensor_4,-59,0,0,0
2026-05-23 15:11:08.720000+03:00,sensor_2,-54,0,0,0
2026-05-23 15:11:09.831000+03:00,sensor_1,-58,0,0,0
2026-05-23 15:11:13.109000+03:00,sensor_3,-57,0,0,0
2026-05-23 15:11:14.004000+03:00,sensor_4,-63,0,0,0
2026-05-23 15:11:15.834000+03:00,sensor_2,-53,0,0,0
2026-05-23 15:11:17.096000+03:00,sensor_1,-59,0,0,0
2026-05-23 15:11:20.334000+03:00,sensor_3,-56,0,0,0
2026-05-23 15:11:21.229000+03:00,sensor_4,-60,0,0,0
2026-05-23 15:11:22.948000+03:00,sensor_2,-53,0,0,0
2026-05-23 15:11:24.635000+03:00,sensor_1,-56,0,0,0
2026-05-23 15:11:27.749000+03:00,sensor_3,-86,3,1,2
2026-05-23 15:11:28.693000+03:00,sensor_4,-95,3,1,2
2026-05-23 15:11:30.422000+03:00,sensor_2,-74,3,1,2
2026-05-23 15:11:32.039000+03:00,sensor_1,-79,3,1,2
2026-05-23 15:11:35.235000+03:00,sensor_3,-84,3,1,2
2026-05-23 15:11:36.577000+03:00,sensor_4,-91,3,1,2
2026-05-23 15:11:38.097000+03:00,sensor_2,-74,3,1,2
2026-05-23 15:11:39.424000+03:00,sensor_1,-87,3,1,2
2026-05-23 15:11:42.650000+03:00,sensor_3,-83,3,1,2
2026-05-23 15:11:43.902000+03:00,sensor_4,-93,3,1,2
2026-05-23 15:11:45.570000+03:00,sensor_2,-94,3,1,2
2026-05-23 15:11:46.848000+03:00,sensor_1,-78,3,1,2
2026-05-23 15:11:49.975000+03:00,sensor_3,-81,3,1,2
2026-05-23 15:11:51.178000+03:00,sensor_4,-83,3,1,2
2026-05-23 15:11:52.896000+03:00,sensor_2,-72,3,1,2
2026-05-23 15:11:54.322000+03:00,sensor_1,-72,3,1,2
2026-05-23 15:11:57.251000+03:00,sensor_3,-85,3,1,2
2026-05-23 15:11:58.602000+03:00,sensor_4,-81,3,1,2
2026-05-23 15:12:00.260000+03:00,sensor_2,-71,3,1,2
2026-05-23 15:12:01.747000+03:00,sensor_1,-73,3,1,2
2026-05-23 15:12:04.674000+03:00,sensor_3,-84,3,1,2
2026-05-23 15:12:05.967000+03:00,sensor_4,-86,3,1,2
2026-05-23 15:12:07.637000+03:00,sensor_2,-73,3,1,2
2026-05-23 15:12:09.173000+03:00,sensor_1,-73,3,1,2
2026-05-23 15:12:12.189000+03:00,sensor_3,-81,3,1,2
2026-05-23 15:12:13.343000+03:00,sensor_4,-81,3,1,2
2026-05-23 15:12:15.581000+03:00,sensor_2,-71,3,1,2
2026-05-23 15:12:16.647000+03:00,sensor_1,-69,3,1,2
2026-05-23 15:12:19.675000+03:00,sensor_3,-83,3,1,2
2026-05-23 15:12:20.668000+03:00,sensor_4,-83,3,1,2
2026-05-23 15:12:22.745000+03:00,sensor_2,-54,0,0,0
2026-05-23 15:12:23.862000+03:00,sensor_1,-56,0,0,0
2026-05-23 15:12:26.789000+03:00,sensor_3,-56,0,0,0
2026-05-23 15:12:27.833000+03:00,sensor_4,-60,0,0,0
2026-05-23 15:12:29.861000+03:00,sensor_2,-54,0,0,0
2026-05-23 15:12:31.087000+03:00,sensor_1,-59,0,0,0
2026-05-23 15:12:34.014000+03:00,sensor_3,-54,0,0,0
2026-05-23 15:12:35.058000+03:00,sensor_4,-59,0,0,0
2026-05-23 15:12:36.937000+03:00,sensor_2,-53,0,0,0
2026-05-23 15:12:38.303000+03:00,sensor_1,-57,0,0,0
2026-05-23 15:12:41.079000+03:00,sensor_3,-57,0,0,0
2026-05-23 15:12:42.222000+03:00,sensor_4,-59,0,0,0
2026-05-23 15:12:44.091000+03:00,sensor_2,-53,0,0,0
2026-05-23 15:12:45.427000+03:00,sensor_1,-56,0,0,0
2026-05-23 15:12:48.354000+03:00,sensor_3,-57,0,0,0
2026-05-23 15:12:49.436000+03:00,sensor_4,-62,0,0,0
2026-05-23 15:12:51.317000+03:00,sensor_2,-53,0,0,0
2026-05-23 15:12:52.641000+03:00,sensor_1,-56,0,0,0
2026-05-23 15:12:55.519000+03:00,sensor_3,-57,0,0,0
2026-05-23 15:12:56.662000+03:00,sensor_4,-59,0,0,0
2026-05-23 15:12:58.591000+03:00,sensor_2,-54,0,0,0
2026-05-23 15:12:59.866000+03:00,sensor_1,-57,0,0,0
2026-05-23 15:13:02.734000+03:00,sensor_3,-57,0,0,0
2026-05-23 15:13:03.926000+03:00,sensor_4,-59,0,0,0
2026-05-23 15:13:06.266000+03:00,sensor_2,-53,0,0,0
2026-05-23 15:13:06.981000+03:00,sensor_1,-58,0,0,0
2026-05-23 15:13:10.049000+03:00,sensor_3,-57,0,0,0
2026-05-23 15:13:11.101000+03:00,sensor_4,-62,0,0,0
2026-05-23 15:13:13.381000+03:00,sensor_2,-54,0,0,0
2026-05-23 15:13:14.146000+03:00,sensor_1,-58,0,0,0
2026-05-23 15:13:17.274000+03:00,sensor_3,-57,0,0,0
2026-05-23 15:13:18.315000+03:00,sensor_4,-59,0,0,0
2026-05-23 15:13:20.707000+03:00,sensor_2,-54,0,0,0
2026-05-23 15:13:24.489000+03:00,sensor_3,-57,0,0,0
2026-05-23 15:13:25.540000+03:00,sensor_4,-61,0,0,0
2026-05-23 15:13:27.873000+03:00,sensor_1,-59,0,0,0
2026-05-23 15:13:27.980000+03:00,sensor_2,-53,0,0,0
2026-05-23 15:13:31.554000+03:00,sensor_3,-57,0,0,0
2026-05-23 15:13:32.754000+03:00,sensor_4,-61,0,0,0
2026-05-23 15:13:35.087000+03:00,sensor_1,-58,0,0,0
2026-05-23 15:13:35.146000+03:00,sensor_2,-54,0,0,0
2026-05-23 15:13:38.729000+03:00,sensor_3,-57,0,0,0
2026-05-23 15:13:39.818000+03:00,sensor_4,-59,0,0,0
2026-05-23 15:13:42.320000+03:00,sensor_2,-53,0,0,0
2026-05-23 15:13:42.462000+03:00,sensor_1,-56,0,0,0
2026-05-23 15:13:46.053000+03:00,sensor_3,-57,0,0,0
2026-05-23 15:13:47.043000+03:00,sensor_4,-59,0,0,0
2026-05-23 15:13:49.584000+03:00,sensor_2,-53,0,0,0
2026-05-23 15:13:49.735000+03:00,sensor_1,-56,0,0,0
2026-05-23 15:13:53.317000+03:00,sensor_3,-57,0,0,0
2026-05-23 15:13:54.317000+03:00,sensor_4,-60,0,0,0
2026-05-23 15:13:57.169000+03:00,sensor_1,-58,0,0,0
2026-05-23 15:14:00.492000+03:00,sensor_3,-57,0,0,0
2026-05-23 15:14:01.581000+03:00,sensor_4,-59,0,0,0
2026-05-23 15:14:03.411000+03:00,sensor_2,-54,0,0,0
2026-05-23 15:14:05.301000+03:00,sensor_1,-58,0,0,0
2026-05-23 15:14:07.708000+03:00,sensor_3,-57,0,0,0
2026-05-23 15:14:09.056000+03:00,sensor_4,-76,4,1,2
2026-05-23 15:14:10.724000+03:00,sensor_2,-75,4,1,2
2026-05-23 15:14:12.765000+03:00,sensor_1,-69,4,1,2
2026-05-23 15:14:15.072000+03:00,sensor_3,-73,4,1,2
2026-05-23 15:14:16.531000+03:00,sensor_4,-75,4,1,2
2026-05-23 15:14:17.991000+03:00,sensor_2,-78,4,1,2
2026-05-23 15:14:20.189000+03:00,sensor_1,-70,4,1,2
2026-05-23 15:14:23.956000+03:00,sensor_4,-74,4,1,2
2026-05-23 15:14:25.066000+03:00,sensor_2,-53,4,1,2
2026-05-23 15:14:27.614000+03:00,sensor_1,-72,4,1,2
2026-05-23 15:14:31.382000+03:00,sensor_4,-76,4,1,2
2026-05-23 15:14:32.841000+03:00,sensor_2,-81,4,1,2
2026-05-23 15:14:34.220000+03:00,sensor_3,-72,4,1,2
2026-05-23 15:14:34.989000+03:00,sensor_1,-74,4,1,2
2026-05-23 15:14:38.796000+03:00,sensor_4,-73,4,1,2
2026-05-23 15:14:40.115000+03:00,sensor_2,-76,4,1,2
2026-05-23 15:14:42.058000+03:00,sensor_3,-70,4,1,2
2026-05-23 15:14:42.465000+03:00,sensor_1,-72,4,1,2
2026-05-23 15:14:46.331000+03:00,sensor_4,-74,4,1,2
2026-05-23 15:14:47.539000+03:00,sensor_2,-79,4,1,2
2026-05-23 15:14:49.371000+03:00,sensor_3,-69,4,1,2
2026-05-23 15:14:49.591000+03:00,sensor_1,-71,4,1,2
2026-05-23 15:14:53.705000+03:00,sensor_4,-70,4,1,2
2026-05-23 15:14:54.963000+03:00,sensor_2,-75,4,1,2
2026-05-23 15:14:56.805000+03:00,sensor_3,-68,4,1,2
2026-05-23 15:14:57.005000+03:00,sensor_1,-69,4,1,2
2026-05-23 15:15:01.019000+03:00,sensor_4,-70,4,1,2
2026-05-23 15:15:02.287000+03:00,sensor_2,-74,4,1,2
2026-05-23 15:15:04.180000+03:00,sensor_3,-69,4,1,2
2026-05-23 15:15:04.430000+03:00,sensor_1,-70,4,1,2
2026-05-23 15:15:08.094000+03:00,sensor_4,-59,0,0,0
2026-05-23 15:15:09.402000+03:00,sensor_2,-53,0,0,0
2026-05-23 15:15:11.455000+03:00,sensor_3,-57,0,0,0
2026-05-23 15:15:11.606000+03:00,sensor_1,-59,0,0,0
2026-05-23 15:15:15.260000+03:00,sensor_4,-62,0,0,0
2026-05-23 15:15:16.526000+03:00,sensor_2,-53,0,0,0
2026-05-23 15:15:18.719000+03:00,sensor_3,-56,0,0,0
2026-05-23 15:15:18.771000+03:00,sensor_1,-56,0,0,0
2026-05-23 15:15:22.476000+03:00,sensor_4,-61,0,0,0
2026-05-23 15:15:23.741000+03:00,sensor_2,-53,0,0,0
2026-05-23 15:15:25.936000+03:00,sensor_1,-55,0,0,0
2026-05-23 15:15:26.092000+03:00,sensor_3,-57,0,0,0
2026-05-23 15:15:29.751000+03:00,sensor_4,-60,0,0,0
2026-05-23 15:15:30.965000+03:00,sensor_2,-53,0,0,0
2026-05-23 15:15:33.160000+03:00,sensor_1,-56,0,0,0
2026-05-23 15:15:33.267000+03:00,sensor_3,-57,0,0,0
2026-05-23 15:15:37.025000+03:00,sensor_4,-61,0,0,0
2026-05-23 15:15:38.181000+03:00,sensor_2,-53,0,0,0
2026-05-23 15:15:40.531000+03:00,sensor_3,-57,0,0,0
2026-05-23 15:15:40.733000+03:00,sensor_1,-56,0,0,0
2026-05-23 15:15:44.241000+03:00,sensor_4,-60,0,0,0
2026-05-23 15:15:45.397000+03:00,sensor_2,-53,0,0,0
2026-05-23 15:15:47.748000+03:00,sensor_3,-57,0,0,0
2026-05-23 15:15:47.848000+03:00,sensor_1,-56,0,0,0
2026-05-23 15:15:51.457000+03:00,sensor_4,-59,0,0,0
2026-05-23 15:15:52.671000+03:00,sensor_2,-54,0,0,0
2026-05-23 15:15:54.813000+03:00,sensor_3,-57,0,0,0
2026-05-23 15:15:54.972000+03:00,sensor_1,-55,0,0,0
2026-05-23 15:15:58.681000+03:00,sensor_4,-60,0,0,0
2026-05-23 15:16:00.145000+03:00,sensor_2,-54,0,0,0
2026-05-23 15:16:01.937000+03:00,sensor_3,-56,0,0,0
2026-05-23 15:16:02.185000+03:00,sensor_1,-58,0,0,0
2026-05-23 15:16:05.896000+03:00,sensor_4,-61,0,0,0
2026-05-23 15:16:07.358000+03:00,sensor_2,-53,0,0,0
2026-05-23 15:16:09.212000+03:00,sensor_3,-57,0,0,0
2026-05-23 15:16:09.811000+03:00,sensor_1,-58,0,0,0
2026-05-23 15:16:13.120000+03:00,sensor_4,-60,0,0,0
2026-05-23 15:16:14.482000+03:00,sensor_2,-54,0,0,0
2026-05-23 15:16:16.327000+03:00,sensor_3,-58,0,0,0
2026-05-23 15:16:17.095000+03:00,sensor_1,-59,0,0,0
2026-05-23 15:16:20.334000+03:00,sensor_4,-60,0,0,0
2026-05-23 15:16:21.698000+03:00,sensor_2,-54,0,0,0
2026-05-23 15:16:23.492000+03:00,sensor_3,-57,0,0,0
2026-05-23 15:16:24.299000+03:00,sensor_1,-58,0,0,0
2026-05-23 15:16:27.509000+03:00,sensor_4,-60,0,0,0
2026-05-23 15:16:28.862000+03:00,sensor_2,-54,0,0,0
2026-05-23 15:16:30.606000+03:00,sensor_3,-57,0,0,0
2026-05-23 15:16:31.523000+03:00,sensor_1,-58,0,0,0
2026-05-23 15:16:34.675000+03:00,sensor_4,-60,0,0,0
2026-05-23 15:16:35.937000+03:00,sensor_2,-54,0,0,0
2026-05-23 15:16:37.882000+03:00,sensor_3,-57,0,0,0
2026-05-23 15:16:39.209000+03:00,sensor_1,-59,0,0,0
2026-05-23 15:16:41.839000+03:00,sensor_4,-60,0,0,0
2026-05-23 15:16:43.092000+03:00,sensor_2,-54,0,0,0
2026-05-23 15:16:44.998000+03:00,sensor_3,-56,0,0,0
2026-05-23 15:16:46.324000+03:00,sensor_1,-59,0,0,0
2026-05-23 15:16:49.113000+03:00,sensor_4,-62,0,0,0
2026-05-23 15:16:50.227000+03:00,sensor_2,-53,0,0,0
2026-05-23 15:16:52.274000+03:00,sensor_3,-57,0,0,0
2026-05-23 15:16:53.539000+03:00,sensor_1,-58,0,0,0
2026-05-23 15:16:56.788000+03:00,sensor_4,-63,0,0,0
2026-05-23 15:16:57.432000+03:00,sensor_2,-54,0,0,0
2026-05-23 15:16:59.438000+03:00,sensor_3,-58,0,0,0
2026-05-23 15:17:00.703000+03:00,sensor_1,-59,0,0,0
2026-05-23 15:17:03.962000+03:00,sensor_4,-61,0,0,0
2026-05-23 15:17:04.557000+03:00,sensor_2,-54,0,0,0
2026-05-23 15:17:06.653000+03:00,sensor_3,-57,0,0,0
2026-05-23 15:17:07.978000+03:00,sensor_1,-58,0,0,0
2026-05-23 15:17:11.178000+03:00,sensor_4,-60,0,0,0
2026-05-23 15:17:11.721000+03:00,sensor_2,-54,0,0,0
2026-05-23 15:17:14.067000+03:00,sensor_3,-67,5,1,2
2026-05-23 15:17:15.452000+03:00,sensor_1,-68,5,1,2
2026-05-23 15:17:18.704000+03:00,sensor_4,-80,5,1,2
2026-05-23 15:17:19.035000+03:00,sensor_2,-82,5,1,2
2026-05-23 15:17:21.494000+03:00,sensor_3,-71,5,1,2
2026-05-23 15:17:22.767000+03:00,sensor_1,-75,5,1,2
2026-05-23 15:17:26.018000+03:00,sensor_4,-81,5,1,2
2026-05-23 15:17:26.460000+03:00,sensor_2,-92,5,1,2
2026-05-23 15:17:28.868000+03:00,sensor_3,-71,5,1,2
2026-05-23 15:17:30.343000+03:00,sensor_1,-78,5,1,2
2026-05-23 15:17:33.293000+03:00,sensor_4,-84,5,1,2
2026-05-23 15:17:33.785000+03:00,sensor_2,-92,5,1,2
2026-05-23 15:17:36.294000+03:00,sensor_3,-74,5,1,2
2026-05-23 15:17:37.931000+03:00,sensor_1,-81,5,1,2
2026-05-23 15:17:40.659000+03:00,sensor_4,-82,5,1,2
2026-05-23 15:17:41.160000+03:00,sensor_2,-92,5,1,2
2026-05-23 15:17:43.668000+03:00,sensor_3,-75,5,1,2
2026-05-23 15:17:45.356000+03:00,sensor_1,-84,5,1,2
2026-05-23 15:17:48.504000+03:00,sensor_4,-88,5,1,2
2026-05-23 15:17:51.092000+03:00,sensor_3,-73,5,1,2
2026-05-23 15:17:52.671000+03:00,sensor_1,-75,5,1,2
2026-05-23 15:17:53.298000+03:00,sensor_2,-84,5,1,2
2026-05-23 15:17:55.668000+03:00,sensor_4,-59,5,1,2
2026-05-23 15:17:58.418000+03:00,sensor_3,-76,5,1,2
2026-05-23 15:18:00.046000+03:00,sensor_1,-79,5,1,2
2026-05-23 15:18:01.019000+03:00,sensor_2,-84,5,1,2
2026-05-23 15:18:03.042000+03:00,sensor_4,-77,5,1,2
2026-05-23 15:18:05.594000+03:00,sensor_3,-74,5,1,2
2026-05-23 15:18:07.110000+03:00,sensor_1,-56,0,0,0
2026-05-23 15:18:08.244000+03:00,sensor_2,-54,0,0,0
2026-05-23 15:18:10.256000+03:00,sensor_4,-60,0,0,0
2026-05-23 15:18:12.908000+03:00,sensor_3,-57,0,0,0
2026-05-23 15:18:14.284000+03:00,sensor_1,-57,0,0,0
2026-05-23 15:18:15.359000+03:00,sensor_2,-54,0,0,0
2026-05-23 15:18:17.481000+03:00,sensor_4,-59,0,0,0
2026-05-23 15:18:20.182000+03:00,sensor_3,-57,0,0,0
2026-05-23 15:18:21.499000+03:00,sensor_1,-55,0,0,0
2026-05-23 15:18:22.584000+03:00,sensor_2,-55,0,0,0
2026-05-23 15:18:24.605000+03:00,sensor_4,-60,0,0,0
2026-05-23 15:18:27.326000+03:00,sensor_3,-56,0,0,0
2026-05-23 15:18:28.714000+03:00,sensor_1,-56,0,0,0
2026-05-23 15:18:29.749000+03:00,sensor_2,-54,0,0,0
2026-05-23 15:18:31.919000+03:00,sensor_4,-62,0,0,0
2026-05-23 15:18:34.511000+03:00,sensor_3,-57,0,0,0
2026-05-23 15:18:35.788000+03:00,sensor_1,-58,0,0,0
2026-05-23 15:18:38.402000+03:00,sensor_2,-54,0,0,0
2026-05-23 15:18:39.134000+03:00,sensor_4,-59,0,0,0
2026-05-23 15:18:41.726000+03:00,sensor_3,-57,0,0,0
2026-05-23 15:18:42.903000+03:00,sensor_1,-58,0,0,0
2026-05-23 15:18:45.518000+03:00,sensor_2,-54,0,0,0
2026-05-23 15:18:46.659000+03:00,sensor_4,-59,0,0,0
2026-05-23 15:18:49.260000+03:00,sensor_3,-57,0,0,0
2026-05-23 15:18:50.127000+03:00,sensor_1,-58,0,0,0
2026-05-23 15:18:52.733000+03:00,sensor_2,-54,0,0,0
2026-05-23 15:18:53.934000+03:00,sensor_4,-60,0,0,0
2026-05-23 15:18:56.536000+03:00,sensor_3,-56,0,0,0
2026-05-23 15:18:57.292000+03:00,sensor_1,-58,0,0,0
2026-05-23 15:18:59.956000+03:00,sensor_2,-54,0,0,0
2026-05-23 15:19:01.158000+03:00,sensor_4,-60,0,0,0
2026-05-23 15:19:03.752000+03:00,sensor_3,-56,0,0,0
2026-05-23 15:19:04.569000+03:00,sensor_1,-56,0,0,0
2026-05-23 15:19:07.230000+03:00,sensor_2,-54,0,0,0
2026-05-23 15:19:08.313000+03:00,sensor_4,-59,0,0,0
2026-05-23 15:19:10.916000+03:00,sensor_3,-57,0,0,0
2026-05-23 15:19:11.624000+03:00,sensor_1,-58,0,0,0
2026-05-23 15:19:14.345000+03:00,sensor_2,-53,0,0,0
2026-05-23 15:19:15.438000+03:00,sensor_4,-62,0,0,0
2026-05-23 15:19:18.032000+03:00,sensor_3,-57,0,0,0
2026-05-23 15:19:18.849000+03:00,sensor_1,-55,0,0,0
2026-05-23 15:19:22.653000+03:00,sensor_4,-62,0,0,0
2026-05-23 15:19:25.306000+03:00,sensor_3,-57,0,0,0
2026-05-23 15:19:26.115000+03:00,sensor_1,-58,0,0,0
2026-05-23 15:19:28.121000+03:00,sensor_2,-53,0,0,0
2026-05-23 15:19:29.878000+03:00,sensor_4,-59,0,0,0
2026-05-23 15:19:32.531000+03:00,sensor_3,-57,0,0,0
2026-05-23 15:19:33.390000+03:00,sensor_1,-56,0,0,0
2026-05-23 15:19:35.337000+03:00,sensor_2,-54,0,0,0
2026-05-23 15:19:36.993000+03:00,sensor_4,-61,0,0,0
2026-05-23 15:19:39.745000+03:00,sensor_3,-56,0,0,0
2026-05-23 15:19:40.603000+03:00,sensor_1,-57,0,0,0
2026-05-23 15:19:42.500000+03:00,sensor_2,-53,0,0,0
2026-05-23 15:19:44.627000+03:00,sensor_4,-59,0,0,0
2026-05-23 15:19:47.020000+03:00,sensor_3,-57,0,0,0
2026-05-23 15:19:47.830000+03:00,sensor_1,-56,0,0,0
2026-05-23 15:19:49.676000+03:00,sensor_2,-53,0,0,0
2026-05-23 15:19:51.892000+03:00,sensor_4,-62,0,0,0
2026-05-23 15:19:54.225000+03:00,sensor_3,-57,0,0,0
2026-05-23 15:19:55.046000+03:00,sensor_1,-57,0,0,0
2026-05-23 15:19:56.841000+03:00,sensor_2,-53,0,0,0
2026-05-23 15:20:01.301000+03:00,sensor_3,-55,0,0,0
2026-05-23 15:20:02.270000+03:00,sensor_1,-58,0,0,0
2026-05-23 15:20:03.956000+03:00,sensor_2,-54,0,0,0
2026-05-23 15:20:05.769000+03:00,sensor_4,-59,0,0,0
2026-05-23 15:20:08.416000+03:00,sensor_3,-57,0,0,0
2026-05-23 15:20:09.685000+03:00,sensor_1,-91,6,1,2
2026-05-23 15:20:11.379000+03:00,sensor_2,-74,6,1,2
2026-05-23 15:20:13.395000+03:00,sensor_4,-72,6,1,2
2026-05-23 15:20:15.991000+03:00,sensor_3,-68,6,1,2
2026-05-23 15:20:17.108000+03:00,sensor_1,-86,6,1,2
2026-05-23 15:20:18.855000+03:00,sensor_2,-75,6,1,2
2026-05-23 15:20:20.810000+03:00,sensor_4,-72,6,1,2
2026-05-23 15:20:23.565000+03:00,sensor_3,-81,6,1,2
2026-05-23 15:20:24.582000+03:00,sensor_1,-91,6,1,2
2026-05-23 15:20:26.280000+03:00,sensor_2,-71,6,1,2
2026-05-23 15:20:28.244000+03:00,sensor_4,-74,6,1,2
2026-05-23 15:20:30.992000+03:00,sensor_3,-84,6,1,2
2026-05-23 15:20:31.907000+03:00,sensor_1,-83,6,1,2
2026-05-23 15:20:33.695000+03:00,sensor_2,-76,6,1,2
2026-05-23 15:20:35.559000+03:00,sensor_4,-76,6,1,2
2026-05-23 15:20:38.416000+03:00,sensor_3,-73,6,1,2
2026-05-23 15:20:39.332000+03:00,sensor_1,-88,6,1,2
2026-05-23 15:20:41.431000+03:00,sensor_2,-78,6,1,2
2026-05-23 15:20:42.883000+03:00,sensor_4,-75,6,1,2
2026-05-23 15:20:45.733000+03:00,sensor_3,-68,6,1,2
2026-05-23 15:20:46.808000+03:00,sensor_1,-92,6,1,2
2026-05-23 15:20:48.855000+03:00,sensor_2,-80,6,1,2
2026-05-23 15:20:50.356000+03:00,sensor_4,-72,6,1,2
2026-05-23 15:20:53.058000+03:00,sensor_3,-72,6,1,2
2026-05-23 15:20:53.932000+03:00,sensor_1,-83,6,1,2
2026-05-23 15:20:56.133000+03:00,sensor_2,-75,6,1,2
2026-05-23 15:20:57.832000+03:00,sensor_4,-72,6,1,2
2026-05-23 15:21:00.432000+03:00,sensor_3,-71,6,1,2
2026-05-23 15:21:01.348000+03:00,sensor_1,-81,6,1,2
2026-05-23 15:21:03.498000+03:00,sensor_2,-76,6,1,2
2026-05-23 15:21:05.306000+03:00,sensor_4,-72,6,1,2
2026-05-23 15:21:08.724000+03:00,sensor_1,-58,0,0,0
2026-05-23 15:21:10.783000+03:00,sensor_2,-54,0,0,0
2026-05-23 15:21:12.691000+03:00,sensor_4,-59,0,0,0
2026-05-23 15:21:14.156000+03:00,sensor_3,-57,0,0,0
2026-05-23 15:21:15.999000+03:00,sensor_1,-56,0,0,0
2026-05-23 15:21:17.838000+03:00,sensor_2,-54,0,0,0
2026-05-23 15:21:20.065000+03:00,sensor_4,-59,0,0,0
2026-05-23 15:21:21.533000+03:00,sensor_3,-57,0,0,0
2026-05-23 15:21:24.954000+03:00,sensor_2,-53,0,0,0
2026-05-23 15:21:27.330000+03:00,sensor_4,-59,0,0,0
2026-05-23 15:21:28.898000+03:00,sensor_3,-57,0,0,0
2026-05-23 15:21:29.925000+03:00,sensor_1,-58,0,0,0
2026-05-23 15:21:32.327000+03:00,sensor_2,-54,0,0,0
2026-05-23 15:21:35.004000+03:00,sensor_4,-62,0,0,0
2026-05-23 15:21:36.172000+03:00,sensor_3,-57,0,0,0
2026-05-23 15:21:37.190000+03:00,sensor_1,-58,0,0,0
2026-05-23 15:21:39.602000+03:00,sensor_2,-54,0,0,0
2026-05-23 15:21:42.178000+03:00,sensor_4,-61,0,0,0
2026-05-23 15:21:43.698000+03:00,sensor_3,-57,0,0,0
2026-05-23 15:21:44.304000+03:00,sensor_1,-58,0,0,0
2026-05-23 15:21:46.887000+03:00,sensor_2,-54,0,0,0
2026-05-23 15:21:49.453000+03:00,sensor_4,-59,0,0,0
2026-05-23 15:21:50.922000+03:00,sensor_3,-57,0,0,0
2026-05-23 15:21:51.528000+03:00,sensor_1,-58,0,0,0
2026-05-23 15:21:54.141000+03:00,sensor_2,-54,0,0,0
2026-05-23 15:21:56.718000+03:00,sensor_4,-59,0,0,0
2026-05-23 15:21:58.296000+03:00,sensor_3,-57,0,0,0
2026-05-23 15:21:58.904000+03:00,sensor_1,-56,0,0,0
2026-05-23 15:22:01.416000+03:00,sensor_2,-53,0,0,0
2026-05-23 15:22:04.602000+03:00,sensor_4,-59,0,0,0
2026-05-23 15:22:05.521000+03:00,sensor_3,-57,0,0,0
2026-05-23 15:22:06.268000+03:00,sensor_1,-55,0,0,0
2026-05-23 15:22:08.791000+03:00,sensor_2,-54,0,0,0
2026-05-23 15:22:12.077000+03:00,sensor_4,-62,0,0,0
2026-05-23 15:22:12.935000+03:00,sensor_3,-57,0,0,0
2026-05-23 15:22:13.752000+03:00,sensor_1,-57,0,0,0
2026-05-23 15:22:16.155000+03:00,sensor_2,-54,0,0,0
2026-05-23 15:22:19.351000+03:00,sensor_4,-62,0,0,0
2026-05-23 15:22:20.410000+03:00,sensor_3,-57,0,0,0
2026-05-23 15:22:23.529000+03:00,sensor_2,-53,0,0,0
2026-05-23 15:22:24.905000+03:00,sensor_1,-56,0,0,0
2026-05-23 15:22:26.577000+03:00,sensor_4,-59,0,0,0
2026-05-23 15:22:27.985000+03:00,sensor_3,-57,0,0,0
2026-05-23 15:22:30.704000+03:00,sensor_2,-54,0,0,0
2026-05-23 15:22:33.792000+03:00,sensor_4,-62,0,0,0
2026-05-23 15:22:37.968000+03:00,sensor_2,-53,0,0,0
2026-05-23 15:22:38.730000+03:00,sensor_1,-58,0,0,0
2026-05-23 15:22:41.367000+03:00,sensor_4,-61,0,0,0
2026-05-23 15:22:41.820000+03:00,sensor_3,-57,0,0,0
2026-05-23 15:22:45.192000+03:00,sensor_2,-55,0,0,0
2026-05-23 15:22:45.845000+03:00,sensor_1,-58,0,0,0
2026-05-23 15:22:48.641000+03:00,sensor_4,-62,0,0,0
2026-05-23 15:22:49.035000+03:00,sensor_3,-57,0,0,0
2026-05-23 15:22:52.357000+03:00,sensor_2,-54,0,0,0
2026-05-23 15:22:53.070000+03:00,sensor_1,-56,0,0,0
2026-05-23 15:22:55.906000+03:00,sensor_4,-59,0,0,0
2026-05-23 15:22:56.149000+03:00,sensor_3,-57,0,0,0
2026-05-23 15:22:59.682000+03:00,sensor_2,-51,0,0,0
2026-05-23 15:23:00.444000+03:00,sensor_1,-56,0,0,0
2026-05-23 15:23:03.181000+03:00,sensor_4,-62,0,0,0
2026-05-23 15:23:03.623000+03:00,sensor_3,-57,0,0,0
2026-05-23 15:23:06.897000+03:00,sensor_2,-54,0,0,0
2026-05-23 15:23:07.708000+03:00,sensor_1,-57,0,0,0
2026-05-23 15:23:10.595000+03:00,sensor_4,-84,7,1,2
2026-05-23 15:23:11.048000+03:00,sensor_3,-80,7,1,2
2026-05-23 15:23:14.422000+03:00,sensor_2,-81,7,1,2
2026-05-23 15:23:15.082000+03:00,sensor_1,-88,7,1,2
2026-05-23 15:23:18.022000+03:00,sensor_4,-88,7,1,2
2026-05-23 15:23:18.412000+03:00,sensor_3,-84,7,1,2
2026-05-23 15:23:21.796000+03:00,sensor_2,-82,7,1,2
2026-05-23 15:23:22.496000+03:00,sensor_1,-90,7,1,2
2026-05-23 15:23:25.498000+03:00,sensor_4,-86,7,1,2
2026-05-23 15:23:25.947000+03:00,sensor_3,-83,7,1,2
2026-05-23 15:23:29.221000+03:00,sensor_2,-82,7,1,2
2026-05-23 15:23:29.730000+03:00,sensor_1,-58,7,1,2
2026-05-23 15:23:32.812000+03:00,sensor_4,-85,7,1,2
2026-05-23 15:23:33.172000+03:00,sensor_3,-83,7,1,2
2026-05-23 15:23:36.636000+03:00,sensor_2,-83,7,1,2
2026-05-23 15:23:37.203000+03:00,sensor_1,-89,7,1,2
2026-05-23 15:23:40.138000+03:00,sensor_4,-78,7,1,2
2026-05-23 15:23:40.537000+03:00,sensor_3,-84,7,1,2
2026-05-23 15:23:44.120000+03:00,sensor_2,-69,7,1,2
2026-05-23 15:23:44.618000+03:00,sensor_1,-75,7,1,2
2026-05-23 15:23:47.611000+03:00,sensor_4,-80,7,1,2
2026-05-23 15:23:47.852000+03:00,sensor_3,-87,7,1,2
2026-05-23 15:23:51.534000+03:00,sensor_2,-69,7,1,2
2026-05-23 15:23:52.153000+03:00,sensor_1,-75,7,1,2
2026-05-23 15:23:55.035000+03:00,sensor_4,-75,7,1,2
2026-05-23 15:23:55.435000+03:00,sensor_3,-77,7,1,2
2026-05-23 15:23:59.269000+03:00,sensor_2,-70,7,1,2
2026-05-23 15:23:59.627000+03:00,sensor_1,-77,7,1,2
2026-05-23 15:24:02.460000+03:00,sensor_4,-76,7,1,2
2026-05-23 15:24:03.008000+03:00,sensor_3,-77,7,1,2
2026-05-23 15:24:06.443000+03:00,sensor_2,-54,0,0,0
2026-05-23 15:24:06.752000+03:00,sensor_1,-56,0,0,0
2026-05-23 15:24:09.733000+03:00,sensor_4,-59,0,0,0
2026-05-23 15:24:10.133000+03:00,sensor_3,-57,0,0,0
2026-05-23 15:24:13.560000+03:00,sensor_2,-54,0,0,0
2026-05-23 15:24:13.967000+03:00,sensor_1,-58,0,0,0
2026-05-23 15:24:17.007000+03:00,sensor_4,-59,0,0,0
2026-05-23 15:24:17.247000+03:00,sensor_3,-57,0,0,0
2026-05-23 15:24:20.784000+03:00,sensor_2,-54,0,0,0
2026-05-23 15:24:21.182000+03:00,sensor_1,-59,0,0,0
2026-05-23 15:24:24.281000+03:00,sensor_4,-59,0,0,0
2026-05-23 15:24:24.422000+03:00,sensor_3,-58,0,0,0
2026-05-23 15:24:27.989000+03:00,sensor_2,-52,0,0,0
2026-05-23 15:24:28.406000+03:00,sensor_1,-58,0,0,0
2026-05-23 15:24:31.446000+03:00,sensor_4,-60,0,0,0
2026-05-23 15:24:33.738000+03:00,sensor_3,-56,0,0,0
2026-05-23 15:24:35.214000+03:00,sensor_2,-52,0,0,0
2026-05-23 15:24:35.870000+03:00,sensor_1,-58,0,0,0
2026-05-23 15:24:38.821000+03:00,sensor_4,-62,0,0,0
2026-05-23 15:24:41.212000+03:00,sensor_3,-57,0,0,0
2026-05-23 15:24:42.539000+03:00,sensor_2,-52,0,0,0
2026-05-23 15:24:43.254000+03:00,sensor_1,-58,0,0,0
2026-05-23 15:24:46.195000+03:00,sensor_4,-59,0,0,0
2026-05-23 15:24:48.588000+03:00,sensor_3,-57,0,0,0
2026-05-23 15:24:49.764000+03:00,sensor_2,-54,0,0,0
2026-05-23 15:24:50.528000+03:00,sensor_1,-59,0,0,0
2026-05-23 15:24:53.869000+03:00,sensor_4,-62,0,0,0
2026-05-23 15:24:55.962000+03:00,sensor_3,-56,0,0,0
2026-05-23 15:24:56.979000+03:00,sensor_2,-54,0,0,0
2026-05-23 15:24:57.793000+03:00,sensor_1,-56,0,0,0
2026-05-23 15:25:00.984000+03:00,sensor_4,-61,0,0,0
2026-05-23 15:25:03.327000+03:00,sensor_3,-57,0,0,0
2026-05-23 15:25:04.304000+03:00,sensor_2,-54,0,0,0
2026-05-23 15:25:05.268000+03:00,sensor_1,-59,0,0,0
2026-05-23 15:25:08.309000+03:00,sensor_4,-60,0,0,0
2026-05-23 15:25:10.703000+03:00,sensor_3,-57,0,0,0
2026-05-23 15:25:11.878000+03:00,sensor_2,-54,0,0,0
2026-05-23 15:25:12.642000+03:00,sensor_1,-56,0,0,0
2026-05-23 15:25:15.684000+03:00,sensor_4,-62,0,0,0
2026-05-23 15:25:18.077000+03:00,sensor_3,-57,0,0,0
2026-05-23 15:25:19.665000+03:00,sensor_2,-54,0,0,0
2026-05-23 15:25:20.017000+03:00,sensor_1,-58,0,0,0
2026-05-23 15:25:22.948000+03:00,sensor_4,-59,0,0,0
2026-05-23 15:25:25.293000+03:00,sensor_3,-57,0,0,0
2026-05-23 15:25:26.779000+03:00,sensor_2,-54,0,0,0
2026-05-23 15:25:27.382000+03:00,sensor_1,-58,0,0,0
2026-05-23 15:25:32.516000+03:00,sensor_3,-58,0,0,0
2026-05-23 15:25:33.934000+03:00,sensor_2,-54,0,0,0
2026-05-23 15:25:35.068000+03:00,sensor_1,-58,0,0,0
2026-05-23 15:25:36.775000+03:00,sensor_4,-62,0,0,0
2026-05-23 15:25:39.730000+03:00,sensor_3,-57,0,0,0
2026-05-23 15:25:41.010000+03:00,sensor_2,-54,0,0,0
2026-05-23 15:25:42.283000+03:00,sensor_1,-58,0,0,0
2026-05-23 15:25:44.049000+03:00,sensor_4,-59,0,0,0
2026-05-23 15:25:46.955000+03:00,sensor_3,-56,0,0,0
2026-05-23 15:25:48.233000+03:00,sensor_2,-53,0,0,0
2026-05-23 15:25:49.407000+03:00,sensor_1,-56,0,0,0
2026-05-23 15:25:51.213000+03:00,sensor_4,-59,0,0,0
2026-05-23 15:25:55.398000+03:00,sensor_2,-54,0,0,0
2026-05-23 15:25:56.880000+03:00,sensor_1,-56,0,0,0
2026-05-23 15:25:58.428000+03:00,sensor_4,-62,0,0,0
2026-05-23 15:25:58.530000+03:00,sensor_3,-56,0,0,0
2026-05-23 15:26:02.872000+03:00,sensor_2,-52,0,0,0
2026-05-23 15:26:05.652000+03:00,sensor_4,-59,0,0,0
2026-05-23 15:26:06.101000+03:00,sensor_3,-57,0,0,0
2026-05-23 15:26:10.246000+03:00,sensor_2,-54,0,0,0
2026-05-23 15:26:12.876000+03:00,sensor_4,-93,8,1,2
2026-05-23 15:26:13.675000+03:00,sensor_3,-81,8,1,2
2026-05-23 15:26:15.961000+03:00,sensor_1,-91,8,1,2
2026-05-23 15:26:17.720000+03:00,sensor_2,-78,8,1,2
2026-05-23 15:26:20.491000+03:00,sensor_4,-93,8,1,2
2026-05-23 15:26:20.888000+03:00,sensor_3,-80,8,1,2
2026-05-23 15:26:23.495000+03:00,sensor_1,-82,8,1,2
2026-05-23 15:26:25.194000+03:00,sensor_2,-92,8,1,2
2026-05-23 15:26:27.975000+03:00,sensor_4,-87,8,1,2
2026-05-23 15:26:28.523000+03:00,sensor_3,-80,8,1,2
2026-05-23 15:26:31.279000+03:00,sensor_1,-89,8,1,2
2026-05-23 15:26:32.770000+03:00,sensor_2,-77,8,1,2
2026-05-23 15:26:35.201000+03:00,sensor_4,-91,8,1,2
2026-05-23 15:26:36.107000+03:00,sensor_3,-85,8,1,2
2026-05-23 15:26:38.706000+03:00,sensor_1,-56,8,1,2
2026-05-23 15:26:40.085000+03:00,sensor_2,-78,8,1,2
2026-05-23 15:26:42.915000+03:00,sensor_4,-87,8,1,2
2026-05-23 15:26:43.581000+03:00,sensor_3,-83,8,1,2
2026-05-23 15:26:46.333000+03:00,sensor_1,-88,8,1,2
2026-05-23 15:26:47.711000+03:00,sensor_2,-76,8,1,2
2026-05-23 15:26:50.803000+03:00,sensor_4,-86,8,1,2
2026-05-23 15:26:51.053000+03:00,sensor_3,-81,8,1,2
2026-05-23 15:26:54.629000+03:00,sensor_1,-82,8,1,2
2026-05-23 15:26:55.709000+03:00,sensor_2,-76,8,1,2
2026-05-23 15:26:58.277000+03:00,sensor_4,-87,8,1,2
2026-05-23 15:26:58.627000+03:00,sensor_3,-81,8,1,2
2026-05-23 15:27:02.103000+03:00,sensor_1,-80,8,1,2
2026-05-23 15:27:03.285000+03:00,sensor_2,-71,8,1,2
2026-05-23 15:27:05.961000+03:00,sensor_4,-93,8,1,2
2026-05-23 15:27:06.102000+03:00,sensor_3,-76,8,1,2
2026-05-23 15:27:09.377000+03:00,sensor_1,-59,0,0,0
2026-05-23 15:27:10.560000+03:00,sensor_2,-54,0,0,0
2026-05-23 15:27:13.376000+03:00,sensor_3,-56,0,0,0
2026-05-23 15:27:13.538000+03:00,sensor_4,-59,0,0,0
2026-05-23 15:27:16.652000+03:00,sensor_1,-58,0,0,0
2026-05-23 15:27:18.135000+03:00,sensor_2,-52,0,0,0
2026-05-23 15:27:20.651000+03:00,sensor_3,-57,0,0,0
2026-05-23 15:27:21.013000+03:00,sensor_4,-61,0,0,0
2026-05-23 15:27:24.116000+03:00,sensor_1,-58,0,0,0
2026-05-23 15:27:25.813000+03:00,sensor_2,-54,0,0,0
2026-05-23 15:27:27.766000+03:00,sensor_3,-56,0,0,0
2026-05-23 15:27:31.805000+03:00,sensor_1,-58,0,0,0
2026-05-23 15:27:33.088000+03:00,sensor_2,-54,0,0,0
2026-05-23 15:27:33.262000+03:00,sensor_4,-59,0,0,0
2026-05-23 15:27:34.991000+03:00,sensor_3,-56,0,0,0
2026-05-23 15:27:39.080000+03:00,sensor_1,-58,0,0,0
2026-05-23 15:27:40.463000+03:00,sensor_2,-54,0,0,0
2026-05-23 15:27:42.254000+03:00,sensor_3,-57,0,0,0
2026-05-23 15:27:42.307000+03:00,sensor_4,-60,0,0,0
2026-05-23 15:27:46.344000+03:00,sensor_1,-59,0,0,0
2026-05-23 15:27:47.928000+03:00,sensor_2,-53,0,0,0
2026-05-23 15:27:49.528000+03:00,sensor_3,-57,0,0,0
2026-05-23 15:27:51.641000+03:00,sensor_4,-60,0,0,0
2026-05-23 15:27:53.619000+03:00,sensor_1,-58,0,0,0
2026-05-23 15:27:55.615000+03:00,sensor_2,-52,0,0,0
2026-05-23 15:27:59.015000+03:00,sensor_4,-59,0,0,0
2026-05-23 15:28:00.983000+03:00,sensor_1,-55,0,0,0
2026-05-23 15:28:02.889000+03:00,sensor_2,-54,0,0,0
2026-05-23 15:28:04.064000+03:00,sensor_3,-58,0,0,0
2026-05-23 15:28:06.379000+03:00,sensor_4,-62,0,0,0
2026-05-23 15:28:09.281000+03:00,sensor_1,-59,0,0,0
2026-05-23 15:28:10.353000+03:00,sensor_2,-53,0,0,0
2026-05-23 15:28:11.747000+03:00,sensor_3,-61,0,0,0
2026-05-23 15:28:13.853000+03:00,sensor_4,-63,0,0,0
2026-05-23 15:28:17.019000+03:00,sensor_1,-56,0,0,0
2026-05-23 15:28:18.041000+03:00,sensor_2,-53,0,0,0
2026-05-23 15:28:19.121000+03:00,sensor_3,-57,0,0,0
2026-05-23 15:28:21.541000+03:00,sensor_4,-61,0,0,0
2026-05-23 15:28:24.846000+03:00,sensor_1,-58,0,0,0
2026-05-23 15:28:25.670000+03:00,sensor_2,-51,0,0,0
2026-05-23 15:28:26.799000+03:00,sensor_3,-62,0,0,0
2026-05-23 15:28:28.805000+03:00,sensor_4,-59,0,0,0
2026-05-23 15:28:32.070000+03:00,sensor_1,-58,0,0,0
2026-05-23 15:28:32.994000+03:00,sensor_2,-52,0,0,0
2026-05-23 15:28:33.913000+03:00,sensor_3,-60,0,0,0
2026-05-23 15:28:36.280000+03:00,sensor_4,-57,0,0,0
2026-05-23 15:28:39.424000+03:00,sensor_1,-57,0,0,0
2026-05-23 15:28:40.780000+03:00,sensor_2,-53,0,0,0
2026-05-23 15:28:41.139000+03:00,sensor_3,-60,0,0,0
2026-05-23 15:28:43.967000+03:00,sensor_4,-57,0,0,0
2026-05-23 15:28:47.072000+03:00,sensor_1,-58,0,0,0
2026-05-23 15:28:48.194000+03:00,sensor_2,-53,0,0,0
2026-05-23 15:28:48.614000+03:00,sensor_3,-60,0,0,0
2026-05-23 15:28:51.231000+03:00,sensor_4,-59,0,0,0
2026-05-23 15:28:54.336000+03:00,sensor_1,-54,0,0,0
2026-05-23 15:28:55.721000+03:00,sensor_2,-54,0,0,0
2026-05-23 15:28:56.601000+03:00,sensor_3,-58,0,0,0
2026-05-23 15:28:58.446000+03:00,sensor_4,-58,0,0,0
2026-05-23 15:29:01.710000+03:00,sensor_1,-57,0,0,0
2026-05-23 15:29:03.197000+03:00,sensor_2,-52,0,0,0
2026-05-23 15:29:04.639000+03:00,sensor_3,-62,0,0,0
2026-05-23 15:29:06.080000+03:00,sensor_4,-60,0,0,0
2026-05-23 15:29:08.824000+03:00,sensor_1,-55,0,0,0
2026-05-23 15:29:10.885000+03:00,sensor_2,-56,0,0,0
2026-05-23 15:29:12.888000+03:00,sensor_3,-56,0,0,0
2026-05-23 15:29:13.867000+03:00,sensor_4,-62,0,0,0
2026-05-23 15:29:16.149000+03:00,sensor_1,-58,0,0,0
2026-05-23 15:29:18.150000+03:00,sensor_2,-54,0,0,0
2026-05-23 15:29:20.293000+03:00,sensor_3,-55,0,0,0
2026-05-23 15:29:21.171000+03:00,sensor_4,-60,0,0,0
2026-05-23 15:29:23.425000+03:00,sensor_1,-58,0,0,0
2026-05-23 15:29:25.624000+03:00,sensor_2,-54,0,0,0
2026-05-23 15:29:27.841000+03:00,sensor_3,-57,0,0,0
2026-05-23 15:29:30.690000+03:00,sensor_1,-58,0,0,0
2026-05-23 15:29:33.300000+03:00,sensor_2,-53,0,0,0
2026-05-23 15:29:35.005000+03:00,sensor_3,-57,0,0,0
2026-05-23 15:29:36.708000+03:00,sensor_4,-60,0,0,0
2026-05-23 15:29:37.965000+03:00,sensor_1,-58,0,0,0
2026-05-23 15:29:40.673000+03:00,sensor_2,-53,0,0,0
2026-05-23 15:29:42.270000+03:00,sensor_3,-57,0,0,0
2026-05-23 15:29:44.233000+03:00,sensor_4,-61,0,0,0
2026-05-23 15:29:45.440000+03:00,sensor_1,-56,0,0,0
2026-05-23 15:29:48.100000+03:00,sensor_2,-53,0,0,0
2026-05-23 15:29:49.544000+03:00,sensor_3,-57,0,0,0
2026-05-23 15:29:51.588000+03:00,sensor_4,-61,0,0,0
2026-05-23 15:29:53.118000+03:00,sensor_1,-58,0,0,0
2026-05-23 15:29:55.465000+03:00,sensor_2,-54,0,0,0
2026-05-23 15:29:56.848000+03:00,sensor_3,-57,0,0,0
2026-05-23 15:29:59.266000+03:00,sensor_4,-62,0,0,0
2026-05-23 15:30:00.224000+03:00,sensor_1,-58,0,0,0
2026-05-23 15:30:03.093000+03:00,sensor_2,-52,0,0,0
2026-05-23 15:30:04.496000+03:00,sensor_3,-57,0,0,0
2026-05-23 15:30:06.955000+03:00,sensor_4,-59,0,0,0
2026-05-23 15:30:07.468000+03:00,sensor_1,-56,0,0,0
2026-05-23 15:30:10.781000+03:00,sensor_2,-54,0,0,0
2026-05-23 15:30:11.760000+03:00,sensor_3,-56,0,0,0
2026-05-23 15:30:14.584000+03:00,sensor_4,-59,0,0,0
2026-05-23 15:30:14.671000+03:00,sensor_1,-58,0,0,0
2026-05-23 15:30:18.056000+03:00,sensor_2,-54,0,0,0
2026-05-23 15:30:18.874000+03:00,sensor_3,-57,0,0,0
2026-05-23 15:30:21.737000+03:00,sensor_1,-56,0,0,0
2026-05-23 15:30:21.859000+03:00,sensor_4,-59,0,0,0
2026-05-23 15:30:25.272000+03:00,sensor_2,-54,0,0,0
2026-05-23 15:30:26.299000+03:00,sensor_3,-57,0,0,0
2026-05-23 15:30:29.323000+03:00,sensor_4,-59,0,0,0
2026-05-23 15:30:32.496000+03:00,sensor_2,-54,0,0,0
2026-05-23 15:30:33.736000+03:00,sensor_3,-57,0,0,0
2026-05-23 15:30:36.167000+03:00,sensor_1,-58,0,0,0
2026-05-23 15:30:37.011000+03:00,sensor_4,-59,0,0,0
2026-05-23 15:30:39.710000+03:00,sensor_2,-52,0,0,0
2026-05-23 15:30:40.991000+03:00,sensor_3,-56,0,0,0
2026-05-23 15:30:43.844000+03:00,sensor_1,-59,0,0,0
2026-05-23 15:30:44.225000+03:00,sensor_4,-61,0,0,0
2026-05-23 15:30:46.774000+03:00,sensor_2,-54,0,0,0
2026-05-23 15:30:48.825000+03:00,sensor_3,-57,0,0,0
2026-05-23 15:30:51.483000+03:00,sensor_1,-57,0,0,0
2026-05-23 15:30:51.749000+03:00,sensor_4,-59,0,0,0
2026-05-23 15:30:53.950000+03:00,sensor_2,-53,0,0,0
2026-05-23 15:30:56.719000+03:00,sensor_3,-57,0,0,0
2026-05-23 15:30:58.699000+03:00,sensor_1,-56,0,0,0
2026-05-23 15:30:59.288000+03:00,sensor_4,-59,0,0,0
2026-05-23 15:31:03.933000+03:00,sensor_3,-57,0,0,0
2026-05-23 15:31:05.924000+03:00,sensor_1,-58,0,0,0
2026-05-23 15:31:06.563000+03:00,sensor_4,-62,0,0,0
2026-05-23 15:31:07.716000+03:00,sensor_2,-54,0,0,0
2026-05-23 15:31:11.359000+03:00,sensor_3,-57,0,0,0
2026-05-23 15:31:13.249000+03:00,sensor_1,-58,0,0,0
2026-05-23 15:31:13.667000+03:00,sensor_4,-59,0,0,0
2026-05-23 15:31:15.191000+03:00,sensor_2,-53,0,0,0
2026-05-23 15:31:20.415000+03:00,sensor_1,-56,0,0,0
2026-05-23 15:31:21.083000+03:00,sensor_3,-55,0,0,0
2026-05-23 15:31:22.416000+03:00,sensor_2,-54,0,0,0
2026-05-23 15:31:27.494000+03:00,sensor_4,-59,0,0,0
2026-05-23 15:31:27.730000+03:00,sensor_1,-58,0,0,0
2026-05-23 15:31:28.359000+03:00,sensor_3,-57,0,0,0
2026-05-23 15:31:29.631000+03:00,sensor_2,-54,0,0,0
2026-05-23 15:31:34.659000+03:00,sensor_4,-60,0,0,0
2026-05-23 15:31:34.844000+03:00,sensor_1,-55,0,0,0
2026-05-23 15:31:35.475000+03:00,sensor_3,-56,0,0,0
2026-05-23 15:31:36.746000+03:00,sensor_2,-54,0,0,0
2026-05-23 15:31:41.832000+03:00,sensor_4,-62,0,0,0
2026-05-23 15:31:42.170000+03:00,sensor_1,-58,0,0,0
2026-05-23 15:31:42.529000+03:00,sensor_3,-57,0,0,0
2026-05-23 15:31:43.911000+03:00,sensor_2,-54,0,0,0
2026-05-23 15:31:49.097000+03:00,sensor_4,-62,0,0,0
2026-05-23 15:31:49.604000+03:00,sensor_3,-55,0,0,0
2026-05-23 15:31:49.749000+03:00,sensor_1,-58,0,0,0
2026-05-23 15:31:51.036000+03:00,sensor_2,-54,0,0,0
2026-05-23 15:31:56.571000+03:00,sensor_4,-62,0,0,0
2026-05-23 15:31:56.863000+03:00,sensor_1,-57,0,0,0
2026-05-23 15:31:56.969000+03:00,sensor_3,-57,0,0,0
2026-05-23 15:31:58.249000+03:00,sensor_2,-54,0,0,0
2026-05-23 15:32:04.259000+03:00,sensor_4,-62,0,0,0
2026-05-23 15:32:04.287000+03:00,sensor_1,-58,0,0,0
2026-05-23 15:32:04.508000+03:00,sensor_3,-57,0,0,0
2026-05-23 15:32:05.673000+03:00,sensor_2,-54,0,0,0
2026-05-23 15:32:11.634000+03:00,sensor_4,-59,0,0,0
2026-05-23 15:32:11.724000+03:00,sensor_3,-56,0,0,0
2026-05-23 15:32:12.274000+03:00,sensor_1,-59,0,0,0
2026-05-23 15:32:12.948000+03:00,sensor_2,-52,0,0,0
2026-05-23 15:32:18.908000+03:00,sensor_4,-59,0,0,0
2026-05-23 15:32:18.947000+03:00,sensor_3,-57,0,0,0
2026-05-23 15:32:20.160000+03:00,sensor_1,-58,0,0,0
2026-05-23 15:32:20.323000+03:00,sensor_2,-54,0,0,0
2026-05-23 15:32:26.013000+03:00,sensor_4,-62,0,0,0
2026-05-23 15:32:26.163000+03:00,sensor_3,-57,0,0,0
2026-05-23 15:32:27.436000+03:00,sensor_1,-57,0,0,0
2026-05-23 15:32:27.487000+03:00,sensor_2,-54,0,0,0
2026-05-23 15:32:33.137000+03:00,sensor_4,-59,0,0,0
2026-05-23 15:32:33.588000+03:00,sensor_3,-57,0,0,0
2026-05-23 15:32:34.702000+03:00,sensor_1,-58,0,0,0
2026-05-23 15:32:34.762000+03:00,sensor_2,-54,0,0,0
2026-05-23 15:32:40.411000+03:00,sensor_4,-59,0,0,0
2026-05-23 15:32:41.162000+03:00,sensor_3,-57,0,0,0
2026-05-23 15:32:41.876000+03:00,sensor_2,-54,0,0,0
2026-05-23 15:32:47.776000+03:00,sensor_4,-62,0,0,0
2026-05-23 15:32:48.479000+03:00,sensor_1,-55,0,0,0
2026-05-23 15:32:48.901000+03:00,sensor_3,-57,0,0,0
2026-05-23 15:32:49.290000+03:00,sensor_2,-54,0,0,0
2026-05-23 15:32:55.051000+03:00,sensor_4,-59,0,0,0
2026-05-23 15:32:56.005000+03:00,sensor_1,-58,0,0,0
2026-05-23 15:32:56.478000+03:00,sensor_3,-56,0,0,0
2026-05-23 15:32:56.969000+03:00,sensor_2,-53,0,0,0
2026-05-23 15:33:02.626000+03:00,sensor_4,-59,0,0,0
2026-05-23 15:33:03.480000+03:00,sensor_1,-58,0,0,0
2026-05-23 15:33:03.532000+03:00,sensor_3,-57,0,0,0
2026-05-23 15:33:04.657000+03:00,sensor_2,-54,0,0,0
2026-05-23 15:33:10.954000+03:00,sensor_1,-82,1,1,3
2026-05-23 15:33:11.266000+03:00,sensor_3,-67,1,1,3
2026-05-23 15:33:12.232000+03:00,sensor_2,-73,1,1,3
2026-05-23 15:33:18.429000+03:00,sensor_1,-81,1,1,3
2026-05-23 15:33:19.155000+03:00,sensor_3,-67,1,1,3
2026-05-23 15:33:19.647000+03:00,sensor_2,-74,1,1,3
2026-05-23 15:33:22.327000+03:00,sensor_4,-85,1,1,3
2026-05-23 15:33:25.903000+03:00,sensor_1,-80,1,1,3
2026-05-23 15:33:26.669000+03:00,sensor_3,-67,1,1,3
2026-05-23 15:33:27.131000+03:00,sensor_2,-73,1,1,3
2026-05-23 15:33:30.072000+03:00,sensor_4,-86,1,1,3
2026-05-23 15:33:33.319000+03:00,sensor_1,-79,1,1,3
2026-05-23 15:33:34.517000+03:00,sensor_3,-65,1,1,3
2026-05-23 15:33:35.111000+03:00,sensor_2,-73,1,1,3
2026-05-23 15:33:37.636000+03:00,sensor_4,-86,1,1,3
2026-05-23 15:33:40.643000+03:00,sensor_1,-79,1,1,3
2026-05-23 15:33:42.292000+03:00,sensor_3,-66,1,1,3
2026-05-23 15:33:42.948000+03:00,sensor_2,-73,1,1,3
2026-05-23 15:33:45.373000+03:00,sensor_4,-86,1,1,3
2026-05-23 15:33:48.128000+03:00,sensor_1,-81,1,1,3
2026-05-23 15:33:49.979000+03:00,sensor_3,-65,1,1,3
2026-05-23 15:33:50.323000+03:00,sensor_2,-73,1,1,3
2026-05-23 15:33:52.748000+03:00,sensor_4,-86,1,1,3
2026-05-23 15:33:55.603000+03:00,sensor_1,-80,1,1,3
2026-05-23 15:33:57.395000+03:00,sensor_3,-66,1,1,3
2026-05-23 15:33:57.848000+03:00,sensor_2,-74,1,1,3
2026-05-23 15:33:59.924000+03:00,sensor_4,-85,1,1,3
2026-05-23 15:34:02.918000+03:00,sensor_1,-81,1,1,3
2026-05-23 15:34:04.660000+03:00,sensor_3,-65,1,1,3
2026-05-23 15:34:05.337000+03:00,sensor_2,-73,1,1,3
2026-05-23 15:34:06.989000+03:00,sensor_4,-85,1,1,3
2026-05-23 15:34:10.143000+03:00,sensor_1,-58,0,0,0
2026-05-23 15:34:11.795000+03:00,sensor_3,-57,0,0,0
2026-05-23 15:34:12.551000+03:00,sensor_2,-54,0,0,0
2026-05-23 15:34:14.503000+03:00,sensor_4,-61,0,0,0
2026-05-23 15:34:17.418000+03:00,sensor_1,-58,0,0,0
2026-05-23 15:34:19.767000+03:00,sensor_2,-54,0,0,0
2026-05-23 15:34:22.093000+03:00,sensor_4,-60,0,0,0
2026-05-23 15:34:24.523000+03:00,sensor_1,-58,0,0,0
2026-05-23 15:34:25.611000+03:00,sensor_3,-57,0,0,0
2026-05-23 15:34:27.292000+03:00,sensor_2,-53,0,0,0
2026-05-23 15:34:29.866000+03:00,sensor_4,-61,0,0,0
2026-05-23 15:34:31.747000+03:00,sensor_1,-58,0,0,0
2026-05-23 15:34:32.826000+03:00,sensor_3,-57,0,0,0
2026-05-23 15:34:34.568000+03:00,sensor_2,-53,0,0,0
2026-05-23 15:34:38.921000+03:00,sensor_1,-55,0,0,0
2026-05-23 15:34:40.051000+03:00,sensor_3,-57,0,0,0
2026-05-23 15:34:41.180000+03:00,sensor_4,-59,0,0,0
2026-05-23 15:34:41.731000+03:00,sensor_2,-53,0,0,0
2026-05-23 15:34:46.035000+03:00,sensor_1,-58,0,0,0
2026-05-23 15:34:48.347000+03:00,sensor_4,-60,0,0,0
2026-05-23 15:34:48.946000+03:00,sensor_2,-54,0,0,0
2026-05-23 15:34:53.828000+03:00,sensor_3,-56,0,0,0
2026-05-23 15:34:55.572000+03:00,sensor_4,-59,0,0,0
2026-05-23 15:34:56.172000+03:00,sensor_2,-53,0,0,0
2026-05-23 15:34:59.642000+03:00,sensor_1,-58,0,0,0
2026-05-23 15:35:01.042000+03:00,sensor_3,-57,0,0,0
2026-05-23 15:35:02.896000+03:00,sensor_4,-62,0,0,0
2026-05-23 15:35:03.447000+03:00,sensor_2,-54,0,0,0
2026-05-23 15:35:06.717000+03:00,sensor_1,-59,0,0,0
2026-05-23 15:35:08.217000+03:00,sensor_3,-57,0,0,0
2026-05-23 15:35:10.111000+03:00,sensor_4,-61,0,0,0
2026-05-23 15:35:10.822000+03:00,sensor_2,-54,0,0,0
2026-05-23 15:35:14.042000+03:00,sensor_1,-58,0,0,0
2026-05-23 15:35:15.481000+03:00,sensor_3,-57,0,0,0
2026-05-23 15:35:17.276000+03:00,sensor_4,-59,0,0,0
2026-05-23 15:35:17.937000+03:00,sensor_2,-53,0,0,0
2026-05-23 15:35:21.257000+03:00,sensor_1,-56,0,0,0
2026-05-23 15:35:22.655000+03:00,sensor_3,-57,0,0,0
2026-05-23 15:35:24.559000+03:00,sensor_4,-59,0,0,0
2026-05-23 15:35:25.361000+03:00,sensor_2,-54,0,0,0
2026-05-23 15:35:28.793000+03:00,sensor_1,-58,0,0,0
2026-05-23 15:35:29.871000+03:00,sensor_3,-57,0,0,0
2026-05-23 15:35:31.825000+03:00,sensor_4,-59,0,0,0
2026-05-23 15:35:32.566000+03:00,sensor_2,-53,0,0,0
2026-05-23 15:35:35.897000+03:00,sensor_1,-56,0,0,0
2026-05-23 15:35:37.094000+03:00,sensor_3,-57,0,0,0
2026-05-23 15:35:39.199000+03:00,sensor_4,-62,0,0,0
2026-05-23 15:35:39.690000+03:00,sensor_2,-53,0,0,0
2026-05-23 15:35:42.963000+03:00,sensor_1,-58,0,0,0
2026-05-23 15:35:46.463000+03:00,sensor_4,-61,0,0,0
2026-05-23 15:35:46.915000+03:00,sensor_2,-53,0,0,0
2026-05-23 15:35:50.198000+03:00,sensor_1,-56,0,0,0
2026-05-23 15:35:50.751000+03:00,sensor_3,-57,0,0,0
2026-05-23 15:35:54.130000+03:00,sensor_2,-53,0,0,0
2026-05-23 15:35:57.402000+03:00,sensor_1,-55,0,0,0
2026-05-23 15:35:58.085000+03:00,sensor_3,-57,0,0,0
2026-05-23 15:36:00.388000+03:00,sensor_4,-62,0,0,0
2026-05-23 15:36:01.405000+03:00,sensor_2,-53,0,0,0
2026-05-23 15:36:04.836000+03:00,sensor_1,-56,0,0,0
2026-05-23 15:36:05.349000+03:00,sensor_3,-57,0,0,0
2026-05-23 15:36:07.662000+03:00,sensor_4,-62,0,0,0
2026-05-23 15:36:08.779000+03:00,sensor_2,-54,0,0,0
2026-05-23 15:36:12.251000+03:00,sensor_1,-67,2,1,3
2026-05-23 15:36:12.773000+03:00,sensor_3,-68,2,1,3
2026-05-23 15:36:15.136000+03:00,sensor_4,-74,2,1,3
2026-05-23 15:36:16.245000+03:00,sensor_2,-68,2,1,3
2026-05-23 15:36:19.775000+03:00,sensor_1,-67,2,1,3
2026-05-23 15:36:20.297000+03:00,sensor_3,-68,2,1,3
2026-05-23 15:36:22.611000+03:00,sensor_4,-74,2,1,3
2026-05-23 15:36:23.820000+03:00,sensor_2,-68,2,1,3
2026-05-23 15:36:27.209000+03:00,sensor_1,-68,2,1,3
2026-05-23 15:36:27.771000+03:00,sensor_3,-69,2,1,3
2026-05-23 15:36:30.086000+03:00,sensor_4,-74,2,1,3
2026-05-23 15:36:31.193000+03:00,sensor_2,-68,2,1,3
2026-05-23 15:36:34.624000+03:00,sensor_1,-67,2,1,3
2026-05-23 15:36:35.356000+03:00,sensor_3,-69,2,1,3
2026-05-23 15:36:37.560000+03:00,sensor_4,-74,2,1,3
2026-05-23 15:36:38.567000+03:00,sensor_2,-68,2,1,3
2026-05-23 15:36:42.148000+03:00,sensor_1,-67,2,1,3
2026-05-23 15:36:42.831000+03:00,sensor_3,-69,2,1,3
2026-05-23 15:36:45.135000+03:00,sensor_4,-73,2,1,3
2026-05-23 15:36:46.961000+03:00,sensor_2,-67,2,1,3
2026-05-23 15:36:49.674000+03:00,sensor_1,-69,2,1,3
2026-05-23 15:36:50.406000+03:00,sensor_3,-70,2,1,3
2026-05-23 15:36:52.609000+03:00,sensor_4,-74,2,1,3
2026-05-23 15:36:54.446000+03:00,sensor_2,-68,2,1,3
2026-05-23 15:36:57.159000+03:00,sensor_1,-68,2,1,3
2026-05-23 15:36:57.881000+03:00,sensor_3,-70,2,1,3
2026-05-23 15:37:00.083000+03:00,sensor_4,-74,2,1,3
2026-05-23 15:37:01.921000+03:00,sensor_2,-67,2,1,3
2026-05-23 15:37:04.734000+03:00,sensor_1,-68,2,1,3
2026-05-23 15:37:05.357000+03:00,sensor_3,-70,2,1,3
2026-05-23 15:37:07.968000+03:00,sensor_4,-74,2,1,3
2026-05-23 15:37:10.415000+03:00,sensor_2,-53,0,0,0
2026-05-23 15:37:11.858000+03:00,sensor_1,-55,0,0,0
2026-05-23 15:37:12.632000+03:00,sensor_3,-57,0,0,0
2026-05-23 15:37:15.253000+03:00,sensor_4,-62,0,0,0
2026-05-23 15:37:17.689000+03:00,sensor_2,-54,0,0,0
2026-05-23 15:37:18.975000+03:00,sensor_1,-57,0,0,0
2026-05-23 15:37:19.797000+03:00,sensor_3,-57,0,0,0
2026-05-23 15:37:22.458000+03:00,sensor_4,-59,0,0,0
2026-05-23 15:37:24.964000+03:00,sensor_2,-54,0,0,0
2026-05-23 15:37:26.339000+03:00,sensor_1,-59,0,0,0
2026-05-23 15:37:27.072000+03:00,sensor_3,-56,0,0,0
2026-05-23 15:37:29.792000+03:00,sensor_4,-62,0,0,0
2026-05-23 15:37:32.228000+03:00,sensor_2,-54,0,0,0
2026-05-23 15:37:33.614000+03:00,sensor_1,-59,0,0,0
2026-05-23 15:37:34.336000+03:00,sensor_3,-57,0,0,0
2026-05-23 15:37:37.057000+03:00,sensor_4,-60,0,0,0
2026-05-23 15:37:39.602000+03:00,sensor_2,-54,0,0,0
2026-05-23 15:37:40.729000+03:00,sensor_1,-58,0,0,0
2026-05-23 15:37:41.610000+03:00,sensor_3,-57,0,0,0
2026-05-23 15:37:44.331000+03:00,sensor_4,-60,0,0,0
2026-05-23 15:37:46.827000+03:00,sensor_2,-54,0,0,0
2026-05-23 15:37:48.054000+03:00,sensor_1,-55,0,0,0
2026-05-23 15:37:48.884000+03:00,sensor_3,-57,0,0,0
2026-05-23 15:37:51.596000+03:00,sensor_4,-59,0,0,0
2026-05-23 15:37:54.090000+03:00,sensor_2,-54,0,0,0
2026-05-23 15:37:55.320000+03:00,sensor_1,-58,0,0,0
2026-05-23 15:37:56.259000+03:00,sensor_3,-57,0,0,0
2026-05-23 15:37:58.871000+03:00,sensor_4,-59,0,0,0
2026-05-23 15:38:01.315000+03:00,sensor_2,-53,0,0,0
2026-05-23 15:38:02.596000+03:00,sensor_1,-55,0,0,0
2026-05-23 15:38:03.524000+03:00,sensor_3,-55,0,0,0
2026-05-23 15:38:06.145000+03:00,sensor_4,-62,0,0,0
2026-05-23 15:38:08.579000+03:00,sensor_2,-54,0,0,0
2026-05-23 15:38:09.702000+03:00,sensor_1,-55,0,0,0
2026-05-23 15:38:10.429000+03:00,sensor_3,-56,0,0,0
2026-05-23 15:38:13.408000+03:00,sensor_4,-62,0,0,0
2026-05-23 15:38:15.853000+03:00,sensor_2,-52,0,0,0
2026-05-23 15:38:16.827000+03:00,sensor_1,-56,0,0,0
2026-05-23 15:38:17.654000+03:00,sensor_3,-55,0,0,0
2026-05-23 15:38:20.623000+03:00,sensor_4,-59,0,0,0
2026-05-23 15:38:23.127000+03:00,sensor_2,-54,0,0,0
2026-05-23 15:38:24.101000+03:00,sensor_1,-55,0,0,0
2026-05-23 15:38:24.929000+03:00,sensor_3,-59,0,0,0
2026-05-23 15:38:27.847000+03:00,sensor_4,-61,0,0,0
2026-05-23 15:38:30.391000+03:00,sensor_2,-53,0,0,0
2026-05-23 15:38:31.266000+03:00,sensor_1,-55,0,0,0
2026-05-23 15:38:32.192000+03:00,sensor_3,-55,0,0,0
2026-05-23 15:38:35.121000+03:00,sensor_4,-60,0,0,0
2026-05-23 15:38:37.665000+03:00,sensor_2,-50,0,0,0
2026-05-23 15:38:38.531000+03:00,sensor_1,-55,0,0,0
2026-05-23 15:38:39.467000+03:00,sensor_3,-57,0,0,0
2026-05-23 15:38:42.385000+03:00,sensor_4,-62,0,0,0
2026-05-23 15:38:44.941000+03:00,sensor_2,-53,0,0,0
2026-05-23 15:38:45.644000+03:00,sensor_1,-58,0,0,0
2026-05-23 15:38:46.741000+03:00,sensor_3,-57,0,0,0
2026-05-23 15:38:49.660000+03:00,sensor_4,-62,0,0,0
2026-05-23 15:38:52.107000+03:00,sensor_2,-53,0,0,0
2026-05-23 15:38:52.868000+03:00,sensor_1,-55,0,0,0
2026-05-23 15:38:54.006000+03:00,sensor_3,-57,0,0,0
2026-05-23 15:38:56.935000+03:00,sensor_4,-62,0,0,0
2026-05-23 15:38:59.272000+03:00,sensor_2,-54,0,0,0
2026-05-23 15:38:59.984000+03:00,sensor_1,-58,0,0,0
2026-05-23 15:39:01.110000+03:00,sensor_3,-57,0,0,0
2026-05-23 15:39:04.199000+03:00,sensor_4,-62,0,0,0
2026-05-23 15:39:06.496000+03:00,sensor_2,-53,0,0,0
2026-05-23 15:39:07.309000+03:00,sensor_1,-55,0,0,0
2026-05-23 15:39:08.545000+03:00,sensor_3,-70,3,1,3
2026-05-23 15:39:11.673000+03:00,sensor_4,-72,3,1,3
2026-05-23 15:39:13.810000+03:00,sensor_2,-67,3,1,3
2026-05-23 15:39:14.784000+03:00,sensor_1,-65,3,1,3
2026-05-23 15:39:15.969000+03:00,sensor_3,-70,3,1,3
2026-05-23 15:39:19.148000+03:00,sensor_4,-73,3,1,3
2026-05-23 15:39:21.385000+03:00,sensor_2,-65,3,1,3
2026-05-23 15:39:22.368000+03:00,sensor_1,-67,3,1,3
2026-05-23 15:39:23.294000+03:00,sensor_3,-72,3,1,3
2026-05-23 15:39:26.752000+03:00,sensor_4,-74,3,1,3
2026-05-23 15:39:28.888000+03:00,sensor_2,-66,3,1,3
2026-05-23 15:39:29.802000+03:00,sensor_1,-66,3,1,3
2026-05-23 15:39:30.978000+03:00,sensor_3,-71,3,1,3
2026-05-23 15:39:34.306000+03:00,sensor_4,-73,3,1,3
2026-05-23 15:39:36.282000+03:00,sensor_2,-67,3,1,3
2026-05-23 15:39:37.066000+03:00,sensor_1,-65,3,1,3
2026-05-23 15:39:38.442000+03:00,sensor_3,-71,3,1,3
2026-05-23 15:39:41.779000+03:00,sensor_4,-73,3,1,3
2026-05-23 15:39:43.706000+03:00,sensor_2,-67,3,1,3
2026-05-23 15:39:44.479000+03:00,sensor_1,-65,3,1,3
2026-05-23 15:39:45.766000+03:00,sensor_3,-70,3,1,3
2026-05-23 15:39:49.304000+03:00,sensor_4,-72,3,1,3
2026-05-23 15:39:51.131000+03:00,sensor_2,-67,3,1,3
2026-05-23 15:39:53.499000+03:00,sensor_3,-70,3,1,3
2026-05-23 15:39:56.253000+03:00,sensor_1,-64,3,1,3
2026-05-23 15:39:56.829000+03:00,sensor_4,-72,3,1,3
2026-05-23 15:39:58.766000+03:00,sensor_2,-67,3,1,3
2026-05-23 15:40:00.915000+03:00,sensor_3,-70,3,1,3
2026-05-23 15:40:04.305000+03:00,sensor_4,-72,3,1,3
2026-05-23 15:40:04.543000+03:00,sensor_1,-65,3,1,3
2026-05-23 15:40:06.140000+03:00,sensor_2,-53,0,0,0
2026-05-23 15:40:08.151000+03:00,sensor_3,-57,0,0,0
2026-05-23 15:40:11.530000+03:00,sensor_4,-59,0,0,0
2026-05-23 15:40:11.666000+03:00,sensor_1,-58,0,0,0
2026-05-23 15:40:13.404000+03:00,sensor_2,-53,0,0,0
2026-05-23 15:40:15.316000+03:00,sensor_3,-57,0,0,0
2026-05-23 15:40:18.781000+03:00,sensor_1,-55,0,0,0
2026-05-23 15:40:20.628000+03:00,sensor_2,-53,0,0,0
2026-05-23 15:40:22.481000+03:00,sensor_3,-55,0,0,0
2026-05-23 15:40:23.104000+03:00,sensor_4,-63,0,0,0
2026-05-23 15:40:25.954000+03:00,sensor_1,-57,0,0,0
2026-05-23 15:40:27.741000+03:00,sensor_2,-51,0,0,0
2026-05-23 15:40:29.755000+03:00,sensor_3,-56,0,0,0
2026-05-23 15:40:30.731000+03:00,sensor_4,-60,0,0,0
2026-05-23 15:40:33.220000+03:00,sensor_1,-56,0,0,0
2026-05-23 15:40:35.015000+03:00,sensor_2,-53,0,0,0
2026-05-23 15:40:37.428000+03:00,sensor_3,-56,0,0,0
2026-05-23 15:40:37.835000+03:00,sensor_4,-61,0,0,0
2026-05-23 15:40:41.624000+03:00,sensor_1,-58,0,0,0
2026-05-23 15:40:42.290000+03:00,sensor_2,-54,0,0,0
2026-05-23 15:40:44.703000+03:00,sensor_3,-56,0,0,0
2026-05-23 15:40:45.270000+03:00,sensor_4,-59,0,0,0
2026-05-23 15:40:49.098000+03:00,sensor_1,-55,0,0,0
2026-05-23 15:40:49.406000+03:00,sensor_2,-53,0,0,0
2026-05-23 15:40:52.028000+03:00,sensor_3,-57,0,0,0
2026-05-23 15:40:52.485000+03:00,sensor_4,-60,0,0,0
2026-05-23 15:40:56.362000+03:00,sensor_1,-55,0,0,0
2026-05-23 15:40:56.620000+03:00,sensor_2,-54,0,0,0
2026-05-23 15:40:59.552000+03:00,sensor_3,-57,0,0,0
2026-05-23 15:40:59.609000+03:00,sensor_4,-60,0,0,0
2026-05-23 15:41:03.736000+03:00,sensor_1,-58,0,0,0
2026-05-23 15:41:03.995000+03:00,sensor_2,-54,0,0,0
2026-05-23 15:41:06.677000+03:00,sensor_3,-57,0,0,0
2026-05-23 15:41:06.725000+03:00,sensor_4,-62,0,0,0
2026-05-23 15:41:11.110000+03:00,sensor_1,-57,0,0,0
2026-05-23 15:41:11.369000+03:00,sensor_2,-52,0,0,0
2026-05-23 15:41:13.891000+03:00,sensor_3,-57,0,0,0
2026-05-23 15:41:14.040000+03:00,sensor_4,-61,0,0,0
2026-05-23 15:41:18.384000+03:00,sensor_1,-55,0,0,0
2026-05-23 15:41:18.742000+03:00,sensor_2,-53,0,0,0
2026-05-23 15:41:21.115000+03:00,sensor_3,-57,0,0,0
2026-05-23 15:41:21.414000+03:00,sensor_4,-60,0,0,0
2026-05-23 15:41:25.758000+03:00,sensor_1,-56,0,0,0
2026-05-23 15:41:26.007000+03:00,sensor_2,-54,0,0,0
2026-05-23 15:41:28.469000+03:00,sensor_3,-56,0,0,0
2026-05-23 15:41:28.529000+03:00,sensor_4,-59,0,0,0
2026-05-23 15:41:33.083000+03:00,sensor_1,-58,0,0,0
2026-05-23 15:41:33.233000+03:00,sensor_2,-52,0,0,0
2026-05-23 15:41:35.554000+03:00,sensor_3,-57,0,0,0
2026-05-23 15:41:35.754000+03:00,sensor_4,-61,0,0,0
2026-05-23 15:41:40.287000+03:00,sensor_2,-53,0,0,0
2026-05-23 15:41:40.408000+03:00,sensor_1,-57,0,0,0
2026-05-23 15:41:42.809000+03:00,sensor_3,-57,0,0,0
2026-05-23 15:41:42.869000+03:00,sensor_4,-62,0,0,0
2026-05-23 15:41:47.622000+03:00,sensor_2,-52,0,0,0
2026-05-23 15:41:48.183000+03:00,sensor_1,-55,0,0,0
2026-05-23 15:41:49.934000+03:00,sensor_3,-57,0,0,0
2026-05-23 15:41:49.983000+03:00,sensor_4,-60,0,0,0
2026-05-23 15:41:55.196000+03:00,sensor_2,-53,0,0,0
2026-05-23 15:41:55.557000+03:00,sensor_1,-55,0,0,0
2026-05-23 15:41:57.098000+03:00,sensor_3,-57,0,0,0
2026-05-23 15:41:57.257000+03:00,sensor_4,-60,0,0,0
2026-05-23 15:42:02.569000+03:00,sensor_2,-53,0,0,0
2026-05-23 15:42:03.031000+03:00,sensor_1,-55,0,0,0
2026-05-23 15:42:04.314000+03:00,sensor_3,-57,0,0,0
2026-05-23 15:42:04.631000+03:00,sensor_4,-60,0,0,0
2026-05-23 15:42:10.034000+03:00,sensor_2,-75,4,1,3
2026-05-23 15:42:10.605000+03:00,sensor_1,-65,4,1,3
2026-05-23 15:42:11.747000+03:00,sensor_4,-67,4,1,3
2026-05-23 15:42:11.839000+03:00,sensor_3,-67,4,1,3
2026-05-23 15:42:17.356000+03:00,sensor_2,-74,4,1,3
2026-05-23 15:42:17.930000+03:00,sensor_1,-65,4,1,3
2026-05-23 15:42:19.021000+03:00,sensor_4,-69,4,1,3
2026-05-23 15:42:19.214000+03:00,sensor_3,-68,4,1,3
2026-05-23 15:42:24.882000+03:00,sensor_2,-73,4,1,3
2026-05-23 15:42:25.456000+03:00,sensor_1,-65,4,1,3
2026-05-23 15:42:26.436000+03:00,sensor_4,-68,4,1,3
2026-05-23 15:42:26.689000+03:00,sensor_3,-67,4,1,3
2026-05-23 15:42:32.567000+03:00,sensor_2,-73,4,1,3
2026-05-23 15:42:32.821000+03:00,sensor_1,-65,4,1,3
2026-05-23 15:42:33.860000+03:00,sensor_4,-68,4,1,3
2026-05-23 15:42:34.114000+03:00,sensor_3,-67,4,1,3
2026-05-23 15:42:40.041000+03:00,sensor_2,-73,4,1,3
2026-05-23 15:42:40.246000+03:00,sensor_1,-65,4,1,3
2026-05-23 15:42:41.104000+03:00,sensor_4,-68,4,1,3
2026-05-23 15:42:41.538000+03:00,sensor_3,-67,4,1,3
2026-05-23 15:42:47.524000+03:00,sensor_2,-73,4,1,3
2026-05-23 15:42:47.670000+03:00,sensor_1,-65,4,1,3
2026-05-23 15:42:48.397000+03:00,sensor_4,-68,4,1,3
2026-05-23 15:42:49.012000+03:00,sensor_3,-66,4,1,3
2026-05-23 15:42:55.098000+03:00,sensor_2,-74,4,1,3
2026-05-23 15:42:55.245000+03:00,sensor_1,-65,4,1,3
2026-05-23 15:42:55.932000+03:00,sensor_4,-68,4,1,3
2026-05-23 15:42:56.536000+03:00,sensor_3,-67,4,1,3
2026-05-23 15:43:02.672000+03:00,sensor_2,-73,4,1,3
2026-05-23 15:43:02.832000+03:00,sensor_1,-65,4,1,3
2026-05-23 15:43:03.406000+03:00,sensor_4,-69,4,1,3
2026-05-23 15:43:03.961000+03:00,sensor_3,-67,4,1,3
2026-05-23 15:43:10.045000+03:00,sensor_2,-54,0,0,0
2026-05-23 15:43:10.206000+03:00,sensor_1,-58,0,0,0
2026-05-23 15:43:10.780000+03:00,sensor_4,-59,0,0,0
2026-05-23 15:43:11.236000+03:00,sensor_3,-56,0,0,0
2026-05-23 15:43:17.471000+03:00,sensor_1,-56,0,0,0
2026-05-23 15:43:17.945000+03:00,sensor_4,-60,0,0,0
2026-05-23 15:43:18.510000+03:00,sensor_3,-57,0,0,0
2026-05-23 15:43:18.960000+03:00,sensor_2,-51,0,0,0
2026-05-23 15:43:24.747000+03:00,sensor_1,-58,0,0,0
2026-05-23 15:43:25.169000+03:00,sensor_4,-62,0,0,0
2026-05-23 15:43:25.785000+03:00,sensor_3,-57,0,0,0
2026-05-23 15:43:26.225000+03:00,sensor_2,-53,0,0,0
2026-05-23 15:43:32.121000+03:00,sensor_1,-60,0,0,0
2026-05-23 15:43:32.435000+03:00,sensor_4,-60,0,0,0
2026-05-23 15:43:33.049000+03:00,sensor_3,-57,0,0,0
2026-05-23 15:43:33.500000+03:00,sensor_2,-53,0,0,0
2026-05-23 15:43:39.496000+03:00,sensor_1,-55,0,0,0
2026-05-23 15:43:39.659000+03:00,sensor_4,-60,0,0,0
2026-05-23 15:43:40.174000+03:00,sensor_3,-57,0,0,0
2026-05-23 15:43:40.873000+03:00,sensor_2,-54,0,0,0
2026-05-23 15:43:46.601000+03:00,sensor_1,-55,0,0,0
2026-05-23 15:43:46.774000+03:00,sensor_4,-62,0,0,0
2026-05-23 15:43:47.339000+03:00,sensor_3,-57,0,0,0
2026-05-23 15:43:53.826000+03:00,sensor_1,-58,0,0,0
2026-05-23 15:43:54.394000+03:00,sensor_3,-57,0,0,0
2026-05-23 15:43:54.637000+03:00,sensor_2,-54,0,0,0
2026-05-23 15:44:00.552000+03:00,sensor_4,-60,0,0,0
2026-05-23 15:44:01.201000+03:00,sensor_1,-59,0,0,0
2026-05-23 15:44:01.618000+03:00,sensor_3,-57,0,0,0
2026-05-23 15:44:01.861000+03:00,sensor_2,-53,0,0,0
2026-05-23 15:44:07.666000+03:00,sensor_4,-62,0,0,0
2026-05-23 15:44:08.476000+03:00,sensor_1,-58,0,0,0
2026-05-23 15:44:09.144000+03:00,sensor_2,-54,0,0,0
2026-05-23 15:44:10.533000+03:00,sensor_3,-57,0,0,0
2026-05-23 15:44:14.881000+03:00,sensor_4,-62,0,0,0
2026-05-23 15:44:15.640000+03:00,sensor_1,-59,0,0,0
2026-05-23 15:44:16.348000+03:00,sensor_2,-54,0,0,0
2026-05-23 15:44:17.806000+03:00,sensor_3,-57,0,0,0
2026-05-23 15:44:22.156000+03:00,sensor_4,-60,0,0,0
2026-05-23 15:44:22.913000+03:00,sensor_1,-59,0,0,0
2026-05-23 15:44:23.572000+03:00,sensor_2,-54,0,0,0
2026-05-23 15:44:25.171000+03:00,sensor_3,-57,0,0,0
2026-05-23 15:44:29.429000+03:00,sensor_4,-62,0,0,0
2026-05-23 15:44:30.178000+03:00,sensor_1,-56,0,0,0
2026-05-23 15:44:30.946000+03:00,sensor_2,-54,0,0,0
2026-05-23 15:44:32.445000+03:00,sensor_3,-57,0,0,0
2026-05-23 15:44:36.713000+03:00,sensor_4,-62,0,0,0
2026-05-23 15:44:37.652000+03:00,sensor_1,-59,0,0,0
2026-05-23 15:44:38.321000+03:00,sensor_2,-53,0,0,0
2026-05-23 15:44:39.819000+03:00,sensor_3,-57,0,0,0
2026-05-23 15:44:43.968000+03:00,sensor_4,-60,0,0,0
2026-05-23 15:44:44.828000+03:00,sensor_1,-56,0,0,0
2026-05-23 15:44:45.425000+03:00,sensor_2,-53,0,0,0
2026-05-23 15:44:46.922000+03:00,sensor_3,-57,0,0,0
2026-05-23 15:44:51.233000+03:00,sensor_4,-61,0,0,0
2026-05-23 15:44:52.094000+03:00,sensor_1,-58,0,0,0
2026-05-23 15:44:52.758000+03:00,sensor_2,-51,0,0,0
2026-05-23 15:44:54.097000+03:00,sensor_3,-57,0,0,0
2026-05-23 15:44:58.608000+03:00,sensor_4,-60,0,0,0
2026-05-23 15:44:59.368000+03:00,sensor_1,-59,0,0,0
2026-05-23 15:45:00.032000+03:00,sensor_2,-53,0,0,0
2026-05-23 15:45:01.222000+03:00,sensor_3,-57,0,0,0
2026-05-23 15:45:05.982000+03:00,sensor_4,-60,0,0,0
2026-05-23 15:45:06.632000+03:00,sensor_1,-56,0,0,0
2026-05-23 15:45:07.297000+03:00,sensor_2,-53,0,0,0
2026-05-23 15:45:08.487000+03:00,sensor_3,-57,0,0,0
2026-05-23 15:45:13.457000+03:00,sensor_4,-73,5,1,3
2026-05-23 15:45:14.106000+03:00,sensor_1,-65,5,1,3
2026-05-23 15:45:14.771000+03:00,sensor_2,-85,5,1,3
2026-05-23 15:45:20.261000+03:00,sensor_3,-68,5,1,3
2026-05-23 15:45:20.921000+03:00,sensor_4,-72,5,1,3
2026-05-23 15:45:21.581000+03:00,sensor_1,-65,5,1,3
2026-05-23 15:45:22.346000+03:00,sensor_2,-84,5,1,3
2026-05-23 15:45:27.942000+03:00,sensor_3,-68,5,1,3
2026-05-23 15:45:28.405000+03:00,sensor_4,-72,5,1,3
2026-05-23 15:45:29.056000+03:00,sensor_1,-65,5,1,3
2026-05-23 15:45:29.919000+03:00,sensor_2,-86,5,1,3
2026-05-23 15:45:35.277000+03:00,sensor_3,-67,5,1,3
2026-05-23 15:45:35.880000+03:00,sensor_4,-71,5,1,3
2026-05-23 15:45:36.531000+03:00,sensor_1,-65,5,1,3
2026-05-23 15:45:37.394000+03:00,sensor_2,-92,5,1,3
2026-05-23 15:45:42.682000+03:00,sensor_3,-67,5,1,3
2026-05-23 15:45:43.304000+03:00,sensor_4,-72,5,1,3
2026-05-23 15:45:44.005000+03:00,sensor_1,-65,5,1,3
2026-05-23 15:45:44.977000+03:00,sensor_2,-84,5,1,3
2026-05-23 15:45:50.165000+03:00,sensor_3,-66,5,1,3
2026-05-23 15:45:50.830000+03:00,sensor_4,-72,5,1,3
2026-05-23 15:45:51.479000+03:00,sensor_1,-64,5,1,3
2026-05-23 15:45:52.351000+03:00,sensor_2,-82,5,1,3
2026-05-23 15:45:57.640000+03:00,sensor_3,-68,5,1,3
2026-05-23 15:45:58.305000+03:00,sensor_4,-72,5,1,3
2026-05-23 15:45:58.954000+03:00,sensor_1,-65,5,1,3
2026-05-23 15:45:59.825000+03:00,sensor_2,-88,5,1,3
2026-05-23 15:46:05.216000+03:00,sensor_3,-67,5,1,3
2026-05-23 15:46:05.779000+03:00,sensor_4,-71,5,1,3
2026-05-23 15:46:06.228000+03:00,sensor_1,-65,5,1,3
2026-05-23 15:46:07.139000+03:00,sensor_2,-79,5,1,3
2026-05-23 15:46:12.491000+03:00,sensor_3,-57,0,0,0
2026-05-23 15:46:13.055000+03:00,sensor_4,-59,0,0,0
2026-05-23 15:46:13.502000+03:00,sensor_1,-56,0,0,0
2026-05-23 15:46:14.374000+03:00,sensor_2,-54,0,0,0
2026-05-23 15:46:19.765000+03:00,sensor_3,-57,0,0,0
2026-05-23 15:46:20.329000+03:00,sensor_4,-63,0,0,0
2026-05-23 15:46:20.776000+03:00,sensor_1,-54,0,0,0
2026-05-23 15:46:21.638000+03:00,sensor_2,-54,0,0,0
2026-05-23 15:46:26.980000+03:00,sensor_3,-57,0,0,0
2026-05-23 15:46:27.704000+03:00,sensor_4,-61,0,0,0
2026-05-23 15:46:28.150000+03:00,sensor_1,-57,0,0,0
2026-05-23 15:46:28.912000+03:00,sensor_2,-52,0,0,0
2026-05-23 15:46:34.195000+03:00,sensor_3,-57,0,0,0
2026-05-23 15:46:34.869000+03:00,sensor_4,-61,0,0,0
2026-05-23 15:46:35.365000+03:00,sensor_1,-59,0,0,0
2026-05-23 15:46:36.136000+03:00,sensor_2,-54,0,0,0
2026-05-23 15:46:41.470000+03:00,sensor_3,-57,0,0,0
2026-05-23 15:46:42.135000+03:00,sensor_4,-59,0,0,0
2026-05-23 15:46:42.420000+03:00,sensor_1,-58,0,0,0
2026-05-23 15:46:43.350000+03:00,sensor_2,-53,0,0,0
2026-05-23 15:46:48.695000+03:00,sensor_3,-57,0,0,0
2026-05-23 15:46:49.460000+03:00,sensor_4,-59,0,0,0
2026-05-23 15:46:49.646000+03:00,sensor_1,-58,0,0,0
2026-05-23 15:46:50.624000+03:00,sensor_2,-52,0,0,0
2026-05-23 15:46:55.911000+03:00,sensor_3,-57,0,0,0
2026-05-23 15:46:56.674000+03:00,sensor_4,-59,0,0,0
2026-05-23 15:46:56.870000+03:00,sensor_1,-56,0,0,0
2026-05-23 15:46:57.988000+03:00,sensor_2,-52,0,0,0
2026-05-23 15:47:03.176000+03:00,sensor_3,-57,0,0,0
2026-05-23 15:47:03.949000+03:00,sensor_4,-59,0,0,0
2026-05-23 15:47:04.296000+03:00,sensor_1,-58,0,0,0
2026-05-23 15:47:05.363000+03:00,sensor_2,-53,0,0,0
2026-05-23 15:47:10.550000+03:00,sensor_3,-56,0,0,0
2026-05-23 15:47:11.314000+03:00,sensor_4,-60,0,0,0
2026-05-23 15:47:11.400000+03:00,sensor_1,-56,0,0,0
2026-05-23 15:47:12.639000+03:00,sensor_2,-54,0,0,0
2026-05-23 15:47:17.824000+03:00,sensor_3,-57,0,0,0
2026-05-23 15:47:18.590000+03:00,sensor_4,-62,0,0,0
2026-05-23 15:47:18.625000+03:00,sensor_1,-55,0,0,0
2026-05-23 15:47:20.012000+03:00,sensor_2,-54,0,0,0
2026-05-23 15:47:25.088000+03:00,sensor_3,-57,0,0,0
2026-05-23 15:47:25.755000+03:00,sensor_4,-59,0,0,0
2026-05-23 15:47:26.001000+03:00,sensor_1,-58,0,0,0
2026-05-23 15:47:27.275000+03:00,sensor_2,-52,0,0,0
2026-05-23 15:47:32.413000+03:00,sensor_3,-57,0,0,0
2026-05-23 15:47:32.979000+03:00,sensor_4,-62,0,0,0
2026-05-23 15:47:33.276000+03:00,sensor_1,-55,0,0,0
2026-05-23 15:47:34.549000+03:00,sensor_2,-52,0,0,0
2026-05-23 15:47:39.688000+03:00,sensor_3,-57,0,0,0
2026-05-23 15:47:40.194000+03:00,sensor_4,-62,0,0,0
2026-05-23 15:47:40.440000+03:00,sensor_1,-59,0,0,0
2026-05-23 15:47:41.823000+03:00,sensor_2,-54,0,0,0
2026-05-23 15:47:46.902000+03:00,sensor_3,-57,0,0,0
2026-05-23 15:47:47.469000+03:00,sensor_4,-59,0,0,0
2026-05-23 15:47:47.715000+03:00,sensor_1,-58,0,0,0
2026-05-23 15:47:49.087000+03:00,sensor_2,-54,0,0,0
2026-05-23 15:47:54.177000+03:00,sensor_3,-57,0,0,0
2026-05-23 15:47:54.733000+03:00,sensor_4,-61,0,0,0
2026-05-23 15:47:55.080000+03:00,sensor_1,-55,0,0,0
2026-05-23 15:47:56.312000+03:00,sensor_2,-53,0,0,0
2026-05-23 15:48:01.451000+03:00,sensor_3,-57,0,0,0
2026-05-23 15:48:02.403000+03:00,sensor_1,-56,0,0,0
2026-05-23 15:48:03.366000+03:00,sensor_2,-53,0,0,0
2026-05-23 15:48:03.598000+03:00,sensor_4,-62,0,0,0
2026-05-23 15:48:08.714000+03:00,sensor_3,-57,0,0,0
2026-05-23 15:48:10.090000+03:00,sensor_1,-55,0,0,0
2026-05-23 15:48:10.491000+03:00,sensor_2,-53,0,0,0
2026-05-23 15:48:10.812000+03:00,sensor_4,-59,0,0,0
2026-05-23 15:48:16.188000+03:00,sensor_3,-67,6,1,3
2026-05-23 15:48:17.253000+03:00,sensor_1,-79,6,1,3
2026-05-23 15:48:17.907000+03:00,sensor_2,-74,6,1,3
2026-05-23 15:48:18.287000+03:00,sensor_4,-69,6,1,3
2026-05-23 15:48:23.613000+03:00,sensor_3,-66,6,1,3
2026-05-23 15:48:24.679000+03:00,sensor_1,-77,6,1,3
2026-05-23 15:48:25.331000+03:00,sensor_2,-76,6,1,3
2026-05-23 15:48:25.761000+03:00,sensor_4,-70,6,1,3
2026-05-23 15:48:31.037000+03:00,sensor_3,-67,6,1,3
2026-05-23 15:48:32.093000+03:00,sensor_1,-76,6,1,3
2026-05-23 15:48:32.705000+03:00,sensor_2,-78,6,1,3
2026-05-23 15:48:33.176000+03:00,sensor_4,-70,6,1,3
2026-05-23 15:48:38.452000+03:00,sensor_3,-67,6,1,3
2026-05-23 15:48:39.419000+03:00,sensor_1,-79,6,1,3
2026-05-23 15:48:40.190000+03:00,sensor_2,-75,6,1,3
2026-05-23 15:48:40.712000+03:00,sensor_4,-69,6,1,3
2026-05-23 15:48:45.878000+03:00,sensor_3,-67,6,1,3
2026-05-23 15:48:46.642000+03:00,sensor_1,-79,6,1,3
2026-05-23 15:48:47.664000+03:00,sensor_2,-76,6,1,3
2026-05-23 15:48:48.197000+03:00,sensor_4,-69,6,1,3
2026-05-23 15:48:53.252000+03:00,sensor_3,-67,6,1,3
2026-05-23 15:48:53.897000+03:00,sensor_1,-77,6,1,3
2026-05-23 15:48:55.138000+03:00,sensor_2,-77,6,1,3
2026-05-23 15:48:55.662000+03:00,sensor_4,-70,6,1,3
2026-05-23 15:49:00.627000+03:00,sensor_3,-67,6,1,3
2026-05-23 15:49:01.082000+03:00,sensor_1,-77,6,1,3
2026-05-23 15:49:02.502000+03:00,sensor_2,-75,6,1,3
2026-05-23 15:49:03.078000+03:00,sensor_4,-69,6,1,3
2026-05-23 15:49:08.061000+03:00,sensor_3,-68,6,1,3
2026-05-23 15:49:08.606000+03:00,sensor_1,-83,6,1,3
2026-05-23 15:49:09.987000+03:00,sensor_2,-75,6,1,3
2026-05-23 15:49:10.463000+03:00,sensor_4,-70,6,1,3
2026-05-23 15:49:15.274000+03:00,sensor_3,-56,0,0,0
2026-05-23 15:49:15.730000+03:00,sensor_1,-58,0,0,0
2026-05-23 15:49:17.210000+03:00,sensor_2,-54,0,0,0
2026-05-23 15:49:18.088000+03:00,sensor_4,-62,0,0,0
2026-05-23 15:49:22.649000+03:00,sensor_3,-57,0,0,0
2026-05-23 15:49:22.995000+03:00,sensor_1,-58,0,0,0
2026-05-23 15:49:24.424000+03:00,sensor_2,-52,0,0,0
2026-05-23 15:49:25.302000+03:00,sensor_4,-60,0,0,0
2026-05-23 15:49:30.023000+03:00,sensor_3,-57,0,0,0
2026-05-23 15:49:30.221000+03:00,sensor_1,-59,0,0,0
2026-05-23 15:49:31.698000+03:00,sensor_2,-53,0,0,0
2026-05-23 15:49:32.528000+03:00,sensor_4,-67,0,0,0
2026-05-23 15:49:37.435000+03:00,sensor_1,-56,0,0,0
2026-05-23 15:49:37.497000+03:00,sensor_3,-57,0,0,0
2026-05-23 15:49:38.862000+03:00,sensor_2,-53,0,0,0
2026-05-23 15:49:40.003000+03:00,sensor_4,-62,0,0,0
2026-05-23 15:49:44.701000+03:00,sensor_1,-56,0,0,0
2026-05-23 15:49:44.710000+03:00,sensor_3,-57,0,0,0
2026-05-23 15:49:46.036000+03:00,sensor_2,-53,0,0,0
2026-05-23 15:49:51.576000+03:00,sensor_4,-62,0,0,0
2026-05-23 15:49:51.877000+03:00,sensor_1,-56,0,0,0
2026-05-23 15:49:51.894000+03:00,sensor_3,-56,0,0,0
2026-05-23 15:49:53.300000+03:00,sensor_2,-53,0,0,0
2026-05-23 15:49:59.254000+03:00,sensor_4,-61,0,0,0
2026-05-23 15:49:59.301000+03:00,sensor_1,-56,0,0,0
2026-05-23 15:49:59.319000+03:00,sensor_3,-56,0,0,0
2026-05-23 15:50:00.624000+03:00,sensor_2,-53,0,0,0
2026-05-23 15:50:06.529000+03:00,sensor_4,-63,0,0,0
2026-05-23 15:50:06.565000+03:00,sensor_1,-58,0,0,0
2026-05-23 15:50:06.582000+03:00,sensor_3,-56,0,0,0
2026-05-23 15:50:07.949000+03:00,sensor_2,-53,0,0,0
2026-05-23 15:50:13.795000+03:00,sensor_3,-57,0,0,0
2026-05-23 15:50:13.803000+03:00,sensor_4,-62,0,0,0
2026-05-23 15:50:13.839000+03:00,sensor_1,-59,0,0,0
2026-05-23 15:50:15.323000+03:00,sensor_2,-53,0,0,0
2026-05-23 15:50:20.967000+03:00,sensor_4,-60,0,0,0
2026-05-23 15:50:21.103000+03:00,sensor_1,-58,0,0,0
2026-05-23 15:50:21.120000+03:00,sensor_3,-57,0,0,0
2026-05-23 15:50:22.797000+03:00,sensor_2,-53,0,0,0
2026-05-23 15:50:28.083000+03:00,sensor_4,-61,0,0,0
2026-05-23 15:50:28.134000+03:00,sensor_3,-57,0,0,0
2026-05-23 15:50:28.388000+03:00,sensor_1,-59,0,0,0
2026-05-23 15:50:29.912000+03:00,sensor_2,-53,0,0,0
2026-05-23 15:50:35.247000+03:00,sensor_4,-59,0,0,0
2026-05-23 15:50:35.358000+03:00,sensor_3,-57,0,0,0
2026-05-23 15:50:35.543000+03:00,sensor_1,-58,0,0,0
2026-05-23 15:50:37.026000+03:00,sensor_2,-54,0,0,0
2026-05-23 15:50:42.372000+03:00,sensor_4,-60,0,0,0
2026-05-23 15:50:42.622000+03:00,sensor_3,-57,0,0,0
2026-05-23 15:50:42.818000+03:00,sensor_1,-58,0,0,0
2026-05-23 15:50:44.300000+03:00,sensor_2,-53,0,0,0
2026-05-23 15:50:49.686000+03:00,sensor_4,-60,0,0,0
2026-05-23 15:50:50.082000+03:00,sensor_1,-58,0,0,0
2026-05-23 15:50:50.246000+03:00,sensor_3,-57,0,0,0
2026-05-23 15:50:51.404000+03:00,sensor_2,-52,0,0,0
2026-05-23 15:50:56.751000+03:00,sensor_4,-63,0,0,0
2026-05-23 15:50:57.205000+03:00,sensor_1,-58,0,0,0
2026-05-23 15:50:57.472000+03:00,sensor_3,-56,0,0,0
2026-05-23 15:50:58.580000+03:00,sensor_2,-53,0,0,0
2026-05-23 15:51:04.025000+03:00,sensor_4,-60,0,0,0
2026-05-23 15:51:04.259000+03:00,sensor_1,-55,0,0,0
2026-05-23 15:51:04.586000+03:00,sensor_3,-57,0,0,0
2026-05-23 15:51:05.744000+03:00,sensor_2,-53,0,0,0
2026-05-23 15:51:11.279000+03:00,sensor_4,-72,7,1,3
2026-05-23 15:51:11.683000+03:00,sensor_1,-73,7,1,3
2026-05-23 15:51:11.861000+03:00,sensor_3,-75,7,1,3
2026-05-23 15:51:12.919000+03:00,sensor_2,-66,7,1,3
2026-05-23 15:51:18.814000+03:00,sensor_4,-72,7,1,3
2026-05-23 15:51:19.007000+03:00,sensor_1,-74,7,1,3
2026-05-23 15:51:19.175000+03:00,sensor_3,-75,7,1,3
2026-05-23 15:51:20.283000+03:00,sensor_2,-67,7,1,3
2026-05-23 15:51:26.040000+03:00,sensor_4,-72,7,1,3
2026-05-23 15:51:26.285000+03:00,sensor_1,-74,7,1,3
2026-05-23 15:51:26.648000+03:00,sensor_3,-75,7,1,3
2026-05-23 15:51:27.457000+03:00,sensor_2,-67,7,1,3
2026-05-23 15:51:33.105000+03:00,sensor_4,-72,7,1,3
2026-05-23 15:51:33.608000+03:00,sensor_1,-73,7,1,3
2026-05-23 15:51:34.332000+03:00,sensor_3,-75,7,1,3
2026-05-23 15:51:34.882000+03:00,sensor_2,-66,7,1,3
2026-05-23 15:51:40.470000+03:00,sensor_4,-72,7,1,3
2026-05-23 15:51:41.133000+03:00,sensor_1,-73,7,1,3
2026-05-23 15:51:41.909000+03:00,sensor_3,-75,7,1,3
2026-05-23 15:51:42.455000+03:00,sensor_2,-66,7,1,3
2026-05-23 15:51:47.895000+03:00,sensor_4,-73,7,1,3
2026-05-23 15:51:48.658000+03:00,sensor_1,-74,7,1,3
2026-05-23 15:51:49.234000+03:00,sensor_3,-75,7,1,3
2026-05-23 15:51:49.938000+03:00,sensor_2,-53,7,1,3
2026-05-23 15:51:55.470000+03:00,sensor_4,-72,7,1,3
2026-05-23 15:51:56.083000+03:00,sensor_1,-73,7,1,3
2026-05-23 15:51:56.299000+03:00,sensor_3,-75,7,1,3
2026-05-23 15:51:57.612000+03:00,sensor_2,-66,7,1,3
2026-05-23 15:52:02.904000+03:00,sensor_4,-72,7,1,3
2026-05-23 15:52:03.407000+03:00,sensor_1,-73,7,1,3
2026-05-23 15:52:03.775000+03:00,sensor_3,-74,7,1,3
2026-05-23 15:52:04.927000+03:00,sensor_2,-65,7,1,3
2026-05-23 15:52:09.959000+03:00,sensor_4,-60,0,0,0
2026-05-23 15:52:10.623000+03:00,sensor_1,-55,0,0,0
2026-05-23 15:52:10.999000+03:00,sensor_3,-57,0,0,0
2026-05-23 15:52:12.112000+03:00,sensor_2,-52,0,0,0
2026-05-23 15:52:17.035000+03:00,sensor_4,-60,0,0,0
2026-05-23 15:52:17.687000+03:00,sensor_1,-59,0,0,0
2026-05-23 15:52:18.264000+03:00,sensor_3,-57,0,0,0
2026-05-23 15:52:19.326000+03:00,sensor_2,-54,0,0,0
2026-05-23 15:52:24.249000+03:00,sensor_4,-59,0,0,0
2026-05-23 15:52:24.863000+03:00,sensor_1,-58,0,0,0
2026-05-23 15:52:25.378000+03:00,sensor_3,-57,0,0,0
2026-05-23 15:52:26.591000+03:00,sensor_2,-54,0,0,0
2026-05-23 15:52:31.423000+03:00,sensor_4,-63,0,0,0
2026-05-23 15:52:32.029000+03:00,sensor_1,-58,0,0,0
2026-05-23 15:52:32.553000+03:00,sensor_3,-55,0,0,0
2026-05-23 15:52:33.705000+03:00,sensor_2,-54,0,0,0
2026-05-23 15:52:38.639000+03:00,sensor_4,-62,0,0,0
2026-05-23 15:52:39.253000+03:00,sensor_1,-56,0,0,0
2026-05-23 15:52:39.768000+03:00,sensor_3,-57,0,0,0
2026-05-23 15:52:40.829000+03:00,sensor_2,-53,0,0,0
2026-05-23 15:52:45.864000+03:00,sensor_4,-60,0,0,0
2026-05-23 15:52:46.418000+03:00,sensor_1,-58,0,0,0
2026-05-23 15:52:46.882000+03:00,sensor_3,-57,0,0,0
2026-05-23 15:52:47.942000+03:00,sensor_2,-53,0,0,0
2026-05-23 15:52:52.978000+03:00,sensor_4,-61,0,0,0
2026-05-23 15:52:53.523000+03:00,sensor_1,-59,0,0,0
2026-05-23 15:52:54.278000+03:00,sensor_3,-57,0,0,0
2026-05-23 15:52:55.166000+03:00,sensor_2,-53,0,0,0
2026-05-23 15:53:00.044000+03:00,sensor_4,-59,0,0,0
2026-05-23 15:53:00.598000+03:00,sensor_1,-59,0,0,0
2026-05-23 15:53:01.836000+03:00,sensor_3,-57,0,0,0
2026-05-23 15:53:02.382000+03:00,sensor_2,-53,0,0,0
2026-05-23 15:53:07.209000+03:00,sensor_4,-62,0,0,0
2026-05-23 15:53:07.663000+03:00,sensor_1,-58,0,0,0
2026-05-23 15:53:08.951000+03:00,sensor_3,-57,0,0,0
2026-05-23 15:53:09.547000+03:00,sensor_2,-53,0,0,0
2026-05-23 15:53:14.434000+03:00,sensor_4,-62,0,0,0
2026-05-23 15:53:14.878000+03:00,sensor_1,-55,0,0,0
2026-05-23 15:53:16.225000+03:00,sensor_3,-57,0,0,0
2026-05-23 15:53:16.722000+03:00,sensor_2,-53,0,0,0
2026-05-23 15:53:21.809000+03:00,sensor_4,-61,0,0,0
2026-05-23 15:53:22.054000+03:00,sensor_1,-57,0,0,0
2026-05-23 15:53:23.470000+03:00,sensor_3,-57,0,0,0
2026-05-23 15:53:23.835000+03:00,sensor_2,-52,0,0,0
2026-05-23 15:53:29.014000+03:00,sensor_4,-60,0,0,0
2026-05-23 15:53:29.360000+03:00,sensor_1,-59,0,0,0
2026-05-23 15:53:30.614000+03:00,sensor_3,-55,0,0,0
2026-05-23 15:53:31.009000+03:00,sensor_2,-53,0,0,0
2026-05-23 15:53:36.238000+03:00,sensor_4,-61,0,0,0
2026-05-23 15:53:36.445000+03:00,sensor_1,-59,0,0,0
2026-05-23 15:53:37.778000+03:00,sensor_3,-57,0,0,0
2026-05-23 15:53:38.224000+03:00,sensor_2,-53,0,0,0
2026-05-23 15:53:43.463000+03:00,sensor_4,-62,0,0,0
2026-05-23 15:53:43.659000+03:00,sensor_1,-58,0,0,0
2026-05-23 15:53:44.892000+03:00,sensor_3,-57,0,0,0
2026-05-23 15:53:45.440000+03:00,sensor_2,-53,0,0,0
2026-05-23 15:53:50.517000+03:00,sensor_4,-60,0,0,0
2026-05-23 15:53:51.233000+03:00,sensor_1,-56,0,0,0
2026-05-23 15:53:52.017000+03:00,sensor_3,-57,0,0,0
2026-05-23 15:53:52.663000+03:00,sensor_2,-53,0,0,0
2026-05-23 15:53:57.602000+03:00,sensor_4,-62,0,0,0
2026-05-23 15:53:58.348000+03:00,sensor_1,-58,0,0,0
2026-05-23 15:53:59.241000+03:00,sensor_3,-57,0,0,0
2026-05-23 15:53:59.888000+03:00,sensor_2,-53,0,0,0
2026-05-23 15:54:05.574000+03:00,sensor_1,-58,0,0,0
2026-05-23 15:54:06.505000+03:00,sensor_3,-56,0,0,0
2026-05-23 15:54:07.152000+03:00,sensor_2,-53,0,0,0
2026-05-23 15:54:09.376000+03:00,sensor_4,-81,8,1,3
2026-05-23 15:54:12.939000+03:00,sensor_1,-74,8,1,3
2026-05-23 15:54:13.978000+03:00,sensor_3,-68,8,1,3
2026-05-23 15:54:14.626000+03:00,sensor_2,-68,8,1,3
2026-05-23 15:54:17.196000+03:00,sensor_4,-82,8,1,3
2026-05-23 15:54:20.414000+03:00,sensor_1,-72,8,1,3
2026-05-23 15:54:21.394000+03:00,sensor_3,-69,8,1,3
2026-05-23 15:54:22.100000+03:00,sensor_2,-67,8,1,3
2026-05-23 15:54:24.610000+03:00,sensor_4,-81,8,1,3
2026-05-23 15:54:28.468000+03:00,sensor_3,-69,8,1,3
2026-05-23 15:54:29.414000+03:00,sensor_2,-67,8,1,3
2026-05-23 15:54:29.729000+03:00,sensor_1,-74,8,1,3
2026-05-23 15:54:31.995000+03:00,sensor_4,-77,8,1,3
2026-05-23 15:54:35.533000+03:00,sensor_3,-69,8,1,3
2026-05-23 15:54:36.490000+03:00,sensor_2,-67,8,1,3
2026-05-23 15:54:36.854000+03:00,sensor_1,-73,8,1,3
2026-05-23 15:54:39.260000+03:00,sensor_4,-80,8,1,3
2026-05-23 15:54:42.958000+03:00,sensor_3,-68,8,1,3
2026-05-23 15:54:43.805000+03:00,sensor_2,-67,8,1,3
2026-05-23 15:54:44.019000+03:00,sensor_1,-74,8,1,3
2026-05-23 15:54:46.535000+03:00,sensor_4,-81,8,1,3
2026-05-23 15:54:50.273000+03:00,sensor_3,-69,8,1,3
2026-05-23 15:54:51.444000+03:00,sensor_1,-74,8,1,3
2026-05-23 15:54:52.658000+03:00,sensor_2,-66,8,1,3
2026-05-23 15:54:54.370000+03:00,sensor_4,-79,8,1,3
2026-05-23 15:54:57.659000+03:00,sensor_3,-68,8,1,3
2026-05-23 15:54:58.758000+03:00,sensor_1,-73,8,1,3
2026-05-23 15:55:00.044000+03:00,sensor_2,-67,8,1,3
2026-05-23 15:55:01.735000+03:00,sensor_4,-81,8,1,3
2026-05-23 15:55:04.974000+03:00,sensor_3,-69,8,1,3
2026-05-23 15:55:06.084000+03:00,sensor_1,-74,8,1,3
2026-05-23 15:55:07.209000+03:00,sensor_2,-72,8,1,3
2026-05-23 15:55:09.158000+03:00,sensor_4,-79,8,1,3
2026-05-23 15:55:12.189000+03:00,sensor_3,-57,0,0,0
2026-05-23 15:55:13.359000+03:00,sensor_1,-55,0,0,0
2026-05-23 15:55:14.384000+03:00,sensor_2,-50,0,0,0
2026-05-23 15:55:16.392000+03:00,sensor_4,-60,0,0,0
2026-05-23 15:55:19.254000+03:00,sensor_3,-57,0,0,0
2026-05-23 15:55:20.573000+03:00,sensor_1,-58,0,0,0
2026-05-23 15:55:21.538000+03:00,sensor_2,-53,0,0,0
2026-05-23 15:55:26.319000+03:00,sensor_3,-55,0,0,0
2026-05-23 15:55:27.848000+03:00,sensor_1,-58,0,0,0
2026-05-23 15:55:27.965000+03:00,sensor_4,-61,0,0,0
2026-05-23 15:55:28.602000+03:00,sensor_2,-59,0,0,0
2026-05-23 15:55:33.543000+03:00,sensor_3,-54,0,0,0
2026-05-23 15:55:35.376000+03:00,sensor_1,-55,0,0,0
2026-05-23 15:55:35.741000+03:00,sensor_4,-61,0,0,0
2026-05-23 15:55:35.878000+03:00,sensor_2,-53,0,0,0
2026-05-23 15:55:40.659000+03:00,sensor_3,-64,0,0,0
2026-05-23 15:55:42.955000+03:00,sensor_4,-62,0,0,0
2026-05-23 15:55:43.102000+03:00,sensor_2,-53,0,0,0
2026-05-23 15:55:46.948000+03:00,sensor_1,-56,0,0,0
2026-05-23 15:55:47.833000+03:00,sensor_3,-61,0,0,0
2026-05-23 15:55:50.179000+03:00,sensor_4,-59,0,0,0
2026-05-23 15:55:54.526000+03:00,sensor_1,-59,0,0,0
2026-05-23 15:55:56.927000+03:00,sensor_2,-53,0,0,0
2026-05-23 15:55:57.453000+03:00,sensor_4,-64,0,0,0
2026-05-23 15:55:57.479000+03:00,sensor_3,-58,0,0,0
2026-05-23 15:56:01.741000+03:00,sensor_1,-54,0,0,0
2026-05-23 15:56:04.302000+03:00,sensor_2,-53,0,0,0
2026-05-23 15:56:04.622000+03:00,sensor_3,-57,0,0,0
2026-05-23 15:56:04.717000+03:00,sensor_4,-62,0,0,0
2026-05-23 15:56:09.065000+03:00,sensor_1,-55,0,0,0
2026-05-23 15:56:11.566000+03:00,sensor_2,-53,0,0,0
2026-05-23 15:56:11.992000+03:00,sensor_4,-60,0,0,0
2026-05-23 15:56:12.657000+03:00,sensor_3,-55,0,0,0
2026-05-23 15:56:18.731000+03:00,sensor_2,-53,0,0,0
2026-05-23 15:56:19.217000+03:00,sensor_4,-61,0,0,0
2026-05-23 15:56:19.831000+03:00,sensor_3,-55,0,0,0
2026-05-23 15:56:22.892000+03:00,sensor_1,-57,0,0,0
2026-05-23 15:56:25.904000+03:00,sensor_2,-52,0,0,0
2026-05-23 15:56:26.393000+03:00,sensor_4,-57,0,0,0
2026-05-23 15:56:26.947000+03:00,sensor_3,-55,0,0,0
2026-05-23 15:56:30.168000+03:00,sensor_1,-58,0,0,0
2026-05-23 15:56:33.179000+03:00,sensor_2,-53,0,0,0
2026-05-23 15:56:33.490000+03:00,sensor_4,-62,0,0,0
2026-05-23 15:56:34.162000+03:00,sensor_3,-55,0,0,0
2026-05-23 15:56:37.432000+03:00,sensor_1,-55,0,0,0
2026-05-23 15:56:40.443000+03:00,sensor_2,-53,0,0,0
2026-05-23 15:56:40.713000+03:00,sensor_4,-61,0,0,0
2026-05-23 15:56:42.915000+03:00,sensor_3,-58,0,0,0
2026-05-23 15:56:44.648000+03:00,sensor_1,-58,0,0,0
2026-05-23 15:56:47.568000+03:00,sensor_2,-54,0,0,0
2026-05-23 15:56:47.828000+03:00,sensor_4,-59,0,0,0
2026-05-23 15:56:50.039000+03:00,sensor_3,-54,0,0,0
2026-05-23 15:56:51.821000+03:00,sensor_1,-56,0,0,0
2026-05-23 15:56:54.622000+03:00,sensor_2,-53,0,0,0
2026-05-23 15:56:55.002000+03:00,sensor_4,-59,0,0,0
2026-05-23 15:56:57.202000+03:00,sensor_3,-54,0,0,0
2026-05-23 15:56:58.976000+03:00,sensor_1,-56,0,0,0
2026-05-23 15:57:01.746000+03:00,sensor_2,-52,0,0,0
2026-05-23 15:57:02.217000+03:00,sensor_4,-59,0,0,0
2026-05-23 15:57:06.100000+03:00,sensor_1,-57,0,0,0
2026-05-23 15:57:06.989000+03:00,sensor_3,-55,0,0,0
2026-05-23 15:57:08.961000+03:00,sensor_2,-54,0,0,0
2026-05-23 15:57:09.281000+03:00,sensor_4,-59,0,0,0
2026-05-23 15:57:13.476000+03:00,sensor_1,-57,0,0,0
2026-05-23 15:57:14.153000+03:00,sensor_3,-60,0,0,0
2026-05-23 15:57:16.136000+03:00,sensor_2,-51,0,0,0
2026-05-23 15:57:16.357000+03:00,sensor_4,-59,0,0,0
2026-05-23 15:57:20.750000+03:00,sensor_1,-56,0,0,0
2026-05-23 15:57:21.377000+03:00,sensor_3,-61,0,0,0
2026-05-23 15:57:23.599000+03:00,sensor_2,-54,0,0,0
2026-05-23 15:57:23.771000+03:00,sensor_4,-62,0,0,0
2026-05-23 15:57:27.854000+03:00,sensor_1,-58,0,0,0
2026-05-23 15:57:28.593000+03:00,sensor_3,-58,0,0,0
2026-05-23 15:57:30.722000+03:00,sensor_2,-53,0,0,0
2026-05-23 15:57:30.945000+03:00,sensor_4,-60,0,0,0
2026-05-23 15:57:35.028000+03:00,sensor_1,-56,0,0,0
2026-05-23 15:57:35.817000+03:00,sensor_3,-59,0,0,0
2026-05-23 15:57:37.997000+03:00,sensor_2,-52,0,0,0
2026-05-23 15:57:38.209000+03:00,sensor_4,-59,0,0,0
2026-05-23 15:57:42.143000+03:00,sensor_1,-58,0,0,0
2026-05-23 15:57:43.081000+03:00,sensor_3,-60,0,0,0
2026-05-23 15:57:45.161000+03:00,sensor_2,-51,0,0,0
2026-05-23 15:57:45.482000+03:00,sensor_4,-60,0,0,0
2026-05-23 15:57:49.418000+03:00,sensor_1,-58,0,0,0
2026-05-23 15:57:50.196000+03:00,sensor_3,-59,0,0,0
2026-05-23 15:57:52.325000+03:00,sensor_2,-53,0,0,0
2026-05-23 15:57:52.596000+03:00,sensor_4,-58,0,0,0
2026-05-23 15:57:56.532000+03:00,sensor_1,-55,0,0,0
2026-05-23 15:57:57.261000+03:00,sensor_3,-59,0,0,0
2026-05-23 15:57:59.609000+03:00,sensor_2,-54,0,0,0
2026-05-23 15:57:59.770000+03:00,sensor_4,-58,0,0,0
2026-05-23 15:58:03.697000+03:00,sensor_1,-58,0,0,0
2026-05-23 15:58:04.385000+03:00,sensor_3,-57,0,0,0
2026-05-23 15:58:06.873000+03:00,sensor_2,-54,0,0,0
2026-05-23 15:58:06.985000+03:00,sensor_4,-61,0,0,0
2026-05-23 15:58:10.761000+03:00,sensor_1,-60,0,0,0
2026-05-23 15:58:11.549000+03:00,sensor_3,-55,0,0,0
2026-05-23 15:58:14.146000+03:00,sensor_2,-55,0,0,0
2026-05-23 15:58:14.259000+03:00,sensor_4,-61,0,0,0
2026-05-23 15:58:17.937000+03:00,sensor_1,-59,0,0,0
2026-05-23 15:58:18.824000+03:00,sensor_3,-56,0,0,0
2026-05-23 15:58:21.360000+03:00,sensor_2,-52,0,0,0
2026-05-23 15:58:21.474000+03:00,sensor_4,-62,0,0,0
2026-05-23 15:58:25.101000+03:00,sensor_1,-56,0,0,0
2026-05-23 15:58:25.989000+03:00,sensor_3,-56,0,0,0
2026-05-23 15:58:28.638000+03:00,sensor_4,-59,0,0,0
2026-05-23 15:58:28.684000+03:00,sensor_2,-53,0,0,0
2026-05-23 15:58:32.326000+03:00,sensor_1,-56,0,0,0
2026-05-23 15:58:33.214000+03:00,sensor_3,-57,0,0,0
2026-05-23 15:58:35.762000+03:00,sensor_4,-61,0,0,0
2026-05-23 15:58:35.788000+03:00,sensor_2,-54,0,0,0
2026-05-23 15:58:39.590000+03:00,sensor_1,-56,0,0,0
2026-05-23 15:58:40.429000+03:00,sensor_3,-57,0,0,0
2026-05-23 15:58:43.036000+03:00,sensor_4,-59,0,0,0
2026-05-23 15:58:43.064000+03:00,sensor_2,-52,0,0,0
2026-05-23 15:58:46.764000+03:00,sensor_1,-56,0,0,0
2026-05-23 15:58:47.693000+03:00,sensor_3,-57,0,0,0
2026-05-23 15:58:50.188000+03:00,sensor_2,-54,0,0,0
2026-05-23 15:58:50.200000+03:00,sensor_4,-59,0,0,0
2026-05-23 15:58:54.028000+03:00,sensor_1,-56,0,0,0
2026-05-23 15:58:54.968000+03:00,sensor_3,-57,0,0,0
2026-05-23 15:58:57.314000+03:00,sensor_4,-61,0,0,0
2026-05-23 15:58:57.353000+03:00,sensor_2,-53,0,0,0
2026-05-23 15:59:02.242000+03:00,sensor_3,-57,0,0,0
2026-05-23 15:59:04.527000+03:00,sensor_2,-53,0,0,0
2026-05-23 15:59:04.640000+03:00,sensor_4,-62,0,0,0
2026-05-23 15:59:05.602000+03:00,sensor_1,-59,0,0,0
2026-05-23 15:59:09.646000+03:00,sensor_3,-69,1,1,4
2026-05-23 15:59:11.742000+03:00,sensor_2,-74,1,1,4
2026-05-23 15:59:13.232000+03:00,sensor_1,-78,1,1,4
2026-05-23 15:59:16.414000+03:00,sensor_4,-91,1,1,4
2026-05-23 15:59:16.941000+03:00,sensor_3,-69,1,1,4
2026-05-23 15:59:19.267000+03:00,sensor_2,-75,1,1,4
2026-05-23 15:59:20.656000+03:00,sensor_1,-77,1,1,4
2026-05-23 15:59:23.993000+03:00,sensor_4,-62,1,1,4
2026-05-23 15:59:24.556000+03:00,sensor_3,-71,1,1,4
2026-05-23 15:59:26.631000+03:00,sensor_2,-76,1,1,4
2026-05-23 15:59:27.771000+03:00,sensor_1,-78,1,1,4
2026-05-23 15:59:31.869000+03:00,sensor_3,-69,1,1,4
2026-05-23 15:59:31.918000+03:00,sensor_4,-93,1,1,4
2026-05-23 15:59:33.756000+03:00,sensor_2,-73,1,1,4
2026-05-23 15:59:35.136000+03:00,sensor_1,-77,1,1,4
2026-05-23 15:59:39.093000+03:00,sensor_4,-91,1,1,4
2026-05-23 15:59:39.203000+03:00,sensor_3,-69,1,1,4
2026-05-23 15:59:41.121000+03:00,sensor_2,-73,1,1,4
2026-05-23 15:59:42.211000+03:00,sensor_1,-77,1,1,4
2026-05-23 15:59:46.158000+03:00,sensor_4,-90,1,1,4
2026-05-23 15:59:46.678000+03:00,sensor_3,-70,1,1,4
2026-05-23 15:59:48.297000+03:00,sensor_2,-75,1,1,4
2026-05-23 15:59:49.377000+03:00,sensor_1,-76,1,1,4
2026-05-23 15:59:53.473000+03:00,sensor_4,-91,1,1,4
2026-05-23 15:59:54.153000+03:00,sensor_3,-70,1,1,4
2026-05-23 15:59:55.662000+03:00,sensor_2,-75,1,1,4
2026-05-23 15:59:56.802000+03:00,sensor_1,-76,1,1,4
2026-05-23 16:00:01.878000+03:00,sensor_4,-95,1,1,4
2026-05-23 16:00:02.837000+03:00,sensor_2,-74,1,1,4
2026-05-23 16:00:02.856000+03:00,sensor_3,-69,1,1,4
2026-05-23 16:00:04.219000+03:00,sensor_1,-76,1,1,4
2026-05-23 16:00:09.092000+03:00,sensor_4,-59,0,0,0
2026-05-23 16:00:10.130000+03:00,sensor_3,-57,0,0,0
2026-05-23 16:00:10.161000+03:00,sensor_2,-53,0,0,0
2026-05-23 16:00:11.392000+03:00,sensor_1,-56,0,0,0
2026-05-23 16:00:16.318000+03:00,sensor_4,-62,0,0,0
2026-05-23 16:00:17.254000+03:00,sensor_3,-55,0,0,0
2026-05-23 16:00:17.325000+03:00,sensor_2,-53,0,0,0
2026-05-23 16:00:18.508000+03:00,sensor_1,-58,0,0,0
2026-05-23 16:00:23.443000+03:00,sensor_4,-59,0,0,0
2026-05-23 16:00:24.409000+03:00,sensor_3,-56,0,0,0
2026-05-23 16:00:24.439000+03:00,sensor_2,-53,0,0,0
2026-05-23 16:00:30.497000+03:00,sensor_4,-59,0,0,0
2026-05-23 16:00:31.474000+03:00,sensor_3,-57,0,0,0
2026-05-23 16:00:31.563000+03:00,sensor_2,-53,0,0,0
2026-05-23 16:00:32.235000+03:00,sensor_1,-58,0,0,0
2026-05-23 16:00:37.673000+03:00,sensor_4,-60,0,0,0
2026-05-23 16:00:38.598000+03:00,sensor_3,-57,0,0,0
2026-05-23 16:00:38.787000+03:00,sensor_2,-54,0,0,0
2026-05-23 16:00:39.460000+03:00,sensor_1,-58,0,0,0
2026-05-23 16:00:44.839000+03:00,sensor_4,-61,0,0,0
2026-05-23 16:00:45.811000+03:00,sensor_3,-57,0,0,0
2026-05-23 16:00:45.841000+03:00,sensor_2,-54,0,0,0
2026-05-23 16:00:46.575000+03:00,sensor_1,-59,0,0,0
2026-05-23 16:00:52.053000+03:00,sensor_4,-59,0,0,0
2026-05-23 16:00:53.027000+03:00,sensor_2,-54,0,0,0
2026-05-23 16:00:53.146000+03:00,sensor_3,-56,0,0,0
2026-05-23 16:00:53.740000+03:00,sensor_1,-59,0,0,0
2026-05-23 16:00:59.268000+03:00,sensor_4,-59,0,0,0
2026-05-23 16:01:00.351000+03:00,sensor_3,-57,0,0,0
2026-05-23 16:01:00.442000+03:00,sensor_2,-53,0,0,0
2026-05-23 16:01:00.954000+03:00,sensor_1,-56,0,0,0
2026-05-23 16:01:06.594000+03:00,sensor_4,-59,0,0,0
2026-05-23 16:01:07.475000+03:00,sensor_3,-57,0,0,0
2026-05-23 16:01:07.706000+03:00,sensor_2,-54,0,0,0
2026-05-23 16:01:08.178000+03:00,sensor_1,-59,0,0,0
2026-05-23 16:01:14.599000+03:00,sensor_3,-57,0,0,0
2026-05-23 16:01:14.931000+03:00,sensor_2,-54,0,0,0
2026-05-23 16:01:18.931000+03:00,sensor_1,-59,0,0,0
2026-05-23 16:01:20.321000+03:00,sensor_4,-62,0,0,0
2026-05-23 16:01:21.754000+03:00,sensor_3,-57,0,0,0
2026-05-23 16:01:22.095000+03:00,sensor_2,-52,0,0,0
2026-05-23 16:01:28.615000+03:00,sensor_4,-59,0,0,0
2026-05-23 16:01:28.880000+03:00,sensor_3,-57,0,0,0
2026-05-23 16:01:29.275000+03:00,sensor_1,-59,0,0,0
2026-05-23 16:01:29.320000+03:00,sensor_2,-54,0,0,0
2026-05-23 16:01:35.881000+03:00,sensor_4,-59,0,0,0
2026-05-23 16:01:36.144000+03:00,sensor_3,-56,0,0,0
2026-05-23 16:01:36.484000+03:00,sensor_2,-53,0,0,0
2026-05-23 16:01:36.640000+03:00,sensor_1,-58,0,0,0
2026-05-23 16:01:43.117000+03:00,sensor_4,-59,0,0,0
2026-05-23 16:01:43.370000+03:00,sensor_3,-57,0,0,0
2026-05-23 16:01:43.756000+03:00,sensor_1,-56,0,0,0
2026-05-23 16:01:43.758000+03:00,sensor_2,-54,0,0,0
2026-05-23 16:01:50.222000+03:00,sensor_4,-62,0,0,0
2026-05-23 16:01:50.434000+03:00,sensor_3,-57,0,0,0
2026-05-23 16:01:50.881000+03:00,sensor_1,-56,0,0,0
2026-05-23 16:01:50.922000+03:00,sensor_2,-53,0,0,0
2026-05-23 16:01:57.328000+03:00,sensor_4,-60,0,0,0
2026-05-23 16:01:57.500000+03:00,sensor_3,-57,0,0,0
2026-05-23 16:01:58.096000+03:00,sensor_1,-59,0,0,0
2026-05-23 16:01:58.147000+03:00,sensor_2,-53,0,0,0
2026-05-23 16:02:04.492000+03:00,sensor_4,-60,0,0,0
2026-05-23 16:02:04.615000+03:00,sensor_3,-57,0,0,0
2026-05-23 16:02:05.201000+03:00,sensor_2,-53,0,0,0
2026-05-23 16:02:05.260000+03:00,sensor_1,-59,0,0,0
2026-05-23 16:02:11.579000+03:00,sensor_4,-59,0,0,0
2026-05-23 16:02:11.829000+03:00,sensor_3,-57,0,0,0
2026-05-23 16:02:12.395000+03:00,sensor_1,-56,0,0,0
2026-05-23 16:02:12.575000+03:00,sensor_2,-66,0,0,0
2026-05-23 16:02:18.835000+03:00,sensor_4,-75,2,1,4
2026-05-23 16:02:19.153000+03:00,sensor_3,-70,2,1,4
2026-05-23 16:02:19.751000+03:00,sensor_1,-69,2,1,4
2026-05-23 16:02:19.840000+03:00,sensor_2,-68,2,1,4
2026-05-23 16:02:26.260000+03:00,sensor_4,-77,2,1,4
2026-05-23 16:02:26.579000+03:00,sensor_3,-69,2,1,4
2026-05-23 16:02:26.915000+03:00,sensor_2,-68,2,1,4
2026-05-23 16:02:29.115000+03:00,sensor_1,-71,2,1,4
2026-05-23 16:02:33.734000+03:00,sensor_4,-78,2,1,4
2026-05-23 16:02:33.893000+03:00,sensor_3,-68,2,1,4
2026-05-23 16:02:34.339000+03:00,sensor_2,-69,2,1,4
2026-05-23 16:02:36.439000+03:00,sensor_1,-71,2,1,4
2026-05-23 16:02:41.019000+03:00,sensor_3,-70,2,1,4
2026-05-23 16:02:41.100000+03:00,sensor_4,-76,2,1,4
2026-05-23 16:02:41.555000+03:00,sensor_2,-68,2,1,4
2026-05-23 16:02:43.914000+03:00,sensor_1,-71,2,1,4
2026-05-23 16:02:48.443000+03:00,sensor_3,-69,2,1,4
2026-05-23 16:02:48.584000+03:00,sensor_4,-77,2,1,4
2026-05-23 16:02:49.079000+03:00,sensor_2,-68,2,1,4
2026-05-23 16:02:51.139000+03:00,sensor_1,-71,2,1,4
2026-05-23 16:02:55.917000+03:00,sensor_3,-69,2,1,4
2026-05-23 16:02:55.998000+03:00,sensor_4,-77,2,1,4
2026-05-23 16:02:56.404000+03:00,sensor_2,-69,2,1,4
2026-05-23 16:02:58.563000+03:00,sensor_1,-71,2,1,4
2026-05-23 16:03:03.221000+03:00,sensor_3,-69,2,1,4
2026-05-23 16:03:03.333000+03:00,sensor_4,-79,2,1,4
2026-05-23 16:03:03.829000+03:00,sensor_2,-69,2,1,4
2026-05-23 16:03:05.979000+03:00,sensor_1,-71,2,1,4
2026-05-23 16:03:10.656000+03:00,sensor_3,-70,2,1,4
2026-05-23 16:03:10.797000+03:00,sensor_4,-76,2,1,4
2026-05-23 16:03:10.945000+03:00,sensor_2,-54,2,1,4
2026-05-23 16:03:13.103000+03:00,sensor_1,-58,0,0,0
2026-05-23 16:03:18.021000+03:00,sensor_4,-59,0,0,0
2026-05-23 16:03:18.069000+03:00,sensor_2,-54,0,0,0
2026-05-23 16:03:19.110000+03:00,sensor_3,-56,0,0,0
2026-05-23 16:03:20.277000+03:00,sensor_1,-58,0,0,0
2026-05-23 16:03:25.554000+03:00,sensor_4,-60,0,0,0
2026-05-23 16:03:25.641000+03:00,sensor_2,-54,0,0,0
2026-05-23 16:03:26.295000+03:00,sensor_3,-55,0,0,0
2026-05-23 16:03:27.391000+03:00,sensor_1,-56,0,0,0
2026-05-23 16:03:32.769000+03:00,sensor_4,-60,0,0,0
2026-05-23 16:03:32.915000+03:00,sensor_2,-54,0,0,0
2026-05-23 16:03:33.400000+03:00,sensor_3,-58,0,0,0
2026-05-23 16:03:34.506000+03:00,sensor_1,-56,0,0,0
2026-05-23 16:03:39.834000+03:00,sensor_4,-60,0,0,0
2026-05-23 16:03:40.189000+03:00,sensor_2,-54,0,0,0
2026-05-23 16:03:41.620000+03:00,sensor_1,-57,0,0,0
2026-05-23 16:03:47.010000+03:00,sensor_4,-59,0,0,0
2026-05-23 16:03:47.116000+03:00,sensor_3,-57,0,0,0
2026-05-23 16:03:47.405000+03:00,sensor_2,-54,0,0,0
2026-05-23 16:03:48.846000+03:00,sensor_1,-59,0,0,0
2026-05-23 16:03:54.177000+03:00,sensor_4,-59,0,0,0
2026-05-23 16:03:54.501000+03:00,sensor_3,-57,0,0,0
2026-05-23 16:03:54.680000+03:00,sensor_2,-54,0,0,0
2026-05-23 16:03:56.120000+03:00,sensor_1,-57,0,0,0
2026-05-23 16:04:01.491000+03:00,sensor_4,-60,0,0,0
2026-05-23 16:04:01.765000+03:00,sensor_3,-57,0,0,0
2026-05-23 16:04:01.834000+03:00,sensor_2,-54,0,0,0
2026-05-23 16:04:03.284000+03:00,sensor_1,-57,0,0,0
2026-05-23 16:04:08.715000+03:00,sensor_4,-59,0,0,0
2026-05-23 16:04:08.869000+03:00,sensor_3,-57,0,0,0
2026-05-23 16:04:09.158000+03:00,sensor_2,-54,0,0,0
2026-05-23 16:04:10.448000+03:00,sensor_1,-58,0,0,0
2026-05-23 16:04:15.780000+03:00,sensor_4,-59,0,0,0
2026-05-23 16:04:16.094000+03:00,sensor_3,-57,0,0,0
2026-05-23 16:04:16.331000+03:00,sensor_2,-54,0,0,0
2026-05-23 16:04:17.623000+03:00,sensor_1,-59,0,0,0
2026-05-23 16:04:23.005000+03:00,sensor_4,-61,0,0,0
2026-05-23 16:04:23.605000+03:00,sensor_2,-54,0,0,0
2026-05-23 16:04:24.988000+03:00,sensor_1,-58,0,0,0
2026-05-23 16:04:27.668000+03:00,sensor_3,-57,0,0,0
2026-05-23 16:04:30.820000+03:00,sensor_2,-54,0,0,0
2026-05-23 16:04:32.122000+03:00,sensor_1,-56,0,0,0
2026-05-23 16:04:35.244000+03:00,sensor_3,-57,0,0,0
2026-05-23 16:04:36.723000+03:00,sensor_4,-59,0,0,0
2026-05-23 16:04:37.934000+03:00,sensor_2,-54,0,0,0
2026-05-23 16:04:39.298000+03:00,sensor_1,-56,0,0,0
2026-05-23 16:04:42.489000+03:00,sensor_3,-57,0,0,0
2026-05-23 16:04:43.967000+03:00,sensor_4,-59,0,0,0
2026-05-23 16:04:45.219000+03:00,sensor_2,-54,0,0,0
2026-05-23 16:04:46.412000+03:00,sensor_1,-56,0,0,0
2026-05-23 16:04:49.893000+03:00,sensor_3,-57,0,0,0
2026-05-23 16:04:51.260000+03:00,sensor_4,-60,0,0,0
2026-05-23 16:04:52.324000+03:00,sensor_2,-54,0,0,0
2026-05-23 16:04:53.556000+03:00,sensor_1,-57,0,0,0
2026-05-23 16:04:57.157000+03:00,sensor_3,-57,0,0,0
2026-05-23 16:04:58.534000+03:00,sensor_4,-60,0,0,0
2026-05-23 16:04:59.418000+03:00,sensor_2,-54,0,0,0
2026-05-23 16:05:01.040000+03:00,sensor_1,-56,0,0,0
2026-05-23 16:05:04.272000+03:00,sensor_3,-56,0,0,0
2026-05-23 16:05:05.749000+03:00,sensor_4,-59,0,0,0
2026-05-23 16:05:06.502000+03:00,sensor_2,-53,0,0,0
2026-05-23 16:05:08.256000+03:00,sensor_1,-59,0,0,0
2026-05-23 16:05:11.696000+03:00,sensor_3,-69,3,1,4
2026-05-23 16:05:13.273000+03:00,sensor_4,-73,3,1,4
2026-05-23 16:05:13.876000+03:00,sensor_2,-67,3,1,4
2026-05-23 16:05:15.680000+03:00,sensor_1,-68,3,1,4
2026-05-23 16:05:19.020000+03:00,sensor_3,-68,3,1,4
2026-05-23 16:05:20.617000+03:00,sensor_4,-73,3,1,4
2026-05-23 16:05:21.331000+03:00,sensor_2,-66,3,1,4
2026-05-23 16:05:22.894000+03:00,sensor_1,-67,3,1,4
2026-05-23 16:05:26.345000+03:00,sensor_3,-68,3,1,4
2026-05-23 16:05:28.022000+03:00,sensor_4,-72,3,1,4
2026-05-23 16:05:28.626000+03:00,sensor_2,-66,3,1,4
2026-05-23 16:05:30.260000+03:00,sensor_1,-67,3,1,4
2026-05-23 16:05:33.719000+03:00,sensor_3,-68,3,1,4
2026-05-23 16:05:35.496000+03:00,sensor_4,-72,3,1,4
2026-05-23 16:05:35.741000+03:00,sensor_2,-67,3,1,4
2026-05-23 16:05:38.154000+03:00,sensor_1,-68,3,1,4
2026-05-23 16:05:40.934000+03:00,sensor_3,-69,3,1,4
2026-05-23 16:05:42.970000+03:00,sensor_4,-73,3,1,4
2026-05-23 16:05:43.056000+03:00,sensor_2,-67,3,1,4
2026-05-23 16:05:45.679000+03:00,sensor_1,-68,3,1,4
2026-05-23 16:05:48.358000+03:00,sensor_3,-69,3,1,4
2026-05-23 16:05:50.394000+03:00,sensor_4,-73,3,1,4
2026-05-23 16:05:50.740000+03:00,sensor_2,-66,3,1,4
2026-05-23 16:05:53.152000+03:00,sensor_1,-67,3,1,4
2026-05-23 16:05:55.672000+03:00,sensor_3,-69,3,1,4
2026-05-23 16:05:57.771000+03:00,sensor_4,-72,3,1,4
2026-05-23 16:05:58.214000+03:00,sensor_2,-66,3,1,4
2026-05-23 16:06:00.627000+03:00,sensor_1,-67,3,1,4
2026-05-23 16:06:02.748000+03:00,sensor_3,-69,3,1,4
2026-05-23 16:06:05.156000+03:00,sensor_4,-73,3,1,4
2026-05-23 16:06:05.558000+03:00,sensor_2,-66,3,1,4
2026-05-23 16:06:08.001000+03:00,sensor_1,-68,3,1,4
2026-05-23 16:06:10.022000+03:00,sensor_3,-69,3,1,4
2026-05-23 16:06:12.671000+03:00,sensor_4,-74,3,1,4
2026-05-23 16:06:12.852000+03:00,sensor_2,-65,3,1,4
2026-05-23 16:06:15.605000+03:00,sensor_1,-68,3,1,4
2026-05-23 16:06:17.336000+03:00,sensor_3,-68,3,1,4
2026-05-23 16:06:19.885000+03:00,sensor_4,-72,3,1,4
2026-05-23 16:06:20.226000+03:00,sensor_2,-66,3,1,4
2026-05-23 16:06:23.162000+03:00,sensor_1,-68,3,1,4
2026-05-23 16:06:24.810000+03:00,sensor_3,-68,3,1,4
2026-05-23 16:06:27.271000+03:00,sensor_4,-72,3,1,4
2026-05-23 16:06:27.702000+03:00,sensor_2,-66,3,1,4
2026-05-23 16:06:30.836000+03:00,sensor_1,-67,3,1,4
2026-05-23 16:06:32.285000+03:00,sensor_3,-68,3,1,4
2026-05-23 16:06:34.686000+03:00,sensor_4,-72,3,1,4
2026-05-23 16:06:35.177000+03:00,sensor_2,-65,3,1,4
2026-05-23 16:06:38.823000+03:00,sensor_1,-67,3,1,4
2026-05-23 16:06:39.868000+03:00,sensor_3,-68,3,1,4
2026-05-23 16:06:41.952000+03:00,sensor_4,-59,0,0,0
2026-05-23 16:06:42.451000+03:00,sensor_2,-54,0,0,0
2026-05-23 16:06:46.097000+03:00,sensor_1,-56,0,0,0
2026-05-23 16:06:47.033000+03:00,sensor_3,-56,0,0,0
2026-05-23 16:06:49.237000+03:00,sensor_4,-62,0,0,0
2026-05-23 16:06:49.676000+03:00,sensor_2,-54,0,0,0
2026-05-23 16:06:53.222000+03:00,sensor_1,-59,0,0,0
2026-05-23 16:06:54.307000+03:00,sensor_3,-57,0,0,0
2026-05-23 16:06:56.443000+03:00,sensor_4,-61,0,0,0
2026-05-23 16:06:56.841000+03:00,sensor_2,-54,0,0,0
2026-05-23 16:07:00.337000+03:00,sensor_1,-58,0,0,0
2026-05-23 16:07:01.481000+03:00,sensor_3,-59,0,0,0
2026-05-23 16:07:03.668000+03:00,sensor_4,-59,0,0,0
2026-05-23 16:07:04.065000+03:00,sensor_2,-52,0,0,0
2026-05-23 16:07:07.502000+03:00,sensor_1,-56,0,0,0
2026-05-23 16:07:08.647000+03:00,sensor_3,-56,0,0,0
2026-05-23 16:07:10.834000+03:00,sensor_4,-61,0,0,0
2026-05-23 16:07:11.180000+03:00,sensor_2,-54,0,0,0
2026-05-23 16:07:14.876000+03:00,sensor_1,-56,0,0,0
2026-05-23 16:07:15.912000+03:00,sensor_3,-57,0,0,0
2026-05-23 16:07:18.049000+03:00,sensor_4,-61,0,0,0
2026-05-23 16:07:18.504000+03:00,sensor_2,-54,0,0,0
2026-05-23 16:07:22.042000+03:00,sensor_1,-56,0,0,0
2026-05-23 16:07:23.128000+03:00,sensor_3,-57,0,0,0
2026-05-23 16:07:25.215000+03:00,sensor_4,-62,0,0,0
2026-05-23 16:07:25.708000+03:00,sensor_2,-54,0,0,0
2026-05-23 16:07:29.167000+03:00,sensor_1,-59,0,0,0
2026-05-23 16:07:30.352000+03:00,sensor_3,-56,0,0,0
2026-05-23 16:07:32.390000+03:00,sensor_4,-61,0,0,0
2026-05-23 16:07:32.784000+03:00,sensor_2,-54,0,0,0
2026-05-23 16:07:36.282000+03:00,sensor_1,-57,0,0,0
2026-05-23 16:07:37.466000+03:00,sensor_3,-57,0,0,0
2026-05-23 16:07:39.553000+03:00,sensor_4,-61,0,0,0
2026-05-23 16:07:39.859000+03:00,sensor_2,-54,0,0,0
2026-05-23 16:07:43.447000+03:00,sensor_1,-57,0,0,0
2026-05-23 16:07:44.642000+03:00,sensor_3,-56,0,0,0
2026-05-23 16:07:46.618000+03:00,sensor_4,-59,0,0,0
2026-05-23 16:07:46.963000+03:00,sensor_2,-54,0,0,0
2026-05-23 16:07:50.564000+03:00,sensor_1,-58,0,0,0
2026-05-23 16:07:52.267000+03:00,sensor_3,-57,0,0,0
2026-05-23 16:07:53.743000+03:00,sensor_4,-59,0,0,0
2026-05-23 16:07:55.516000+03:00,sensor_2,-54,0,0,0
2026-05-23 16:07:57.778000+03:00,sensor_1,-59,0,0,0
2026-05-23 16:07:59.372000+03:00,sensor_3,-56,0,0,0
2026-05-23 16:08:01.007000+03:00,sensor_4,-62,0,0,0
2026-05-23 16:08:02.630000+03:00,sensor_2,-53,0,0,0
2026-05-23 16:08:04.952000+03:00,sensor_1,-57,0,0,0
2026-05-23 16:08:06.497000+03:00,sensor_3,-55,0,0,0
2026-05-23 16:08:08.232000+03:00,sensor_4,-59,0,0,0
2026-05-23 16:08:10.414000+03:00,sensor_2,-53,0,0,0
2026-05-23 16:08:12.256000+03:00,sensor_1,-66,4,1,4
2026-05-23 16:08:13.972000+03:00,sensor_3,-70,4,1,4
2026-05-23 16:08:15.586000+03:00,sensor_4,-67,4,1,4
2026-05-23 16:08:17.889000+03:00,sensor_2,-70,4,1,4
2026-05-23 16:08:19.641000+03:00,sensor_1,-68,4,1,4
2026-05-23 16:08:21.397000+03:00,sensor_3,-70,4,1,4
2026-05-23 16:08:22.971000+03:00,sensor_4,-68,4,1,4
2026-05-23 16:08:25.264000+03:00,sensor_2,-70,4,1,4
2026-05-23 16:08:27.067000+03:00,sensor_1,-67,4,1,4
2026-05-23 16:08:28.821000+03:00,sensor_3,-68,4,1,4
2026-05-23 16:08:30.448000+03:00,sensor_4,-68,4,1,4
2026-05-23 16:08:32.380000+03:00,sensor_2,-70,4,1,4
2026-05-23 16:08:34.183000+03:00,sensor_1,-67,4,1,4
2026-05-23 16:08:37.511000+03:00,sensor_4,-68,4,1,4
2026-05-23 16:08:39.694000+03:00,sensor_2,-71,4,1,4
2026-05-23 16:08:41.608000+03:00,sensor_1,-66,4,1,4
2026-05-23 16:08:44.986000+03:00,sensor_4,-68,4,1,4
2026-05-23 16:08:47.129000+03:00,sensor_2,-70,4,1,4
2026-05-23 16:08:47.710000+03:00,sensor_3,-69,4,1,4
2026-05-23 16:08:49.082000+03:00,sensor_1,-67,4,1,4
2026-05-23 16:08:52.411000+03:00,sensor_4,-68,4,1,4
2026-05-23 16:08:54.494000+03:00,sensor_2,-71,4,1,4
2026-05-23 16:08:55.188000+03:00,sensor_3,-68,4,1,4
2026-05-23 16:08:56.657000+03:00,sensor_1,-67,4,1,4
2026-05-23 16:08:59.825000+03:00,sensor_4,-68,4,1,4
2026-05-23 16:09:01.820000+03:00,sensor_2,-70,4,1,4
2026-05-23 16:09:02.552000+03:00,sensor_3,-68,4,1,4
2026-05-23 16:09:04.132000+03:00,sensor_1,-67,4,1,4
2026-05-23 16:09:07.151000+03:00,sensor_4,-68,4,1,4
2026-05-23 16:09:08.935000+03:00,sensor_2,-69,4,1,4
2026-05-23 16:09:10.498000+03:00,sensor_3,-68,4,1,4
2026-05-23 16:09:11.608000+03:00,sensor_1,-68,4,1,4
2026-05-23 16:09:15.036000+03:00,sensor_4,-68,4,1,4
2026-05-23 16:09:16.359000+03:00,sensor_2,-69,4,1,4
2026-05-23 16:09:17.712000+03:00,sensor_3,-57,0,0,0
2026-05-23 16:09:18.722000+03:00,sensor_1,-58,0,0,0
2026-05-23 16:09:22.210000+03:00,sensor_4,-59,0,0,0
2026-05-23 16:09:23.472000+03:00,sensor_2,-54,0,0,0
2026-05-23 16:09:24.937000+03:00,sensor_3,-57,0,0,0
2026-05-23 16:09:25.897000+03:00,sensor_1,-57,0,0,0
2026-05-23 16:09:29.424000+03:00,sensor_4,-59,0,0,0
2026-05-23 16:09:30.536000+03:00,sensor_2,-54,0,0,0
2026-05-23 16:09:32.191000+03:00,sensor_3,-53,0,0,0
2026-05-23 16:09:33.122000+03:00,sensor_1,-56,0,0,0
2026-05-23 16:09:36.750000+03:00,sensor_4,-59,0,0,0
2026-05-23 16:09:37.711000+03:00,sensor_2,-54,0,0,0
2026-05-23 16:09:39.376000+03:00,sensor_3,-56,0,0,0
2026-05-23 16:09:40.336000+03:00,sensor_1,-56,0,0,0
2026-05-23 16:09:43.975000+03:00,sensor_4,-60,0,0,0
2026-05-23 16:09:44.875000+03:00,sensor_2,-54,0,0,0
2026-05-23 16:09:46.651000+03:00,sensor_3,-57,0,0,0
2026-05-23 16:09:47.550000+03:00,sensor_1,-56,0,0,0
2026-05-23 16:09:51.289000+03:00,sensor_4,-60,0,0,0
2026-05-23 16:09:52.100000+03:00,sensor_2,-54,0,0,0
2026-05-23 16:09:53.916000+03:00,sensor_3,-57,0,0,0
2026-05-23 16:09:54.825000+03:00,sensor_1,-59,0,0,0
2026-05-23 16:09:58.663000+03:00,sensor_4,-59,0,0,0
2026-05-23 16:09:59.474000+03:00,sensor_2,-53,0,0,0
2026-05-23 16:10:01.191000+03:00,sensor_3,-56,0,0,0
2026-05-23 16:10:02.099000+03:00,sensor_1,-56,0,0,0
2026-05-23 16:10:05.997000+03:00,sensor_4,-61,0,0,0
2026-05-23 16:10:06.748000+03:00,sensor_2,-54,0,0,0
2026-05-23 16:10:08.357000+03:00,sensor_3,-57,0,0,0
2026-05-23 16:10:09.364000+03:00,sensor_1,-58,0,0,0
2026-05-23 16:10:13.202000+03:00,sensor_4,-62,0,0,0
2026-05-23 16:10:13.863000+03:00,sensor_2,-54,0,0,0
2026-05-23 16:10:15.260000+03:00,sensor_3,-57,0,0,0
2026-05-23 16:10:16.479000+03:00,sensor_1,-55,0,0,0
2026-05-23 16:10:20.427000+03:00,sensor_4,-59,0,0,0
2026-05-23 16:10:20.977000+03:00,sensor_2,-54,0,0,0
2026-05-23 16:10:22.435000+03:00,sensor_3,-57,0,0,0
2026-05-23 16:10:23.753000+03:00,sensor_1,-59,0,0,0
2026-05-23 16:10:27.492000+03:00,sensor_4,-59,0,0,0
2026-05-23 16:10:28.191000+03:00,sensor_2,-54,0,0,0
2026-05-23 16:10:29.660000+03:00,sensor_3,-57,0,0,0
2026-05-23 16:10:30.918000+03:00,sensor_1,-58,0,0,0
2026-05-23 16:10:34.708000+03:00,sensor_4,-59,0,0,0
2026-05-23 16:10:35.376000+03:00,sensor_2,-54,0,0,0
2026-05-23 16:10:36.924000+03:00,sensor_3,-56,0,0,0
2026-05-23 16:10:38.144000+03:00,sensor_1,-59,0,0,0
2026-05-23 16:10:42.132000+03:00,sensor_4,-59,0,0,0
2026-05-23 16:10:42.429000+03:00,sensor_2,-53,0,0,0
2026-05-23 16:10:44.199000+03:00,sensor_3,-57,0,0,0
2026-05-23 16:10:49.257000+03:00,sensor_4,-62,0,0,0
2026-05-23 16:10:49.593000+03:00,sensor_2,-54,0,0,0
2026-05-23 16:10:49.717000+03:00,sensor_1,-59,0,0,0
2026-05-23 16:10:51.414000+03:00,sensor_3,-57,0,0,0
2026-05-23 16:10:56.371000+03:00,sensor_4,-61,0,0,0
2026-05-23 16:10:56.818000+03:00,sensor_2,-54,0,0,0
2026-05-23 16:10:57.293000+03:00,sensor_1,-58,0,0,0
2026-05-23 16:10:58.539000+03:00,sensor_3,-57,0,0,0
2026-05-23 16:11:03.695000+03:00,sensor_4,-62,0,0,0
2026-05-23 16:11:04.043000+03:00,sensor_2,-51,0,0,0
2026-05-23 16:11:04.457000+03:00,sensor_1,-58,0,0,0
2026-05-23 16:11:05.644000+03:00,sensor_3,-55,0,0,0
2026-05-23 16:11:11.457000+03:00,sensor_2,-75,5,1,4
2026-05-23 16:11:11.880000+03:00,sensor_1,-64,5,1,4
2026-05-23 16:11:13.009000+03:00,sensor_3,-67,5,1,4
2026-05-23 16:11:15.469000+03:00,sensor_4,-72,5,1,4
2026-05-23 16:11:18.871000+03:00,sensor_2,-73,5,1,4
2026-05-23 16:11:19.305000+03:00,sensor_1,-65,5,1,4
2026-05-23 16:11:20.343000+03:00,sensor_3,-67,5,1,4
2026-05-23 16:11:23.247000+03:00,sensor_4,-72,5,1,4
2026-05-23 16:11:26.197000+03:00,sensor_2,-73,5,1,4
2026-05-23 16:11:26.779000+03:00,sensor_1,-66,5,1,4
2026-05-23 16:11:27.927000+03:00,sensor_3,-63,5,1,4
2026-05-23 16:11:30.771000+03:00,sensor_4,-73,5,1,4
2026-05-23 16:11:33.682000+03:00,sensor_2,-74,5,1,4
2026-05-23 16:11:34.205000+03:00,sensor_1,-64,5,1,4
2026-05-23 16:11:35.502000+03:00,sensor_3,-68,5,1,4
2026-05-23 16:11:38.147000+03:00,sensor_4,-72,5,1,4
2026-05-23 16:11:40.796000+03:00,sensor_2,-75,5,1,4
2026-05-23 16:11:41.621000+03:00,sensor_1,-64,5,1,4
2026-05-23 16:11:42.717000+03:00,sensor_3,-67,5,1,4
2026-05-23 16:11:45.571000+03:00,sensor_4,-72,5,1,4
2026-05-23 16:11:48.220000+03:00,sensor_2,-74,5,1,4
2026-05-23 16:11:48.996000+03:00,sensor_1,-64,5,1,4
2026-05-23 16:11:50.192000+03:00,sensor_3,-68,5,1,4
2026-05-23 16:11:52.785000+03:00,sensor_4,-72,5,1,4
2026-05-23 16:11:55.335000+03:00,sensor_2,-74,5,1,4
2026-05-23 16:11:56.419000+03:00,sensor_1,-64,5,1,4
2026-05-23 16:11:57.616000+03:00,sensor_3,-67,5,1,4
2026-05-23 16:11:59.850000+03:00,sensor_4,-73,5,1,4
2026-05-23 16:12:02.759000+03:00,sensor_2,-75,5,1,4
2026-05-23 16:12:03.894000+03:00,sensor_1,-65,5,1,4
2026-05-23 16:12:04.941000+03:00,sensor_3,-66,5,1,4
2026-05-23 16:12:07.225000+03:00,sensor_4,-74,5,1,4
2026-05-23 16:12:09.883000+03:00,sensor_2,-53,0,0,0
2026-05-23 16:12:10.957000+03:00,sensor_1,-58,0,0,0
2026-05-23 16:12:12.135000+03:00,sensor_3,-57,0,0,0
2026-05-23 16:12:14.711000+03:00,sensor_4,-59,0,0,0
2026-05-23 16:12:17.097000+03:00,sensor_2,-54,0,0,0
2026-05-23 16:12:18.141000+03:00,sensor_1,-56,0,0,0
2026-05-23 16:12:23.875000+03:00,sensor_4,-60,0,0,0
2026-05-23 16:12:24.372000+03:00,sensor_2,-53,0,0,0
2026-05-23 16:12:25.437000+03:00,sensor_1,-58,0,0,0
2026-05-23 16:12:25.881000+03:00,sensor_3,-57,0,0,0
2026-05-23 16:12:31.189000+03:00,sensor_4,-61,0,0,0
2026-05-23 16:12:32.673000+03:00,sensor_1,-58,0,0,0
2026-05-23 16:12:33.046000+03:00,sensor_3,-57,0,0,0
2026-05-23 16:12:35.937000+03:00,sensor_2,-54,0,0,0
2026-05-23 16:12:38.304000+03:00,sensor_4,-60,0,0,0
2026-05-23 16:12:39.838000+03:00,sensor_1,-58,0,0,0
2026-05-23 16:12:40.320000+03:00,sensor_3,-57,0,0,0
2026-05-23 16:12:43.518000+03:00,sensor_2,-54,0,0,0
2026-05-23 16:12:45.528000+03:00,sensor_4,-59,0,0,0
2026-05-23 16:12:47.012000+03:00,sensor_1,-58,0,0,0
2026-05-23 16:12:47.446000+03:00,sensor_3,-57,0,0,0
2026-05-23 16:12:50.732000+03:00,sensor_2,-54,0,0,0
2026-05-23 16:12:52.854000+03:00,sensor_4,-59,0,0,0
2026-05-23 16:12:54.226000+03:00,sensor_1,-58,0,0,0
2026-05-23 16:12:54.661000+03:00,sensor_3,-57,0,0,0
2026-05-23 16:12:57.796000+03:00,sensor_2,-54,0,0,0
2026-05-23 16:13:01.500000+03:00,sensor_1,-55,0,0,0
2026-05-23 16:13:01.708000+03:00,sensor_4,-61,0,0,0
2026-05-23 16:13:02.026000+03:00,sensor_3,-57,0,0,0
2026-05-23 16:13:04.971000+03:00,sensor_2,-52,0,0,0
2026-05-23 16:13:08.724000+03:00,sensor_1,-57,0,0,0
2026-05-23 16:13:08.923000+03:00,sensor_4,-59,0,0,0
2026-05-23 16:13:09.201000+03:00,sensor_3,-57,0,0,0
2026-05-23 16:13:12.136000+03:00,sensor_2,-53,0,0,0
2026-05-23 16:13:15.839000+03:00,sensor_1,-56,0,0,0
2026-05-23 16:13:16.097000+03:00,sensor_4,-61,0,0,0
2026-05-23 16:13:16.315000+03:00,sensor_3,-57,0,0,0
2026-05-23 16:13:19.259000+03:00,sensor_2,-54,0,0,0
2026-05-23 16:13:23.214000+03:00,sensor_1,-58,0,0,0
2026-05-23 16:13:23.361000+03:00,sensor_4,-60,0,0,0
2026-05-23 16:13:23.640000+03:00,sensor_3,-55,0,0,0
2026-05-23 16:13:26.524000+03:00,sensor_2,-54,0,0,0
2026-05-23 16:13:30.535000+03:00,sensor_4,-61,0,0,0
2026-05-23 16:13:30.588000+03:00,sensor_1,-58,0,0,0
2026-05-23 16:13:30.854000+03:00,sensor_3,-57,0,0,0
2026-05-23 16:13:33.799000+03:00,sensor_2,-54,0,0,0
2026-05-23 16:13:37.648000+03:00,sensor_4,-59,0,0,0
2026-05-23 16:13:37.702000+03:00,sensor_1,-58,0,0,0
2026-05-23 16:13:37.970000+03:00,sensor_3,-57,0,0,0
2026-05-23 16:13:41.063000+03:00,sensor_2,-54,0,0,0
2026-05-23 16:13:44.974000+03:00,sensor_4,-59,0,0,0
2026-05-23 16:13:45.016000+03:00,sensor_1,-58,0,0,0
2026-05-23 16:13:45.244000+03:00,sensor_3,-55,0,0,0
2026-05-23 16:13:48.337000+03:00,sensor_2,-52,0,0,0
2026-05-23 16:13:52.241000+03:00,sensor_1,-56,0,0,0
2026-05-23 16:13:52.619000+03:00,sensor_3,-57,0,0,0
2026-05-23 16:13:55.551000+03:00,sensor_2,-54,0,0,0
2026-05-23 16:13:56.547000+03:00,sensor_4,-61,0,0,0
2026-05-23 16:13:59.455000+03:00,sensor_1,-55,0,0,0
2026-05-23 16:13:59.834000+03:00,sensor_3,-56,0,0,0
2026-05-23 16:14:02.985000+03:00,sensor_2,-53,0,0,0
2026-05-23 16:14:04.072000+03:00,sensor_4,-61,0,0,0
2026-05-23 16:14:06.580000+03:00,sensor_1,-57,0,0,0
2026-05-23 16:14:06.899000+03:00,sensor_3,-55,0,0,0
2026-05-23 16:14:10.250000+03:00,sensor_2,-52,0,0,0
2026-05-23 16:14:11.187000+03:00,sensor_4,-61,0,0,0
2026-05-23 16:14:13.995000+03:00,sensor_1,-81,6,1,4
2026-05-23 16:14:14.523000+03:00,sensor_3,-67,6,1,4
2026-05-23 16:14:17.364000+03:00,sensor_2,-70,6,1,4
2026-05-23 16:14:18.551000+03:00,sensor_4,-70,6,1,4
2026-05-23 16:14:21.309000+03:00,sensor_1,-89,6,1,4
2026-05-23 16:14:21.898000+03:00,sensor_3,-68,6,1,4
2026-05-23 16:14:24.529000+03:00,sensor_2,-72,6,1,4
2026-05-23 16:14:26.025000+03:00,sensor_4,-69,6,1,4
2026-05-23 16:14:28.643000+03:00,sensor_1,-82,6,1,4
2026-05-23 16:14:29.273000+03:00,sensor_3,-66,6,1,4
2026-05-23 16:14:31.953000+03:00,sensor_2,-73,6,1,4
2026-05-23 16:14:34.069000+03:00,sensor_4,-70,6,1,4
2026-05-23 16:14:36.119000+03:00,sensor_1,-85,6,1,4
2026-05-23 16:14:36.747000+03:00,sensor_3,-66,6,1,4
2026-05-23 16:14:39.427000+03:00,sensor_2,-72,6,1,4
2026-05-23 16:14:41.545000+03:00,sensor_4,-73,6,1,4
2026-05-23 16:14:43.595000+03:00,sensor_1,-80,6,1,4
2026-05-23 16:14:44.172000+03:00,sensor_3,-66,6,1,4
2026-05-23 16:14:46.862000+03:00,sensor_2,-71,6,1,4
2026-05-23 16:14:49.169000+03:00,sensor_4,-70,6,1,4
2026-05-23 16:14:50.809000+03:00,sensor_1,-80,6,1,4
2026-05-23 16:14:51.237000+03:00,sensor_3,-67,6,1,4
2026-05-23 16:14:54.337000+03:00,sensor_2,-72,6,1,4
2026-05-23 16:14:56.593000+03:00,sensor_4,-68,6,1,4
2026-05-23 16:14:58.234000+03:00,sensor_1,-87,6,1,4
2026-05-23 16:14:58.612000+03:00,sensor_3,-64,6,1,4
2026-05-23 16:15:01.752000+03:00,sensor_2,-79,6,1,4
2026-05-23 16:15:03.968000+03:00,sensor_4,-70,6,1,4
2026-05-23 16:15:05.708000+03:00,sensor_1,-87,6,1,4
2026-05-23 16:15:06.047000+03:00,sensor_3,-64,6,1,4
2026-05-23 16:15:08.976000+03:00,sensor_2,-54,0,0,0
2026-05-23 16:15:11.094000+03:00,sensor_4,-62,0,0,0
2026-05-23 16:15:12.883000+03:00,sensor_1,-58,0,0,0
2026-05-23 16:15:13.162000+03:00,sensor_3,-57,0,0,0
2026-05-23 16:15:16.200000+03:00,sensor_2,-54,0,0,0
2026-05-23 16:15:18.359000+03:00,sensor_4,-60,0,0,0
2026-05-23 16:15:19.998000+03:00,sensor_1,-59,0,0,0
2026-05-23 16:15:20.277000+03:00,sensor_3,-56,0,0,0
2026-05-23 16:15:23.415000+03:00,sensor_2,-52,0,0,0
2026-05-23 16:15:25.473000+03:00,sensor_4,-58,0,0,0
2026-05-23 16:15:27.164000+03:00,sensor_1,-56,0,0,0
2026-05-23 16:15:27.443000+03:00,sensor_3,-57,0,0,0
2026-05-23 16:15:30.640000+03:00,sensor_2,-52,0,0,0
2026-05-23 16:15:32.689000+03:00,sensor_4,-61,0,0,0
2026-05-23 16:15:34.388000+03:00,sensor_1,-59,0,0,0
2026-05-23 16:15:34.607000+03:00,sensor_3,-57,0,0,0
2026-05-23 16:15:37.915000+03:00,sensor_2,-53,0,0,0
2026-05-23 16:15:39.963000+03:00,sensor_4,-61,0,0,0
2026-05-23 16:15:41.604000+03:00,sensor_1,-55,0,0,0
2026-05-23 16:15:42.082000+03:00,sensor_3,-57,0,0,0
2026-05-23 16:15:45.079000+03:00,sensor_2,-54,0,0,0
2026-05-23 16:15:47.137000+03:00,sensor_4,-61,0,0,0
2026-05-23 16:15:48.679000+03:00,sensor_1,-58,0,0,0
2026-05-23 16:15:49.297000+03:00,sensor_3,-55,0,0,0
2026-05-23 16:15:52.293000+03:00,sensor_2,-53,0,0,0
2026-05-23 16:15:54.251000+03:00,sensor_4,-61,0,0,0
2026-05-23 16:15:55.833000+03:00,sensor_1,-58,0,0,0
2026-05-23 16:15:56.472000+03:00,sensor_3,-56,0,0,0
2026-05-23 16:15:59.507000+03:00,sensor_2,-53,0,0,0
2026-05-23 16:16:01.476000+03:00,sensor_4,-61,0,0,0
2026-05-23 16:16:02.957000+03:00,sensor_1,-56,0,0,0
2026-05-23 16:16:03.587000+03:00,sensor_3,-57,0,0,0
2026-05-23 16:16:06.782000+03:00,sensor_2,-54,0,0,0
2026-05-23 16:16:08.740000+03:00,sensor_4,-61,0,0,0
2026-05-23 16:16:10.632000+03:00,sensor_1,-57,0,0,0
2026-05-23 16:16:10.962000+03:00,sensor_3,-57,0,0,0
2026-05-23 16:16:14.057000+03:00,sensor_2,-53,0,0,0
2026-05-23 16:16:16.015000+03:00,sensor_4,-61,0,0,0
2026-05-23 16:16:18.006000+03:00,sensor_1,-56,0,0,0
2026-05-23 16:16:18.636000+03:00,sensor_3,-57,0,0,0
2026-05-23 16:16:21.322000+03:00,sensor_2,-54,0,0,0
2026-05-23 16:16:23.279000+03:00,sensor_4,-61,0,0,0
2026-05-23 16:16:25.282000+03:00,sensor_1,-56,0,0,0
2026-05-23 16:16:27.651000+03:00,sensor_3,-57,0,0,0
2026-05-23 16:16:28.597000+03:00,sensor_2,-54,0,0,0
2026-05-23 16:16:30.445000+03:00,sensor_4,-59,0,0,0
2026-05-23 16:16:32.548000+03:00,sensor_1,-56,0,0,0
2026-05-23 16:16:35.335000+03:00,sensor_3,-55,0,0,0
2026-05-23 16:16:35.812000+03:00,sensor_2,-54,0,0,0
2026-05-23 16:16:37.719000+03:00,sensor_4,-61,0,0,0
2026-05-23 16:16:39.663000+03:00,sensor_1,-56,0,0,0
2026-05-23 16:16:42.551000+03:00,sensor_3,-57,0,0,0
2026-05-23 16:16:43.037000+03:00,sensor_2,-53,0,0,0
2026-05-23 16:16:44.884000+03:00,sensor_4,-61,0,0,0
2026-05-23 16:16:46.737000+03:00,sensor_1,-55,0,0,0
2026-05-23 16:16:49.715000+03:00,sensor_3,-57,0,0,0
2026-05-23 16:16:50.242000+03:00,sensor_2,-54,0,0,0
2026-05-23 16:16:52.111000+03:00,sensor_4,-61,0,0,0
2026-05-23 16:16:53.893000+03:00,sensor_1,-58,0,0,0
2026-05-23 16:16:56.891000+03:00,sensor_3,-57,0,0,0
2026-05-23 16:16:57.366000+03:00,sensor_2,-53,0,0,0
2026-05-23 16:16:59.325000+03:00,sensor_4,-61,0,0,0
2026-05-23 16:17:01.627000+03:00,sensor_1,-55,0,0,0
2026-05-23 16:17:04.205000+03:00,sensor_3,-57,0,0,0
2026-05-23 16:17:04.591000+03:00,sensor_2,-52,0,0,0
2026-05-23 16:17:06.599000+03:00,sensor_4,-62,0,0,0
2026-05-23 16:17:10.942000+03:00,sensor_1,-75,7,1,4
2026-05-23 16:17:12.005000+03:00,sensor_2,-67,7,1,4
2026-05-23 16:17:12.390000+03:00,sensor_3,-74,7,1,4
2026-05-23 16:17:14.074000+03:00,sensor_4,-71,7,1,4
2026-05-23 16:17:18.417000+03:00,sensor_1,-73,7,1,4
2026-05-23 16:17:19.480000+03:00,sensor_2,-67,7,1,4
2026-05-23 16:17:19.974000+03:00,sensor_3,-74,7,1,4
2026-05-23 16:17:21.539000+03:00,sensor_4,-72,7,1,4
2026-05-23 16:17:25.741000+03:00,sensor_1,-74,7,1,4
2026-05-23 16:17:26.855000+03:00,sensor_2,-67,7,1,4
2026-05-23 16:17:27.299000+03:00,sensor_3,-74,7,1,4
2026-05-23 16:17:28.964000+03:00,sensor_4,-72,7,1,4
2026-05-23 16:17:33.065000+03:00,sensor_1,-73,7,1,4
2026-05-23 16:17:34.330000+03:00,sensor_2,-67,7,1,4
2026-05-23 16:17:34.613000+03:00,sensor_3,-73,7,1,4
2026-05-23 16:17:36.289000+03:00,sensor_4,-72,7,1,4
2026-05-23 16:17:40.540000+03:00,sensor_1,-74,7,1,4
2026-05-23 16:17:41.755000+03:00,sensor_2,-66,7,1,4
2026-05-23 16:17:41.988000+03:00,sensor_3,-74,7,1,4
2026-05-23 16:17:43.864000+03:00,sensor_4,-71,7,1,4
2026-05-23 16:17:47.954000+03:00,sensor_1,-74,7,1,4
2026-05-23 16:17:49.078000+03:00,sensor_2,-70,7,1,4
2026-05-23 16:17:49.412000+03:00,sensor_3,-75,7,1,4
2026-05-23 16:17:51.190000+03:00,sensor_4,-71,7,1,4
2026-05-23 16:17:55.388000+03:00,sensor_1,-74,7,1,4
2026-05-23 16:17:56.293000+03:00,sensor_2,-70,7,1,4
2026-05-23 16:17:56.837000+03:00,sensor_3,-75,7,1,4
2026-05-23 16:18:03.062000+03:00,sensor_1,-74,7,1,4
2026-05-23 16:18:03.818000+03:00,sensor_2,-69,7,1,4
2026-05-23 16:18:04.360000+03:00,sensor_3,-75,7,1,4
2026-05-23 16:18:10.188000+03:00,sensor_4,-61,0,0,0
2026-05-23 16:18:10.346000+03:00,sensor_1,-58,0,0,0
2026-05-23 16:18:11.202000+03:00,sensor_2,-54,0,0,0
2026-05-23 16:18:11.485000+03:00,sensor_3,-57,0,0,0
2026-05-23 16:18:17.460000+03:00,sensor_1,-56,0,0,0
2026-05-23 16:18:17.665000+03:00,sensor_4,-62,0,0,0
2026-05-23 16:18:18.306000+03:00,sensor_2,-54,0,0,0
2026-05-23 16:18:18.610000+03:00,sensor_3,-58,0,0,0
2026-05-23 16:18:24.626000+03:00,sensor_1,-56,0,0,0
2026-05-23 16:18:24.829000+03:00,sensor_4,-62,0,0,0
2026-05-23 16:18:25.541000+03:00,sensor_2,-54,0,0,0
2026-05-23 16:18:25.875000+03:00,sensor_3,-57,0,0,0
2026-05-23 16:18:31.850000+03:00,sensor_1,-57,0,0,0
2026-05-23 16:18:32.203000+03:00,sensor_4,-61,0,0,0
2026-05-23 16:18:32.806000+03:00,sensor_2,-54,0,0,0
2026-05-23 16:18:33.189000+03:00,sensor_3,-57,0,0,0
2026-05-23 16:18:39.224000+03:00,sensor_1,-58,0,0,0
2026-05-23 16:18:39.527000+03:00,sensor_4,-61,0,0,0
2026-05-23 16:18:40.081000+03:00,sensor_2,-54,0,0,0
2026-05-23 16:18:40.463000+03:00,sensor_3,-57,0,0,0
2026-05-23 16:18:46.490000+03:00,sensor_1,-56,0,0,0
2026-05-23 16:18:46.641000+03:00,sensor_4,-60,0,0,0
2026-05-23 16:18:47.185000+03:00,sensor_2,-53,0,0,0
2026-05-23 16:18:47.637000+03:00,sensor_3,-58,0,0,0
2026-05-23 16:18:53.755000+03:00,sensor_1,-59,0,0,0
2026-05-23 16:18:53.915000+03:00,sensor_4,-61,0,0,0
2026-05-23 16:18:54.510000+03:00,sensor_2,-54,0,0,0
2026-05-23 16:18:55.012000+03:00,sensor_3,-57,0,0,0
2026-05-23 16:19:01.131000+03:00,sensor_1,-56,0,0,0
2026-05-23 16:19:02.487000+03:00,sensor_3,-58,0,0,0
2026-05-23 16:19:03.223000+03:00,sensor_2,-53,0,0,0
2026-05-23 16:19:04.769000+03:00,sensor_4,-61,0,0,0
2026-05-23 16:19:08.406000+03:00,sensor_1,-58,0,0,0
2026-05-23 16:19:09.593000+03:00,sensor_3,-58,0,0,0
2026-05-23 16:19:10.487000+03:00,sensor_2,-54,0,0,0
2026-05-23 16:19:12.243000+03:00,sensor_4,-62,0,0,0
2026-05-23 16:19:15.881000+03:00,sensor_1,-56,0,0,0
2026-05-23 16:19:16.818000+03:00,sensor_3,-57,0,0,0
2026-05-23 16:19:17.613000+03:00,sensor_2,-54,0,0,0
2026-05-23 16:19:19.368000+03:00,sensor_4,-59,0,0,0
2026-05-23 16:19:23.156000+03:00,sensor_1,-58,0,0,0
2026-05-23 16:19:24.083000+03:00,sensor_3,-58,0,0,0
2026-05-23 16:19:24.927000+03:00,sensor_2,-53,0,0,0
2026-05-23 16:19:26.573000+03:00,sensor_4,-60,0,0,0
2026-05-23 16:19:30.421000+03:00,sensor_1,-59,0,0,0
2026-05-23 16:19:31.358000+03:00,sensor_3,-56,0,0,0
2026-05-23 16:19:32.091000+03:00,sensor_2,-54,0,0,0
2026-05-23 16:19:33.686000+03:00,sensor_4,-61,0,0,0
2026-05-23 16:19:37.795000+03:00,sensor_1,-59,0,0,0
2026-05-23 16:19:38.574000+03:00,sensor_3,-56,0,0,0
2026-05-23 16:19:39.306000+03:00,sensor_2,-53,0,0,0
2026-05-23 16:19:40.862000+03:00,sensor_4,-59,0,0,0
2026-05-23 16:19:45.019000+03:00,sensor_1,-58,0,0,0
2026-05-23 16:19:45.799000+03:00,sensor_3,-58,0,0,0
2026-05-23 16:19:46.371000+03:00,sensor_2,-54,0,0,0
2026-05-23 16:19:48.086000+03:00,sensor_4,-59,0,0,0
2026-05-23 16:19:52.186000+03:00,sensor_1,-57,0,0,0
2026-05-23 16:19:53.013000+03:00,sensor_3,-58,0,0,0
2026-05-23 16:19:53.545000+03:00,sensor_2,-54,0,0,0
2026-05-23 16:19:55.401000+03:00,sensor_4,-59,0,0,0
2026-05-23 16:19:59.809000+03:00,sensor_1,-58,0,0,0
2026-05-23 16:20:00.238000+03:00,sensor_3,-58,0,0,0
2026-05-23 16:20:00.709000+03:00,sensor_2,-54,0,0,0
2026-05-23 16:20:02.516000+03:00,sensor_4,-59,0,0,0
2026-05-23 16:20:06.924000+03:00,sensor_1,-58,0,0,0
2026-05-23 16:20:07.353000+03:00,sensor_3,-56,0,0,0
2026-05-23 16:20:07.833000+03:00,sensor_2,-53,0,0,0
2026-05-23 16:20:09.930000+03:00,sensor_4,-79,8,1,4
2026-05-23 16:20:14.449000+03:00,sensor_1,-73,8,1,4
2026-05-23 16:20:14.768000+03:00,sensor_3,-69,8,1,4
2026-05-23 16:20:15.308000+03:00,sensor_2,-68,8,1,4
2026-05-23 16:20:17.366000+03:00,sensor_4,-78,8,1,4
2026-05-23 16:20:21.924000+03:00,sensor_1,-72,8,1,4
2026-05-23 16:20:22.353000+03:00,sensor_3,-69,8,1,4
2026-05-23 16:20:22.983000+03:00,sensor_2,-67,8,1,4
2026-05-23 16:20:24.951000+03:00,sensor_4,-78,8,1,4
2026-05-23 16:20:29.399000+03:00,sensor_1,-72,8,1,4
2026-05-23 16:20:29.827000+03:00,sensor_3,-69,8,1,4
2026-05-23 16:20:30.457000+03:00,sensor_2,-67,8,1,4
2026-05-23 16:20:32.417000+03:00,sensor_4,-78,8,1,4
2026-05-23 16:20:36.873000+03:00,sensor_1,-71,8,1,4
2026-05-23 16:20:37.302000+03:00,sensor_3,-70,8,1,4
2026-05-23 16:20:37.931000+03:00,sensor_2,-68,8,1,4
2026-05-23 16:20:39.891000+03:00,sensor_4,-77,8,1,4
2026-05-23 16:20:44.347000+03:00,sensor_1,-71,8,1,4
2026-05-23 16:20:44.777000+03:00,sensor_3,-70,8,1,4
2026-05-23 16:20:45.407000+03:00,sensor_2,-67,8,1,4
2026-05-23 16:20:47.465000+03:00,sensor_4,-77,8,1,4
2026-05-23 16:20:51.821000+03:00,sensor_1,-72,8,1,4
2026-05-23 16:20:51.991000+03:00,sensor_3,-70,8,1,4
2026-05-23 16:20:52.832000+03:00,sensor_2,-67,8,1,4
2026-05-23 16:20:54.789000+03:00,sensor_4,-80,8,1,4
2026-05-23 16:20:59.146000+03:00,sensor_1,-70,8,1,4
2026-05-23 16:20:59.255000+03:00,sensor_3,-70,8,1,4
2026-05-23 16:21:00.257000+03:00,sensor_2,-68,8,1,4
2026-05-23 16:21:02.163000+03:00,sensor_4,-80,8,1,4
2026-05-23 16:21:06.689000+03:00,sensor_3,-69,8,1,4
2026-05-23 16:21:07.531000+03:00,sensor_2,-54,0,0,0
2026-05-23 16:21:09.288000+03:00,sensor_4,-60,0,0,0
2026-05-23 16:21:13.813000+03:00,sensor_3,-57,0,0,0
2026-05-23 16:21:14.745000+03:00,sensor_2,-54,0,0,0
2026-05-23 16:21:16.562000+03:00,sensor_4,-62,0,0,0
2026-05-23 16:21:17.994000+03:00,sensor_1,-59,0,0,0
2026-05-23 16:21:21.026000+03:00,sensor_3,-57,0,0,0
2026-05-23 16:21:21.969000+03:00,sensor_2,-54,0,0,0
2026-05-23 16:21:23.826000+03:00,sensor_4,-61,0,0,0
2026-05-23 16:21:25.623000+03:00,sensor_1,-56,0,0,0
2026-05-23 16:21:28.451000+03:00,sensor_3,-57,0,0,0
2026-05-23 16:21:29.194000+03:00,sensor_2,-54,0,0,0
2026-05-23 16:21:31.040000+03:00,sensor_4,-59,0,0,0
2026-05-23 16:21:32.888000+03:00,sensor_1,-58,0,0,0
2026-05-23 16:21:35.616000+03:00,sensor_3,-58,0,0,0
2026-05-23 16:21:36.508000+03:00,sensor_2,-54,0,0,0
2026-05-23 16:21:38.264000+03:00,sensor_4,-59,0,0,0
2026-05-23 16:21:40.062000+03:00,sensor_1,-59,0,0,0
2026-05-23 16:21:42.791000+03:00,sensor_3,-57,0,0,0
2026-05-23 16:21:45.012000+03:00,sensor_2,-53,0,0,0
2026-05-23 16:21:45.489000+03:00,sensor_4,-59,0,0,0
2026-05-23 16:21:47.167000+03:00,sensor_1,-58,0,0,0
2026-05-23 16:21:49.955000+03:00,sensor_3,-56,0,0,0
2026-05-23 16:21:52.226000+03:00,sensor_2,-53,0,0,0
2026-05-23 16:21:52.743000+03:00,sensor_4,-60,0,0,0
2026-05-23 16:21:54.391000+03:00,sensor_1,-59,0,0,0
2026-05-23 16:21:57.180000+03:00,sensor_3,-58,0,0,0
2026-05-23 16:21:59.451000+03:00,sensor_2,-56,0,0,0
2026-05-23 16:21:59.918000+03:00,sensor_4,-62,0,0,0
2026-05-23 16:22:02.738000+03:00,sensor_1,-58,0,0,0
2026-05-23 16:22:04.394000+03:00,sensor_3,-60,0,0,0
2026-05-23 16:22:06.724000+03:00,sensor_2,-55,0,0,0
2026-05-23 16:22:06.983000+03:00,sensor_4,-58,0,0,0
2026-05-23 16:22:09.963000+03:00,sensor_1,-58,0,0,0
2026-05-23 16:22:13.829000+03:00,sensor_2,-52,0,0,0
2026-05-23 16:22:14.107000+03:00,sensor_4,-59,0,0,0
2026-05-23 16:22:15.969000+03:00,sensor_3,-68,0,0,0
2026-05-23 16:22:17.228000+03:00,sensor_1,-57,0,0,0
2026-05-23 16:22:21.023000+03:00,sensor_2,-55,0,0,0
2026-05-23 16:22:21.321000+03:00,sensor_4,-62,0,0,0
2026-05-23 16:22:23.700000+03:00,sensor_3,-66,0,0,0
2026-05-23 16:22:24.343000+03:00,sensor_1,-57,0,0,0
2026-05-23 16:22:28.266000+03:00,sensor_2,-55,0,0,0
2026-05-23 16:22:28.506000+03:00,sensor_4,-62,0,0,0
2026-05-23 16:22:30.974000+03:00,sensor_3,-65,0,0,0
2026-05-23 16:22:31.518000+03:00,sensor_1,-58,0,0,0
2026-05-23 16:22:35.390000+03:00,sensor_2,-53,0,0,0
2026-05-23 16:22:35.560000+03:00,sensor_4,-65,0,0,0
2026-05-23 16:22:38.138000+03:00,sensor_3,-66,0,0,0
2026-05-23 16:22:38.734000+03:00,sensor_1,-59,0,0,0
2026-05-23 16:22:42.604000+03:00,sensor_2,-55,0,0,0
2026-05-23 16:22:42.875000+03:00,sensor_4,-60,0,0,0
2026-05-23 16:22:45.352000+03:00,sensor_3,-66,0,0,0
2026-05-23 16:22:45.899000+03:00,sensor_1,-59,0,0,0
2026-05-23 16:22:49.829000+03:00,sensor_2,-53,0,0,0
2026-05-23 16:22:50.399000+03:00,sensor_4,-61,0,0,0
2026-05-23 16:22:52.576000+03:00,sensor_3,-65,0,0,0
2026-05-23 16:22:53.015000+03:00,sensor_1,-59,0,0,0
2026-05-23 16:22:57.104000+03:00,sensor_2,-52,0,0,0
2026-05-23 16:22:57.623000+03:00,sensor_4,-60,0,0,0
2026-05-23 16:22:59.950000+03:00,sensor_3,-65,0,0,0
2026-05-23 16:23:00.240000+03:00,sensor_1,-59,0,0,0
2026-05-23 16:23:04.369000+03:00,sensor_2,-54,0,0,0
2026-05-23 16:23:04.838000+03:00,sensor_4,-60,0,0,0
2026-05-23 16:23:07.515000+03:00,sensor_1,-56,0,0,0
2026-05-23 16:23:11.644000+03:00,sensor_2,-53,0,0,0
2026-05-23 16:23:11.903000+03:00,sensor_4,-59,0,0,0
2026-05-23 16:23:11.935000+03:00,sensor_3,-67,0,0,0
2026-05-23 16:23:14.620000+03:00,sensor_1,-59,0,0,0
2026-05-23 16:23:18.748000+03:00,sensor_2,-53,0,0,0
2026-05-23 16:23:19.027000+03:00,sensor_4,-63,0,0,0
2026-05-23 16:23:19.459000+03:00,sensor_3,-66,0,0,0
2026-05-23 16:23:21.746000+03:00,sensor_1,-60,0,0,0
2026-05-23 16:23:25.833000+03:00,sensor_2,-54,0,0,0
2026-05-23 16:23:26.142000+03:00,sensor_4,-63,0,0,0
2026-05-23 16:23:26.513000+03:00,sensor_3,-63,0,0,0
2026-05-23 16:23:29.011000+03:00,sensor_1,-58,0,0,0
2026-05-23 16:23:32.987000+03:00,sensor_2,-55,0,0,0
2026-05-23 16:23:33.356000+03:00,sensor_4,-61,0,0,0
2026-05-23 16:23:33.639000+03:00,sensor_3,-66,0,0,0
2026-05-23 16:23:36.236000+03:00,sensor_1,-55,0,0,0
2026-05-23 16:23:40.263000+03:00,sensor_2,-54,0,0,0
2026-05-23 16:23:40.490000+03:00,sensor_4,-58,0,0,0
2026-05-23 16:23:40.912000+03:00,sensor_3,-69,0,0,0
2026-05-23 16:23:43.550000+03:00,sensor_1,-53,0,0,0
2026-05-23 16:23:47.329000+03:00,sensor_2,-53,0,0,0
2026-05-23 16:23:47.695000+03:00,sensor_4,-58,0,0,0
2026-05-23 16:23:48.278000+03:00,sensor_3,-73,0,0,0
2026-05-23 16:23:50.825000+03:00,sensor_1,-56,0,0,0
2026-05-23 16:23:54.493000+03:00,sensor_2,-53,0,0,0
2026-05-23 16:23:54.919000+03:00,sensor_4,-59,0,0,0
2026-05-23 16:23:55.551000+03:00,sensor_3,-69,0,0,0
2026-05-23 16:23:57.939000+03:00,sensor_1,-55,0,0,0
2026-05-23 16:24:01.818000+03:00,sensor_2,-53,0,0,0
2026-05-23 16:24:02.084000+03:00,sensor_4,-63,0,0,0
2026-05-23 16:24:02.777000+03:00,sensor_3,-67,0,0,0
2026-05-23 16:24:05.165000+03:00,sensor_1,-55,0,0,0
2026-05-23 16:24:09.032000+03:00,sensor_2,-53,0,0,0
2026-05-23 16:24:09.199000+03:00,sensor_4,-63,0,0,0
2026-05-23 16:24:10.090000+03:00,sensor_3,-69,0,0,0
2026-05-23 16:24:12.430000+03:00,sensor_1,-55,0,0,0
2026-05-23 16:24:16.096000+03:00,sensor_2,-54,0,0,0
2026-05-23 16:24:16.314000+03:00,sensor_4,-58,0,0,0
2026-05-23 16:24:17.364000+03:00,sensor_3,-69,0,0,0
2026-05-23 16:24:19.704000+03:00,sensor_1,-57,0,0,0
2026-05-23 16:24:23.272000+03:00,sensor_2,-53,0,0,0
2026-05-23 16:24:23.489000+03:00,sensor_4,-60,0,0,0
2026-05-23 16:24:24.639000+03:00,sensor_3,-57,0,0,0
2026-05-23 16:24:26.969000+03:00,sensor_1,-59,0,0,0
2026-05-23 16:24:30.337000+03:00,sensor_2,-53,0,0,0
2026-05-23 16:24:30.543000+03:00,sensor_4,-63,0,0,0
2026-05-23 16:24:31.913000+03:00,sensor_3,-57,0,0,0
2026-05-23 16:24:34.143000+03:00,sensor_1,-60,0,0,0
2026-05-23 16:24:37.452000+03:00,sensor_2,-54,0,0,0
2026-05-23 16:24:37.718000+03:00,sensor_4,-62,0,0,0
2026-05-23 16:24:39.120000+03:00,sensor_3,-57,0,0,0
2026-05-23 16:24:41.357000+03:00,sensor_1,-57,0,0,0
2026-05-23 16:24:44.577000+03:00,sensor_2,-52,0,0,0
2026-05-23 16:24:44.943000+03:00,sensor_4,-61,0,0,0
2026-05-23 16:24:46.345000+03:00,sensor_3,-64,0,0,0
2026-05-23 16:24:48.582000+03:00,sensor_1,-58,0,0,0
2026-05-23 16:24:51.991000+03:00,sensor_2,-53,0,0,0
2026-05-23 16:24:52.207000+03:00,sensor_4,-62,0,0,0
2026-05-23 16:24:53.461000+03:00,sensor_3,-63,0,0,0
2026-05-23 16:24:55.796000+03:00,sensor_1,-58,0,0,0
2026-05-23 16:24:59.266000+03:00,sensor_2,-53,0,0,0
2026-05-23 16:24:59.381000+03:00,sensor_4,-60,0,0,0
2026-05-23 16:25:00.685000+03:00,sensor_3,-63,0,0,0
2026-05-23 16:25:02.860000+03:00,sensor_1,-56,0,0,0
2026-05-23 16:25:06.532000+03:00,sensor_2,-52,0,0,0
2026-05-23 16:25:06.605000+03:00,sensor_4,-61,0,0,0
2026-05-23 16:25:07.800000+03:00,sensor_3,-63,0,0,0
2026-05-23 16:25:09.975000+03:00,sensor_1,-58,0,0,0
2026-05-23 16:25:13.906000+03:00,sensor_2,-53,0,0,0
2026-05-23 16:25:14.020000+03:00,sensor_4,-61,0,0,0
2026-05-23 16:25:14.975000+03:00,sensor_3,-63,0,0,0
2026-05-23 16:25:17.249000+03:00,sensor_1,-56,0,0,0
2026-05-23 16:25:21.294000+03:00,sensor_4,-60,0,0,0
2026-05-23 16:25:22.039000+03:00,sensor_3,-63,0,0,0
2026-05-23 16:25:24.933000+03:00,sensor_1,-57,0,0,0
2026-05-23 16:25:25.380000+03:00,sensor_2,-53,0,0,0
2026-05-23 16:25:28.569000+03:00,sensor_4,-62,0,0,0
2026-05-23 16:25:29.093000+03:00,sensor_3,-63,0,0,0
2026-05-23 16:25:32.098000+03:00,sensor_1,-58,0,0,0
2026-05-23 16:25:32.644000+03:00,sensor_2,-53,0,0,0
2026-05-23 16:25:35.833000+03:00,sensor_4,-63,0,0,0
2026-05-23 16:25:36.416000+03:00,sensor_3,-63,0,0,0
2026-05-23 16:25:39.312000+03:00,sensor_1,-58,0,0,0
2026-05-23 16:25:39.869000+03:00,sensor_2,-53,0,0,0
2026-05-23 16:25:42.997000+03:00,sensor_4,-60,0,0,0
2026-05-23 16:25:43.630000+03:00,sensor_3,-63,0,0,0
2026-05-23 16:25:46.537000+03:00,sensor_1,-55,0,0,0
2026-05-23 16:25:47.033000+03:00,sensor_2,-53,0,0,0
2026-05-23 16:25:50.221000+03:00,sensor_4,-60,0,0,0
2026-05-23 16:25:50.854000+03:00,sensor_3,-63,0,0,0
2026-05-23 16:25:53.651000+03:00,sensor_1,-58,0,0,0
2026-05-23 16:25:54.098000+03:00,sensor_2,-51,0,0,0
2026-05-23 16:25:57.386000+03:00,sensor_4,-62,0,0,0
2026-05-23 16:25:58.079000+03:00,sensor_3,-63,0,0,0
2026-05-23 16:26:00.816000+03:00,sensor_1,-58,0,0,0
2026-05-23 16:26:01.263000+03:00,sensor_2,-52,0,0,0
2026-05-23 16:26:04.561000+03:00,sensor_4,-62,0,0,0
2026-05-23 16:26:05.145000+03:00,sensor_3,-63,0,0,0
2026-05-23 16:26:08.042000+03:00,sensor_1,-57,0,0,0
2026-05-23 16:26:08.487000+03:00,sensor_2,-52,0,0,0
2026-05-23 16:26:11.725000+03:00,sensor_4,-61,0,0,0
2026-05-23 16:26:12.310000+03:00,sensor_3,-63,0,0,0
2026-05-23 16:26:15.255000+03:00,sensor_1,-58,0,0,0
2026-05-23 16:26:15.912000+03:00,sensor_2,-52,0,0,0
2026-05-23 16:26:18.800000+03:00,sensor_4,-61,0,0,0
2026-05-23 16:26:19.475000+03:00,sensor_3,-63,0,0,0
2026-05-23 16:26:22.480000+03:00,sensor_1,-57,0,0,0
2026-05-23 16:26:23.126000+03:00,sensor_2,-52,0,0,0
2026-05-23 16:26:25.905000+03:00,sensor_4,-60,0,0,0
2026-05-23 16:26:26.700000+03:00,sensor_3,-62,0,0,0
2026-05-23 16:26:29.755000+03:00,sensor_1,-57,0,0,0
2026-05-23 16:26:30.341000+03:00,sensor_2,-52,0,0,0
2026-05-23 16:26:33.119000+03:00,sensor_4,-59,0,0,0
2026-05-23 16:26:35.405000+03:00,sensor_3,-57,0,0,0
2026-05-23 16:26:36.919000+03:00,sensor_1,-56,0,0,0
2026-05-23 16:26:37.566000+03:00,sensor_2,-53,0,0,0
2026-05-23 16:26:40.343000+03:00,sensor_4,-62,0,0,0
2026-05-23 16:26:42.720000+03:00,sensor_3,-57,0,0,0
2026-05-23 16:26:44.145000+03:00,sensor_1,-58,0,0,0
2026-05-23 16:26:44.791000+03:00,sensor_2,-54,0,0,0
2026-05-23 16:26:47.617000+03:00,sensor_4,-60,0,0,0
2026-05-23 16:26:49.894000+03:00,sensor_3,-56,0,0,0
2026-05-23 16:26:51.200000+03:00,sensor_1,-55,0,0,0
2026-05-23 16:26:52.005000+03:00,sensor_2,-53,0,0,0
2026-05-23 16:26:54.782000+03:00,sensor_4,-62,0,0,0
2026-05-23 16:26:57.108000+03:00,sensor_3,-58,0,0,0
2026-05-23 16:26:58.314000+03:00,sensor_1,-58,0,0,0
2026-05-23 16:26:59.230000+03:00,sensor_2,-51,0,0,0
2026-05-23 16:27:01.996000+03:00,sensor_4,-60,0,0,0
2026-05-23 16:27:04.273000+03:00,sensor_3,-57,0,0,0
2026-05-23 16:27:05.329000+03:00,sensor_1,-59,0,0,0
2026-05-23 16:27:06.444000+03:00,sensor_2,-53,0,0,0
2026-05-23 16:27:09.220000+03:00,sensor_4,-62,0,0,0
2026-05-23 16:27:11.898000+03:00,sensor_3,-69,1,1,5
2026-05-23 16:27:12.604000+03:00,sensor_1,-85,1,1,5
2026-05-23 16:27:13.918000+03:00,sensor_2,-82,1,1,5
2026-05-23 16:27:19.636000+03:00,sensor_3,-69,1,1,5
2026-05-23 16:27:19.970000+03:00,sensor_1,-84,1,1,5
2026-05-23 16:27:20.994000+03:00,sensor_4,-87,1,1,5
2026-05-23 16:27:21.353000+03:00,sensor_2,-82,1,1,5
2026-05-23 16:27:27.111000+03:00,sensor_3,-70,1,1,5
2026-05-23 16:27:27.246000+03:00,sensor_1,-84,1,1,5
2026-05-23 16:27:28.720000+03:00,sensor_4,-87,1,1,5
2026-05-23 16:27:28.868000+03:00,sensor_2,-87,1,1,5
2026-05-23 16:27:34.426000+03:00,sensor_3,-70,1,1,5
2026-05-23 16:27:34.560000+03:00,sensor_1,-84,1,1,5
2026-05-23 16:27:36.044000+03:00,sensor_4,-86,1,1,5
2026-05-23 16:27:36.193000+03:00,sensor_2,-85,1,1,5
2026-05-23 16:27:41.934000+03:00,sensor_1,-82,1,1,5
2026-05-23 16:27:42.564000+03:00,sensor_3,-70,1,1,5
2026-05-23 16:27:43.506000+03:00,sensor_2,-83,1,1,5
2026-05-23 16:27:44.239000+03:00,sensor_4,-86,1,1,5
2026-05-23 16:27:49.258000+03:00,sensor_1,-85,1,1,5
2026-05-23 16:27:50.302000+03:00,sensor_3,-69,1,1,5
2026-05-23 16:27:50.831000+03:00,sensor_2,-83,1,1,5
2026-05-23 16:27:52.843000+03:00,sensor_4,-85,1,1,5
2026-05-23 16:27:56.634000+03:00,sensor_1,-84,1,1,5
2026-05-23 16:27:57.726000+03:00,sensor_3,-70,1,1,5
2026-05-23 16:27:58.256000+03:00,sensor_2,-82,1,1,5
2026-05-23 16:28:00.257000+03:00,sensor_4,-87,1,1,5
2026-05-23 16:28:03.798000+03:00,sensor_1,-85,1,1,5
2026-05-23 16:28:05.149000+03:00,sensor_3,-70,1,1,5
2026-05-23 16:28:05.630000+03:00,sensor_2,-83,1,1,5
2026-05-23 16:28:07.491000+03:00,sensor_4,-61,0,0,0
2026-05-23 16:28:11.073000+03:00,sensor_1,-58,0,0,0
2026-05-23 16:28:12.336000+03:00,sensor_3,-57,0,0,0
2026-05-23 16:28:12.804000+03:00,sensor_2,-52,0,0,0
2026-05-23 16:28:14.855000+03:00,sensor_4,-62,0,0,0
2026-05-23 16:28:18.397000+03:00,sensor_1,-59,0,0,0
2026-05-23 16:28:19.440000+03:00,sensor_3,-64,0,0,0
2026-05-23 16:28:19.968000+03:00,sensor_2,-54,0,0,0
2026-05-23 16:28:22.069000+03:00,sensor_4,-61,0,0,0
2026-05-23 16:28:25.612000+03:00,sensor_1,-58,0,0,0
2026-05-23 16:28:26.606000+03:00,sensor_3,-57,0,0,0
2026-05-23 16:28:27.242000+03:00,sensor_2,-54,0,0,0
2026-05-23 16:28:29.294000+03:00,sensor_4,-62,0,0,0
2026-05-23 16:28:32.846000+03:00,sensor_1,-55,0,0,0
2026-05-23 16:28:33.831000+03:00,sensor_3,-56,0,0,0
2026-05-23 16:28:34.348000+03:00,sensor_2,-52,0,0,0
2026-05-23 16:28:36.568000+03:00,sensor_4,-62,0,0,0
2026-05-23 16:28:40.053000+03:00,sensor_1,-58,0,0,0
2026-05-23 16:28:40.995000+03:00,sensor_3,-57,0,0,0
2026-05-23 16:28:41.523000+03:00,sensor_2,-53,0,0,0
2026-05-23 16:28:43.682000+03:00,sensor_4,-60,0,0,0
2026-05-23 16:28:48.211000+03:00,sensor_3,-57,0,0,0
2026-05-23 16:28:48.848000+03:00,sensor_2,-54,0,0,0
2026-05-23 16:28:50.907000+03:00,sensor_4,-62,0,0,0
2026-05-23 16:28:51.627000+03:00,sensor_1,-58,0,0,0
2026-05-23 16:28:55.386000+03:00,sensor_3,-56,0,0,0
2026-05-23 16:28:56.063000+03:00,sensor_2,-54,0,0,0
2026-05-23 16:28:58.123000+03:00,sensor_4,-60,0,0,0
2026-05-23 16:28:59.817000+03:00,sensor_1,-55,0,0,0
2026-05-23 16:29:02.651000+03:00,sensor_3,-57,0,0,0
2026-05-23 16:29:05.187000+03:00,sensor_4,-60,0,0,0
2026-05-23 16:29:06.932000+03:00,sensor_1,-58,0,0,0
2026-05-23 16:29:08+03:00,sensor_2,-53,0,0,0
2026-05-23 16:29:09.766000+03:00,sensor_3,-57,0,0,0
2026-05-23 16:29:12.252000+03:00,sensor_4,-62,0,0,0
2026-05-23 16:29:14.206000+03:00,sensor_1,-58,0,0,0
2026-05-23 16:29:15.574000+03:00,sensor_2,-53,0,0,0
2026-05-23 16:29:16.991000+03:00,sensor_3,-57,0,0,0
2026-05-23 16:29:19.417000+03:00,sensor_4,-62,0,0,0
2026-05-23 16:29:21.520000+03:00,sensor_1,-55,0,0,0
2026-05-23 16:29:22.738000+03:00,sensor_2,-54,0,0,0
2026-05-23 16:29:24.217000+03:00,sensor_3,-56,0,0,0
2026-05-23 16:29:26.642000+03:00,sensor_4,-61,0,0,0
2026-05-23 16:29:29.158000+03:00,sensor_1,-55,0,0,0
2026-05-23 16:29:29.853000+03:00,sensor_2,-52,0,0,0
2026-05-23 16:29:31.380000+03:00,sensor_3,-56,0,0,0
2026-05-23 16:29:33.856000+03:00,sensor_4,-61,0,0,0
2026-05-23 16:29:36.423000+03:00,sensor_1,-58,0,0,0
2026-05-23 16:29:37.077000+03:00,sensor_2,-53,0,0,0
2026-05-23 16:29:38.594000+03:00,sensor_3,-56,0,0,0
2026-05-23 16:29:40.981000+03:00,sensor_4,-62,0,0,0
2026-05-23 16:29:43.899000+03:00,sensor_1,-55,0,0,0
2026-05-23 16:29:44.192000+03:00,sensor_2,-54,0,0,0
2026-05-23 16:29:45.869000+03:00,sensor_3,-57,0,0,0
2026-05-23 16:29:48.198000+03:00,sensor_4,-60,0,0,0
2026-05-23 16:29:51.517000+03:00,sensor_2,-54,0,0,0
2026-05-23 16:29:51.587000+03:00,sensor_1,-55,0,0,0
2026-05-23 16:29:53.034000+03:00,sensor_3,-57,0,0,0
2026-05-23 16:29:55.523000+03:00,sensor_4,-60,0,0,0
2026-05-23 16:29:58.703000+03:00,sensor_1,-58,0,0,0
2026-05-23 16:29:58.732000+03:00,sensor_2,-54,0,0,0
2026-05-23 16:30:00.250000+03:00,sensor_3,-57,0,0,0
2026-05-23 16:30:02.899000+03:00,sensor_4,-60,0,0,0
2026-05-23 16:30:05.917000+03:00,sensor_1,-55,0,0,0
2026-05-23 16:30:05.958000+03:00,sensor_2,-53,0,0,0
2026-05-23 16:30:07.423000+03:00,sensor_3,-57,0,0,0
2026-05-23 16:30:10.564000+03:00,sensor_4,-78,2,1,5
2026-05-23 16:30:13.322000+03:00,sensor_2,-71,2,1,5
2026-05-23 16:30:13.332000+03:00,sensor_1,-72,2,1,5
2026-05-23 16:30:14.788000+03:00,sensor_3,-73,2,1,5
2026-05-23 16:30:18.561000+03:00,sensor_4,-79,2,1,5
2026-05-23 16:30:20.697000+03:00,sensor_2,-71,2,1,5
2026-05-23 16:30:20.766000+03:00,sensor_1,-72,2,1,5
2026-05-23 16:30:22.574000+03:00,sensor_3,-73,2,1,5
2026-05-23 16:30:26.026000+03:00,sensor_4,-80,2,1,5
2026-05-23 16:30:28.131000+03:00,sensor_1,-71,2,1,5
2026-05-23 16:30:28.171000+03:00,sensor_2,-71,2,1,5
2026-05-23 16:30:29.998000+03:00,sensor_3,-74,2,1,5
2026-05-23 16:30:33.401000+03:00,sensor_4,-78,2,1,5
2026-05-23 16:30:35.745000+03:00,sensor_2,-71,2,1,5
2026-05-23 16:30:37.323000+03:00,sensor_3,-72,2,1,5
2026-05-23 16:30:37.405000+03:00,sensor_1,-73,2,1,5
2026-05-23 16:30:40.725000+03:00,sensor_4,-80,2,1,5
2026-05-23 16:30:43.120000+03:00,sensor_2,-71,2,1,5
2026-05-23 16:30:44.647000+03:00,sensor_3,-72,2,1,5
2026-05-23 16:30:44.680000+03:00,sensor_1,-72,2,1,5
2026-05-23 16:30:50.446000+03:00,sensor_2,-71,2,1,5
2026-05-23 16:30:51.780000+03:00,sensor_4,-79,2,1,5
2026-05-23 16:30:51.962000+03:00,sensor_3,-72,2,1,5
2026-05-23 16:30:51.994000+03:00,sensor_1,-73,2,1,5
2026-05-23 16:30:57.870000+03:00,sensor_2,-70,2,1,5
2026-05-23 16:30:59.206000+03:00,sensor_4,-80,2,1,5
2026-05-23 16:30:59.337000+03:00,sensor_3,-72,2,1,5
2026-05-23 16:30:59.567000+03:00,sensor_1,-73,2,1,5
2026-05-23 16:31:05.345000+03:00,sensor_2,-71,0,0,0
2026-05-23 16:31:06.220000+03:00,sensor_4,-62,0,0,0
2026-05-23 16:31:06.561000+03:00,sensor_3,-57,0,0,0
2026-05-23 16:31:06.691000+03:00,sensor_1,-55,0,0,0
2026-05-23 16:31:12.779000+03:00,sensor_2,-54,0,0,0
2026-05-23 16:31:13.444000+03:00,sensor_4,-62,0,0,0
2026-05-23 16:31:13.775000+03:00,sensor_3,-57,0,0,0
2026-05-23 16:31:13.805000+03:00,sensor_1,-56,0,0,0
2026-05-23 16:31:19.985000+03:00,sensor_2,-54,0,0,0
2026-05-23 16:31:20.618000+03:00,sensor_4,-60,0,0,0
2026-05-23 16:31:20.839000+03:00,sensor_3,-56,0,0,0
2026-05-23 16:31:21.078000+03:00,sensor_1,-57,0,0,0
2026-05-23 16:31:27.211000+03:00,sensor_2,-53,0,0,0
2026-05-23 16:31:27.782000+03:00,sensor_4,-62,0,0,0
2026-05-23 16:31:27.854000+03:00,sensor_3,-59,0,0,0
2026-05-23 16:31:28.353000+03:00,sensor_1,-56,0,0,0
2026-05-23 16:31:34.265000+03:00,sensor_2,-52,0,0,0
2026-05-23 16:31:35.007000+03:00,sensor_4,-63,0,0,0
2026-05-23 16:31:35.537000+03:00,sensor_3,-58,0,0,0
2026-05-23 16:31:35.717000+03:00,sensor_1,-55,0,0,0
2026-05-23 16:31:41.441000+03:00,sensor_2,-54,0,0,0
2026-05-23 16:31:42.321000+03:00,sensor_4,-63,0,0,0
2026-05-23 16:31:42.752000+03:00,sensor_3,-58,0,0,0
2026-05-23 16:31:43.194000+03:00,sensor_1,-56,0,0,0
2026-05-23 16:31:48.606000+03:00,sensor_2,-53,0,0,0
2026-05-23 16:31:49.495000+03:00,sensor_4,-63,0,0,0
2026-05-23 16:31:49.877000+03:00,sensor_3,-58,0,0,0
2026-05-23 16:31:50.418000+03:00,sensor_1,-55,0,0,0
2026-05-23 16:31:55.670000+03:00,sensor_2,-53,0,0,0
2026-05-23 16:31:56.760000+03:00,sensor_4,-63,0,0,0
2026-05-23 16:31:56.992000+03:00,sensor_3,-59,0,0,0
2026-05-23 16:31:57.835000+03:00,sensor_1,-56,0,0,0
2026-05-23 16:32:02.845000+03:00,sensor_2,-53,0,0,0
2026-05-23 16:32:03.884000+03:00,sensor_4,-61,0,0,0
2026-05-23 16:32:04.207000+03:00,sensor_3,-58,0,0,0
2026-05-23 16:32:05.473000+03:00,sensor_1,-57,0,0,0
2026-05-23 16:32:10.059000+03:00,sensor_2,-54,0,0,0
2026-05-23 16:32:11.038000+03:00,sensor_4,-60,0,0,0
2026-05-23 16:32:11.383000+03:00,sensor_3,-57,0,0,0
2026-05-23 16:32:17.048000+03:00,sensor_1,-58,0,0,0
2026-05-23 16:32:17.233000+03:00,sensor_2,-52,0,0,0
2026-05-23 16:32:18.597000+03:00,sensor_3,-57,0,0,0
2026-05-23 16:32:22.614000+03:00,sensor_4,-62,0,0,0
2026-05-23 16:32:24.449000+03:00,sensor_2,-54,0,0,0
2026-05-23 16:32:24.566000+03:00,sensor_1,-55,0,0,0
2026-05-23 16:32:25.662000+03:00,sensor_3,-58,0,0,0
2026-05-23 16:32:30.092000+03:00,sensor_4,-60,0,0,0
2026-05-23 16:32:31.675000+03:00,sensor_2,-54,0,0,0
2026-05-23 16:32:31.840000+03:00,sensor_1,-58,0,0,0
2026-05-23 16:32:32.936000+03:00,sensor_3,-58,0,0,0
2026-05-23 16:32:37.307000+03:00,sensor_4,-60,0,0,0
2026-05-23 16:32:38.940000+03:00,sensor_2,-53,0,0,0
2026-05-23 16:32:38.954000+03:00,sensor_1,-56,0,0,0
2026-05-23 16:32:40.150000+03:00,sensor_3,-57,0,0,0
2026-05-23 16:32:44.891000+03:00,sensor_4,-60,0,0,0
2026-05-23 16:32:46.104000+03:00,sensor_2,-53,0,0,0
2026-05-23 16:32:46.120000+03:00,sensor_1,-58,0,0,0
2026-05-23 16:32:47.375000+03:00,sensor_3,-57,0,0,0
2026-05-23 16:32:52.056000+03:00,sensor_4,-60,0,0,0
2026-05-23 16:32:53.319000+03:00,sensor_2,-53,0,0,0
2026-05-23 16:32:53.495000+03:00,sensor_1,-58,0,0,0
2026-05-23 16:32:54.589000+03:00,sensor_3,-58,0,0,0
2026-05-23 16:32:59.330000+03:00,sensor_4,-60,0,0,0
2026-05-23 16:33:00.543000+03:00,sensor_2,-54,0,0,0
2026-05-23 16:33:01.072000+03:00,sensor_1,-59,0,0,0
2026-05-23 16:33:01.764000+03:00,sensor_3,-57,0,0,0
2026-05-23 16:33:06.895000+03:00,sensor_4,-61,0,0,0
2026-05-23 16:33:07.768000+03:00,sensor_2,-54,0,0,0
2026-05-23 16:33:08.137000+03:00,sensor_1,-58,0,0,0
2026-05-23 16:33:09.438000+03:00,sensor_3,-79,3,1,5
2026-05-23 16:33:15.131000+03:00,sensor_2,-69,3,1,5
2026-05-23 16:33:15.292000+03:00,sensor_4,-77,3,1,5
2026-05-23 16:33:15.562000+03:00,sensor_1,-69,3,1,5
2026-05-23 16:33:17.066000+03:00,sensor_3,-80,3,1,5
2026-05-23 16:33:22.556000+03:00,sensor_2,-70,3,1,5
2026-05-23 16:33:22.726000+03:00,sensor_4,-78,3,1,5
2026-05-23 16:33:22.877000+03:00,sensor_1,-70,3,1,5
2026-05-23 16:33:24.432000+03:00,sensor_3,-78,3,1,5
2026-05-23 16:33:29.881000+03:00,sensor_2,-69,3,1,5
2026-05-23 16:33:30.091000+03:00,sensor_4,-77,3,1,5
2026-05-23 16:33:30.201000+03:00,sensor_1,-69,3,1,5
2026-05-23 16:33:31.756000+03:00,sensor_3,-80,3,1,5
2026-05-23 16:33:37.145000+03:00,sensor_2,-70,3,1,5
2026-05-23 16:33:37.156000+03:00,sensor_4,-78,3,1,5
2026-05-23 16:33:37.576000+03:00,sensor_1,-71,3,1,5
2026-05-23 16:33:39.230000+03:00,sensor_3,-77,3,1,5
2026-05-23 16:33:44.433000+03:00,sensor_4,-78,3,1,5
2026-05-23 16:33:44.569000+03:00,sensor_2,-70,3,1,5
2026-05-23 16:33:45.099000+03:00,sensor_1,-70,3,1,5
2026-05-23 16:33:46.655000+03:00,sensor_3,-81,3,1,5
2026-05-23 16:33:51.857000+03:00,sensor_4,-77,3,1,5
2026-05-23 16:33:51.892000+03:00,sensor_2,-68,3,1,5
2026-05-23 16:33:52.938000+03:00,sensor_1,-68,3,1,5
2026-05-23 16:33:53.980000+03:00,sensor_3,-80,3,1,5
2026-05-23 16:33:59.267000+03:00,sensor_2,-69,3,1,5
2026-05-23 16:33:59.272000+03:00,sensor_4,-77,3,1,5
2026-05-23 16:34:00.253000+03:00,sensor_1,-69,3,1,5
2026-05-23 16:34:01.353000+03:00,sensor_3,-79,3,1,5
2026-05-23 16:34:06.332000+03:00,sensor_2,-53,0,0,0
2026-05-23 16:34:06.406000+03:00,sensor_4,-60,0,0,0
2026-05-23 16:34:07.631000+03:00,sensor_1,-56,0,0,0
2026-05-23 16:34:08.776000+03:00,sensor_3,-56,0,0,0
2026-05-23 16:34:13.631000+03:00,sensor_4,-60,0,0,0
2026-05-23 16:34:13.657000+03:00,sensor_2,-53,0,0,0
2026-05-23 16:34:15.155000+03:00,sensor_1,-58,0,0,0
2026-05-23 16:34:16.514000+03:00,sensor_3,-58,0,0,0
2026-05-23 16:34:20.776000+03:00,sensor_4,-63,0,0,0
2026-05-23 16:34:20.831000+03:00,sensor_2,-52,0,0,0
2026-05-23 16:34:23.608000+03:00,sensor_3,-68,0,0,0
2026-05-23 16:34:24.111000+03:00,sensor_1,-59,0,0,0
2026-05-23 16:34:27.961000+03:00,sensor_4,-63,0,0,0
2026-05-23 16:34:28.046000+03:00,sensor_2,-54,0,0,0
2026-05-23 16:34:30.793000+03:00,sensor_3,-58,0,0,0
2026-05-23 16:34:31.436000+03:00,sensor_1,-58,0,0,0
2026-05-23 16:34:35.178000+03:00,sensor_4,-60,0,0,0
2026-05-23 16:34:35.270000+03:00,sensor_2,-54,0,0,0
2026-05-23 16:34:38.018000+03:00,sensor_3,-57,0,0,0
2026-05-23 16:34:39.425000+03:00,sensor_1,-59,0,0,0
2026-05-23 16:34:42.391000+03:00,sensor_4,-63,0,0,0
2026-05-23 16:34:42.486000+03:00,sensor_2,-53,0,0,0
2026-05-23 16:34:45.284000+03:00,sensor_3,-58,0,0,0
2026-05-23 16:34:47.012000+03:00,sensor_1,-59,0,0,0
2026-05-23 16:34:49.616000+03:00,sensor_4,-60,0,0,0
2026-05-23 16:34:49.809000+03:00,sensor_2,-53,0,0,0
2026-05-23 16:34:52.660000+03:00,sensor_3,-58,0,0,0
2026-05-23 16:34:54.117000+03:00,sensor_1,-55,0,0,0
2026-05-23 16:34:56.731000+03:00,sensor_4,-60,0,0,0
2026-05-23 16:34:56.924000+03:00,sensor_2,-54,0,0,0
2026-05-23 16:34:59.785000+03:00,sensor_3,-58,0,0,0
2026-05-23 16:35:01.292000+03:00,sensor_1,-58,0,0,0
2026-05-23 16:35:03.906000+03:00,sensor_4,-61,0,0,0
2026-05-23 16:35:04.138000+03:00,sensor_2,-53,0,0,0
2026-05-23 16:35:06.838000+03:00,sensor_3,-58,0,0,0
2026-05-23 16:35:08.517000+03:00,sensor_1,-58,0,0,0
2026-05-23 16:35:11.120000+03:00,sensor_4,-60,0,0,0
2026-05-23 16:35:11.311000+03:00,sensor_2,-53,0,0,0
2026-05-23 16:35:14.014000+03:00,sensor_3,-58,0,0,0
2026-05-23 16:35:18.384000+03:00,sensor_4,-61,0,0,0
2026-05-23 16:35:18.475000+03:00,sensor_2,-54,0,0,0
2026-05-23 16:35:20.091000+03:00,sensor_1,-56,0,0,0
2026-05-23 16:35:21.229000+03:00,sensor_3,-58,0,0,0
2026-05-23 16:35:25.559000+03:00,sensor_4,-60,0,0,0
2026-05-23 16:35:25.651000+03:00,sensor_2,-54,0,0,0
2026-05-23 16:35:27.614000+03:00,sensor_1,-56,0,0,0
2026-05-23 16:35:28.505000+03:00,sensor_3,-57,0,0,0
2026-05-23 16:35:32.724000+03:00,sensor_4,-62,0,0,0
2026-05-23 16:35:32.866000+03:00,sensor_2,-54,0,0,0
2026-05-23 16:35:35.138000+03:00,sensor_1,-57,0,0,0
2026-05-23 16:35:35.669000+03:00,sensor_3,-57,0,0,0
2026-05-23 16:35:39.999000+03:00,sensor_4,-60,0,0,0
2026-05-23 16:35:40.191000+03:00,sensor_2,-54,0,0,0
2026-05-23 16:35:42.404000+03:00,sensor_1,-56,0,0,0
2026-05-23 16:35:42.834000+03:00,sensor_3,-58,0,0,0
2026-05-23 16:35:47.114000+03:00,sensor_4,-63,0,0,0
2026-05-23 16:35:47.306000+03:00,sensor_2,-53,0,0,0
2026-05-23 16:35:49.780000+03:00,sensor_1,-56,0,0,0
2026-05-23 16:35:50.159000+03:00,sensor_3,-57,0,0,0
2026-05-23 16:35:54.428000+03:00,sensor_4,-63,0,0,0
2026-05-23 16:35:54.732000+03:00,sensor_2,-54,0,0,0
2026-05-23 16:35:57.054000+03:00,sensor_1,-55,0,0,0
2026-05-23 16:35:57.274000+03:00,sensor_3,-58,0,0,0
2026-05-23 16:36:01.701000+03:00,sensor_4,-60,0,0,0
2026-05-23 16:36:01.996000+03:00,sensor_2,-54,0,0,0
2026-05-23 16:36:04.490000+03:00,sensor_3,-56,0,0,0
2026-05-23 16:36:04.519000+03:00,sensor_1,-58,0,0,0
2026-05-23 16:36:09.275000+03:00,sensor_4,-74,4,1,5
2026-05-23 16:36:09.571000+03:00,sensor_2,-76,4,1,5
2026-05-23 16:36:11.914000+03:00,sensor_3,-68,4,1,5
2026-05-23 16:36:12.197000+03:00,sensor_1,-69,4,1,5
2026-05-23 16:36:16.749000+03:00,sensor_4,-75,4,1,5
2026-05-23 16:36:17.245000+03:00,sensor_2,-75,4,1,5
2026-05-23 16:36:19.588000+03:00,sensor_3,-68,4,1,5
2026-05-23 16:36:19.882000+03:00,sensor_1,-68,4,1,5
2026-05-23 16:36:24.182000+03:00,sensor_4,-74,4,1,5
2026-05-23 16:36:25.285000+03:00,sensor_2,-76,4,1,5
2026-05-23 16:36:27.275000+03:00,sensor_3,-68,4,1,5
2026-05-23 16:36:27.510000+03:00,sensor_1,-68,4,1,5
2026-05-23 16:36:31.656000+03:00,sensor_4,-74,4,1,5
2026-05-23 16:36:33.583000+03:00,sensor_2,-77,4,1,5
2026-05-23 16:36:34.598000+03:00,sensor_3,-68,4,1,5
2026-05-23 16:36:34.874000+03:00,sensor_1,-68,4,1,5
2026-05-23 16:36:39.023000+03:00,sensor_4,-74,4,1,5
2026-05-23 16:36:40.908000+03:00,sensor_2,-76,4,1,5
2026-05-23 16:36:42.023000+03:00,sensor_3,-68,4,1,5
2026-05-23 16:36:42.309000+03:00,sensor_1,-67,4,1,5
2026-05-23 16:36:46.548000+03:00,sensor_4,-73,4,1,5
2026-05-23 16:36:49.684000+03:00,sensor_1,-68,4,1,5
2026-05-23 16:36:49.848000+03:00,sensor_3,-67,4,1,5
2026-05-23 16:36:50.114000+03:00,sensor_2,-74,4,1,5
2026-05-23 16:36:54.072000+03:00,sensor_4,-73,4,1,5
2026-05-23 16:36:57.099000+03:00,sensor_1,-68,4,1,5
2026-05-23 16:36:57.426000+03:00,sensor_3,-67,4,1,5
2026-05-23 16:36:58.011000+03:00,sensor_2,-75,4,1,5
2026-05-23 16:37:01.498000+03:00,sensor_4,-73,4,1,5
2026-05-23 16:37:04.751000+03:00,sensor_3,-68,4,1,5
2026-05-23 16:37:04.934000+03:00,sensor_1,-68,4,1,5
2026-05-23 16:37:05.385000+03:00,sensor_2,-75,4,1,5
2026-05-23 16:37:08.622000+03:00,sensor_4,-62,0,0,0
2026-05-23 16:37:11.976000+03:00,sensor_3,-58,0,0,0
2026-05-23 16:37:12.108000+03:00,sensor_1,-56,0,0,0
2026-05-23 16:37:12.599000+03:00,sensor_2,-53,0,0,0
2026-05-23 16:37:16.097000+03:00,sensor_4,-60,0,0,0
2026-05-23 16:37:19.200000+03:00,sensor_3,-58,0,0,0
2026-05-23 16:37:19.524000+03:00,sensor_1,-60,0,0,0
2026-05-23 16:37:19.724000+03:00,sensor_2,-54,0,0,0
2026-05-23 16:37:23.786000+03:00,sensor_4,-63,0,0,0
2026-05-23 16:37:26.941000+03:00,sensor_2,-53,0,0,0
2026-05-23 16:37:27.163000+03:00,sensor_1,-57,0,0,0
2026-05-23 16:37:29.095000+03:00,sensor_3,-58,0,0,0
2026-05-23 16:37:30.991000+03:00,sensor_4,-61,0,0,0
2026-05-23 16:37:34.265000+03:00,sensor_2,-53,0,0,0
2026-05-23 16:37:34.890000+03:00,sensor_1,-55,0,0,0
2026-05-23 16:37:36.603000+03:00,sensor_3,-57,0,0,0
2026-05-23 16:37:38.214000+03:00,sensor_4,-60,0,0,0
2026-05-23 16:37:41.529000+03:00,sensor_2,-53,0,0,0
2026-05-23 16:37:42.418000+03:00,sensor_1,-59,0,0,0
2026-05-23 16:37:44.078000+03:00,sensor_3,-57,0,0,0
2026-05-23 16:37:45.579000+03:00,sensor_4,-64,0,0,0
2026-05-23 16:37:48.844000+03:00,sensor_2,-53,0,0,0
2026-05-23 16:37:49.694000+03:00,sensor_1,-55,0,0,0
2026-05-23 16:37:51.796000+03:00,sensor_3,-55,0,0,0
2026-05-23 16:37:53.117000+03:00,sensor_4,-62,0,0,0
2026-05-23 16:37:56.382000+03:00,sensor_2,-61,0,0,0
2026-05-23 16:37:56.909000+03:00,sensor_1,-55,0,0,0
2026-05-23 16:37:59.443000+03:00,sensor_3,-55,0,0,0
2026-05-23 16:38:00.581000+03:00,sensor_4,-61,0,0,0
2026-05-23 16:38:03.607000+03:00,sensor_2,-53,0,0,0
2026-05-23 16:38:04.333000+03:00,sensor_1,-56,0,0,0
2026-05-23 16:38:06.807000+03:00,sensor_3,-57,0,0,0
2026-05-23 16:38:08.219000+03:00,sensor_4,-60,0,0,0
2026-05-23 16:38:10.962000+03:00,sensor_2,-52,0,0,0
2026-05-23 16:38:11.861000+03:00,sensor_1,-56,0,0,0
2026-05-23 16:38:14.235000+03:00,sensor_3,-60,0,0,0
2026-05-23 16:38:15.284000+03:00,sensor_4,-60,0,0,0
2026-05-23 16:38:18.500000+03:00,sensor_2,-55,0,0,0
2026-05-23 16:38:19.027000+03:00,sensor_1,-58,0,0,0
2026-05-23 16:38:25.664000+03:00,sensor_2,-58,0,0,0
2026-05-23 16:38:26.242000+03:00,sensor_3,-57,0,0,0
2026-05-23 16:38:26.351000+03:00,sensor_1,-59,0,0,0
2026-05-23 16:38:26.857000+03:00,sensor_4,-62,0,0,0
2026-05-23 16:38:33.080000+03:00,sensor_2,-52,0,0,0
2026-05-23 16:38:33.825000+03:00,sensor_1,-59,0,0,0
2026-05-23 16:38:33.901000+03:00,sensor_3,-59,0,0,0
2026-05-23 16:38:34.485000+03:00,sensor_4,-57,0,0,0
2026-05-23 16:38:40.768000+03:00,sensor_2,-53,0,0,0
2026-05-23 16:38:41.454000+03:00,sensor_1,-60,0,0,0
2026-05-23 16:38:41.527000+03:00,sensor_3,-55,0,0,0
2026-05-23 16:38:41.649000+03:00,sensor_4,-56,0,0,0
2026-05-23 16:38:48.396000+03:00,sensor_2,-51,0,0,0
2026-05-23 16:38:48.569000+03:00,sensor_1,-56,0,0,0
2026-05-23 16:38:48.872000+03:00,sensor_4,-59,0,0,0
2026-05-23 16:38:50.337000+03:00,sensor_3,-58,0,0,0
2026-05-23 16:38:55.671000+03:00,sensor_2,-56,0,0,0
2026-05-23 16:38:55.845000+03:00,sensor_1,-59,0,0,0
2026-05-23 16:38:56.038000+03:00,sensor_4,-60,0,0,0
2026-05-23 16:38:57.802000+03:00,sensor_3,-57,0,0,0
2026-05-23 16:39:02.886000+03:00,sensor_2,-54,0,0,0
2026-05-23 16:39:02.959000+03:00,sensor_1,-55,0,0,0
2026-05-23 16:39:03.262000+03:00,sensor_4,-61,0,0,0
2026-05-23 16:39:05.229000+03:00,sensor_3,-57,0,0,0
2026-05-23 16:39:10.211000+03:00,sensor_2,-54,0,0,0
2026-05-23 16:39:10.485000+03:00,sensor_1,-58,0,0,0
2026-05-23 16:39:10.636000+03:00,sensor_4,-60,0,0,0
2026-05-23 16:39:12.553000+03:00,sensor_3,-56,0,0,0
2026-05-23 16:39:17.336000+03:00,sensor_2,-53,0,0,0
2026-05-23 16:39:17.699000+03:00,sensor_1,-58,0,0,0
2026-05-23 16:39:17.740000+03:00,sensor_4,-62,0,0,0
2026-05-23 16:39:19.778000+03:00,sensor_3,-57,0,0,0
2026-05-23 16:39:24.550000+03:00,sensor_2,-53,0,0,0
2026-05-23 16:39:24.775000+03:00,sensor_1,-59,0,0,0
2026-05-23 16:39:26.992000+03:00,sensor_3,-57,0,0,0
2026-05-23 16:39:28.655000+03:00,sensor_4,-61,0,0,0
2026-05-23 16:39:31.756000+03:00,sensor_2,-53,0,0,0
2026-05-23 16:39:32.090000+03:00,sensor_1,-59,0,0,0
2026-05-23 16:39:34.267000+03:00,sensor_3,-56,0,0,0
2026-05-23 16:39:36.120000+03:00,sensor_4,-62,0,0,0
2026-05-23 16:39:38.991000+03:00,sensor_2,-53,0,0,0
2026-05-23 16:39:39.256000+03:00,sensor_1,-56,0,0,0
2026-05-23 16:39:41.381000+03:00,sensor_3,-56,0,0,0
2026-05-23 16:39:43.668000+03:00,sensor_4,-60,0,0,0
2026-05-23 16:39:46.206000+03:00,sensor_2,-52,0,0,0
2026-05-23 16:39:46.481000+03:00,sensor_1,-59,0,0,0
2026-05-23 16:39:48.858000+03:00,sensor_3,-56,0,0,0
2026-05-23 16:39:50.973000+03:00,sensor_4,-60,0,0,0
2026-05-23 16:39:53.261000+03:00,sensor_2,-52,0,0,0
2026-05-23 16:39:53.556000+03:00,sensor_1,-59,0,0,0
2026-05-23 16:39:56.585000+03:00,sensor_3,-57,0,0,0
2026-05-23 16:39:58.247000+03:00,sensor_4,-61,0,0,0
2026-05-23 16:40:00.436000+03:00,sensor_2,-53,0,0,0
2026-05-23 16:40:00.811000+03:00,sensor_1,-56,0,0,0
2026-05-23 16:40:03.760000+03:00,sensor_3,-57,0,0,0
2026-05-23 16:40:05.621000+03:00,sensor_4,-60,0,0,0
2026-05-23 16:40:07.550000+03:00,sensor_2,-53,0,0,0
2026-05-23 16:40:08.135000+03:00,sensor_1,-56,0,0,0
2026-05-23 16:40:10.976000+03:00,sensor_3,-55,0,0,0
2026-05-23 16:40:12.736000+03:00,sensor_4,-60,0,0,0
2026-05-23 16:40:14.664000+03:00,sensor_2,-53,0,0,0
2026-05-23 16:40:15.814000+03:00,sensor_1,-56,0,0,0
2026-05-23 16:40:18.191000+03:00,sensor_3,-56,0,0,0
2026-05-23 16:40:19.961000+03:00,sensor_4,-62,0,0,0
2026-05-23 16:40:21.840000+03:00,sensor_2,-53,0,0,0
2026-05-23 16:40:23.089000+03:00,sensor_1,-56,0,0,0
2026-05-23 16:40:25.416000+03:00,sensor_3,-57,0,0,0
2026-05-23 16:40:27.426000+03:00,sensor_4,-62,0,0,0
2026-05-23 16:40:29.194000+03:00,sensor_2,-52,0,0,0
2026-05-23 16:40:30.253000+03:00,sensor_1,-58,0,0,0
2026-05-23 16:40:32.631000+03:00,sensor_3,-57,0,0,0
2026-05-23 16:40:35.054000+03:00,sensor_4,-60,0,0,0
2026-05-23 16:40:36.783000+03:00,sensor_2,-53,0,0,0
2026-05-23 16:40:37.528000+03:00,sensor_1,-56,0,0,0
2026-05-23 16:40:39.855000+03:00,sensor_3,-57,0,0,0
2026-05-23 16:40:42.177000+03:00,sensor_4,-62,0,0,0
2026-05-23 16:40:43.908000+03:00,sensor_2,-54,0,0,0
2026-05-23 16:40:44.634000+03:00,sensor_1,-59,0,0,0
2026-05-23 16:40:47.220000+03:00,sensor_3,-57,0,0,0
2026-05-23 16:40:49.592000+03:00,sensor_4,-62,0,0,0
2026-05-23 16:40:51.123000+03:00,sensor_2,-53,0,0,0
2026-05-23 16:40:51.809000+03:00,sensor_1,-56,0,0,0
2026-05-23 16:40:54.857000+03:00,sensor_3,-56,0,0,0
2026-05-23 16:40:57.179000+03:00,sensor_4,-62,0,0,0
2026-05-23 16:40:58.298000+03:00,sensor_2,-54,0,0,0
2026-05-23 16:40:59.034000+03:00,sensor_1,-56,0,0,0
2026-05-23 16:41:02.272000+03:00,sensor_3,-57,0,0,0
2026-05-23 16:41:04.603000+03:00,sensor_4,-60,0,0,0
2026-05-23 16:41:05.712000+03:00,sensor_2,-54,0,0,0
2026-05-23 16:41:06.708000+03:00,sensor_1,-58,0,0,0
2026-05-23 16:41:09.850000+03:00,sensor_3,-57,0,0,0
2026-05-23 16:41:11.717000+03:00,sensor_4,-60,0,0,0
2026-05-23 16:41:13.400000+03:00,sensor_2,-52,0,0,0
2026-05-23 16:41:13.934000+03:00,sensor_1,-57,0,0,0
2026-05-23 16:41:17.274000+03:00,sensor_3,-57,0,0,0
2026-05-23 16:41:19.092000+03:00,sensor_4,-60,0,0,0
2026-05-23 16:41:20.724000+03:00,sensor_2,-53,0,0,0
2026-05-23 16:41:21.288000+03:00,sensor_1,-58,0,0,0
2026-05-23 16:41:24.951000+03:00,sensor_3,-56,0,0,0
2026-05-23 16:41:26.929000+03:00,sensor_4,-60,0,0,0
2026-05-23 16:41:28.138000+03:00,sensor_2,-53,0,0,0
2026-05-23 16:41:28.878000+03:00,sensor_1,-58,0,0,0
2026-05-23 16:41:32.389000+03:00,sensor_3,-57,0,0,0
2026-05-23 16:41:34.394000+03:00,sensor_4,-60,0,0,0
2026-05-23 16:41:35.825000+03:00,sensor_2,-53,0,0,0
2026-05-23 16:41:36.153000+03:00,sensor_1,-59,0,0,0
2026-05-23 16:41:40.314000+03:00,sensor_3,-57,0,0,0
2026-05-23 16:41:42.031000+03:00,sensor_4,-60,0,0,0
2026-05-23 16:41:43.100000+03:00,sensor_2,-54,0,0,0
2026-05-23 16:41:43.318000+03:00,sensor_1,-58,0,0,0
2026-05-23 16:41:47.587000+03:00,sensor_3,-57,0,0,0
2026-05-23 16:41:49.447000+03:00,sensor_4,-60,0,0,0
2026-05-23 16:41:50.316000+03:00,sensor_2,-52,0,0,0
2026-05-23 16:41:50.733000+03:00,sensor_1,-55,0,0,0
2026-05-23 16:41:54.763000+03:00,sensor_3,-57,0,0,0
2026-05-23 16:41:57.074000+03:00,sensor_4,-61,0,0,0
2026-05-23 16:41:57.530000+03:00,sensor_2,-52,0,0,0
2026-05-23 16:41:58.471000+03:00,sensor_1,-59,0,0,0
2026-05-23 16:42:01.888000+03:00,sensor_3,-57,0,0,0
2026-05-23 16:42:04.499000+03:00,sensor_4,-61,0,0,0
2026-05-23 16:42:04.705000+03:00,sensor_2,-53,0,0,0
2026-05-23 16:42:06.150000+03:00,sensor_1,-58,0,0,0
2026-05-23 16:42:09.092000+03:00,sensor_3,-57,0,0,0
2026-05-23 16:42:12.027000+03:00,sensor_4,-62,0,0,0
2026-05-23 16:42:12.180000+03:00,sensor_2,-54,0,0,0
2026-05-23 16:42:13.474000+03:00,sensor_1,-57,0,0,0
2026-05-23 16:42:16.319000+03:00,sensor_3,-57,0,0,0
2026-05-23 16:42:19.151000+03:00,sensor_4,-62,0,0,0
2026-05-23 16:42:19.496000+03:00,sensor_2,-51,0,0,0
2026-05-23 16:42:20.689000+03:00,sensor_1,-59,0,0,0
2026-05-23 16:42:23.483000+03:00,sensor_3,-56,0,0,0
2026-05-23 16:42:26.265000+03:00,sensor_4,-60,0,0,0
2026-05-23 16:42:26.923000+03:00,sensor_2,-54,0,0,0
2026-05-23 16:42:27.914000+03:00,sensor_1,-58,0,0,0
2026-05-23 16:42:30.659000+03:00,sensor_3,-57,0,0,0
2026-05-23 16:42:33.641000+03:00,sensor_4,-60,0,0,0
2026-05-23 16:42:34.239000+03:00,sensor_2,-53,0,0,0
2026-05-23 16:42:35.330000+03:00,sensor_1,-59,0,0,0
2026-05-23 16:42:38.695000+03:00,sensor_3,-57,0,0,0
2026-05-23 16:42:40.755000+03:00,sensor_4,-62,0,0,0
2026-05-23 16:42:42.125000+03:00,sensor_2,-53,0,0,0
2026-05-23 16:42:42.957000+03:00,sensor_1,-58,0,0,0
2026-05-23 16:42:46.119000+03:00,sensor_3,-57,0,0,0
2026-05-23 16:42:47.970000+03:00,sensor_4,-60,0,0,0
2026-05-23 16:42:49.450000+03:00,sensor_2,-53,0,0,0
2026-05-23 16:42:50.694000+03:00,sensor_1,-58,0,0,0
2026-05-23 16:42:53.698000+03:00,sensor_3,-57,0,0,0
2026-05-23 16:42:55.195000+03:00,sensor_4,-62,0,0,0
2026-05-23 16:42:56.716000+03:00,sensor_2,-53,0,0,0
2026-05-23 16:42:58.082000+03:00,sensor_1,-59,0,0,0
2026-05-23 16:43:00.852000+03:00,sensor_3,-57,0,0,0
2026-05-23 16:43:02.410000+03:00,sensor_4,-61,0,0,0
2026-05-23 16:43:03.942000+03:00,sensor_2,-54,0,0,0
2026-05-23 16:43:08.076000+03:00,sensor_3,-57,0,0,0
2026-05-23 16:43:09.476000+03:00,sensor_4,-62,0,0,0
2026-05-23 16:43:11.007000+03:00,sensor_2,-53,0,0,0
2026-05-23 16:43:12.361000+03:00,sensor_1,-57,0,0,0
2026-05-23 16:43:15.292000+03:00,sensor_3,-55,0,0,0
2026-05-23 16:43:16.751000+03:00,sensor_4,-60,0,0,0
2026-05-23 16:43:18.062000+03:00,sensor_2,-53,0,0,0
2026-05-23 16:43:19.576000+03:00,sensor_1,-55,0,0,0
2026-05-23 16:43:22.376000+03:00,sensor_3,-56,0,0,0
2026-05-23 16:43:24.429000+03:00,sensor_4,-59,0,0,0
2026-05-23 16:43:25.236000+03:00,sensor_2,-57,0,0,0
2026-05-23 16:43:26.902000+03:00,sensor_1,-55,0,0,0
2026-05-23 16:43:29.682000+03:00,sensor_3,-55,0,0,0
2026-05-23 16:43:31.655000+03:00,sensor_4,-59,0,0,0
2026-05-23 16:43:32.410000+03:00,sensor_2,-52,0,0,0
2026-05-23 16:43:34.267000+03:00,sensor_1,-59,0,0,0
2026-05-23 16:43:37.117000+03:00,sensor_3,-55,0,0,0
2026-05-23 16:43:38.820000+03:00,sensor_4,-59,0,0,0
2026-05-23 16:43:39.624000+03:00,sensor_2,-58,0,0,0
2026-05-23 16:43:41.995000+03:00,sensor_1,-59,0,0,0
2026-05-23 16:43:45.864000+03:00,sensor_3,-57,0,0,0
2026-05-23 16:43:46.194000+03:00,sensor_4,-59,0,0,0
2026-05-23 16:43:46.899000+03:00,sensor_2,-53,0,0,0
2026-05-23 16:43:49.532000+03:00,sensor_1,-57,0,0,0
2026-05-23 16:43:53.249000+03:00,sensor_3,-56,0,0,0
2026-05-23 16:43:53.970000+03:00,sensor_4,-59,0,0,0
2026-05-23 16:43:54.165000+03:00,sensor_2,-54,0,0,0
2026-05-23 16:43:56.696000+03:00,sensor_1,-55,0,0,0
2026-05-23 16:44:00.354000+03:00,sensor_3,-57,0,0,0
2026-05-23 16:44:01.095000+03:00,sensor_4,-59,0,0,0
2026-05-23 16:44:01.280000+03:00,sensor_2,-54,0,0,0
2026-05-23 16:44:04.381000+03:00,sensor_1,-58,0,0,0
2026-05-23 16:44:07.430000+03:00,sensor_3,-57,0,0,0
2026-05-23 16:44:08.310000+03:00,sensor_4,-60,0,0,0
2026-05-23 16:44:08.404000+03:00,sensor_2,-54,0,0,0
2026-05-23 16:44:11.596000+03:00,sensor_1,-58,0,0,0
2026-05-23 16:44:15.475000+03:00,sensor_4,-59,0,0,0
2026-05-23 16:44:15.888000+03:00,sensor_2,-53,0,0,0
2026-05-23 16:44:16.083000+03:00,sensor_3,-56,0,0,0
2026-05-23 16:44:18.672000+03:00,sensor_1,-59,0,0,0
2026-05-23 16:44:22.749000+03:00,sensor_4,-61,0,0,0
2026-05-23 16:44:23.307000+03:00,sensor_2,-52,0,0,0
2026-05-23 16:44:24.370000+03:00,sensor_3,-57,0,0,0
2026-05-23 16:44:25.777000+03:00,sensor_1,-58,0,0,0
2026-05-23 16:44:30.024000+03:00,sensor_4,-59,0,0,0
2026-05-23 16:44:30.521000+03:00,sensor_2,-53,0,0,0
2026-05-23 16:44:31.744000+03:00,sensor_3,-57,0,0,0
2026-05-23 16:44:33.152000+03:00,sensor_1,-58,0,0,0
2026-05-23 16:44:37.228000+03:00,sensor_4,-61,0,0,0
2026-05-23 16:44:37.746000+03:00,sensor_2,-54,0,0,0
2026-05-23 16:44:39.158000+03:00,sensor_3,-55,0,0,0
2026-05-23 16:44:40.377000+03:00,sensor_1,-56,0,0,0
2026-05-23 16:44:44.613000+03:00,sensor_4,-61,0,0,0
2026-05-23 16:44:44.900000+03:00,sensor_2,-54,0,0,0
2026-05-23 16:44:46.836000+03:00,sensor_3,-57,0,0,0
2026-05-23 16:44:47.432000+03:00,sensor_1,-55,0,0,0
2026-05-23 16:44:52.025000+03:00,sensor_2,-53,0,0,0
2026-05-23 16:44:52.852000+03:00,sensor_4,-59,0,0,0
2026-05-23 16:44:54.475000+03:00,sensor_3,-57,0,0,0
2026-05-23 16:44:54.657000+03:00,sensor_1,-55,0,0,0
2026-05-23 16:44:59.240000+03:00,sensor_2,-54,0,0,0
2026-05-23 16:45:00.480000+03:00,sensor_4,-59,0,0,0
2026-05-23 16:45:01.822000+03:00,sensor_1,-56,0,0,0
2026-05-23 16:45:02.194000+03:00,sensor_3,-57,0,0,0
2026-05-23 16:45:06.464000+03:00,sensor_2,-53,0,0,0
2026-05-23 16:45:07.904000+03:00,sensor_4,-61,0,0,0
2026-05-23 16:45:09.189000+03:00,sensor_1,-58,0,0,0
2026-05-23 16:45:09.732000+03:00,sensor_3,-57,0,0,0
2026-05-23 16:45:13.979000+03:00,sensor_2,-52,0,0,0
2026-05-23 16:45:15.482000+03:00,sensor_4,-61,0,0,0
2026-05-23 16:45:17.197000+03:00,sensor_3,-57,0,0,0
2026-05-23 16:45:17.485000+03:00,sensor_1,-55,0,0,0
2026-05-23 16:45:21.658000+03:00,sensor_2,-53,0,0,0
2026-05-23 16:45:23.256000+03:00,sensor_4,-59,0,0,0
2026-05-23 16:45:24.785000+03:00,sensor_3,-57,0,0,0
2026-05-23 16:45:25.212000+03:00,sensor_1,-58,0,0,0
2026-05-23 16:45:29.194000+03:00,sensor_2,-53,0,0,0
2026-05-23 16:45:31.254000+03:00,sensor_4,-59,0,0,0
2026-05-23 16:45:31.901000+03:00,sensor_3,-57,0,0,0
2026-05-23 16:45:32.801000+03:00,sensor_1,-56,0,0,0
2026-05-23 16:45:36.420000+03:00,sensor_2,-53,0,0,0
2026-05-23 16:45:38.669000+03:00,sensor_4,-62,0,0,0
2026-05-23 16:45:38.965000+03:00,sensor_3,-56,0,0,0
2026-05-23 16:45:39.916000+03:00,sensor_1,-59,0,0,0
2026-05-23 16:45:43.574000+03:00,sensor_2,-53,0,0,0
2026-05-23 16:45:46.129000+03:00,sensor_3,-56,0,0,0
2026-05-23 16:45:46.357000+03:00,sensor_4,-59,0,0,0
2026-05-23 16:45:47.191000+03:00,sensor_1,-56,0,0,0
2026-05-23 16:45:50.838000+03:00,sensor_2,-54,0,0,0
2026-05-23 16:45:53.353000+03:00,sensor_3,-57,0,0,0
2026-05-23 16:45:53.985000+03:00,sensor_4,-61,0,0,0
2026-05-23 16:45:54.355000+03:00,sensor_1,-58,0,0,0
2026-05-23 16:45:58.486000+03:00,sensor_2,-53,0,0,0
2026-05-23 16:46:00.627000+03:00,sensor_3,-57,0,0,0
2026-05-23 16:46:01.159000+03:00,sensor_4,-59,0,0,0
2026-05-23 16:46:01.629000+03:00,sensor_1,-58,0,0,0
2026-05-23 16:46:05.699000+03:00,sensor_2,-54,0,0,0
2026-05-23 16:46:07.891000+03:00,sensor_3,-57,0,0,0
2026-05-23 16:46:08.375000+03:00,sensor_4,-61,0,0,0
2026-05-23 16:46:08.893000+03:00,sensor_1,-56,0,0,0
2026-05-23 16:46:12.866000+03:00,sensor_2,-53,0,0,0
2026-05-23 16:46:15.125000+03:00,sensor_3,-57,0,0,0
2026-05-23 16:46:15.529000+03:00,sensor_4,-61,0,0,0
2026-05-23 16:46:16.119000+03:00,sensor_1,-58,0,0,0
2026-05-23 16:46:20.043000+03:00,sensor_2,-54,0,0,0
2026-05-23 16:46:22.181000+03:00,sensor_3,-56,0,0,0
2026-05-23 16:46:22.704000+03:00,sensor_4,-61,0,0,0
2026-05-23 16:46:23.434000+03:00,sensor_1,-56,0,0,0
2026-05-23 16:46:27.097000+03:00,sensor_2,-54,0,0,0
2026-05-23 16:46:29.436000+03:00,sensor_3,-56,0,0,0
2026-05-23 16:46:29.878000+03:00,sensor_4,-62,0,0,0
2026-05-23 16:46:30.648000+03:00,sensor_1,-58,0,0,0
2026-05-23 16:46:34.322000+03:00,sensor_2,-53,0,0,0
2026-05-23 16:46:36.954000+03:00,sensor_4,-59,0,0,0
2026-05-23 16:46:37.114000+03:00,sensor_3,-57,0,0,0
2026-05-23 16:46:37.874000+03:00,sensor_1,-56,0,0,0
2026-05-23 16:46:41.537000+03:00,sensor_2,-51,0,0,0
2026-05-23 16:46:44.109000+03:00,sensor_4,-62,0,0,0
2026-05-23 16:46:44.761000+03:00,sensor_3,-57,0,0,0
2026-05-23 16:46:45.088000+03:00,sensor_1,-56,0,0,0
2026-05-23 16:46:49.172000+03:00,sensor_2,-52,0,0,0
2026-05-23 16:46:51.474000+03:00,sensor_4,-59,0,0,0
2026-05-23 16:46:52.025000+03:00,sensor_3,-57,0,0,0
2026-05-23 16:46:52.163000+03:00,sensor_1,-56,0,0,0
2026-05-23 16:46:56.639000+03:00,sensor_2,-54,0,0,0
2026-05-23 16:46:59.200000+03:00,sensor_3,-57,0,0,0
2026-05-23 16:46:59.378000+03:00,sensor_1,-56,0,0,0
2026-05-23 16:47:03.049000+03:00,sensor_4,-61,0,0,0
2026-05-23 16:47:03.763000+03:00,sensor_2,-54,0,0,0
2026-05-23 16:47:06.465000+03:00,sensor_3,-57,0,0,0
2026-05-23 16:47:06.853000+03:00,sensor_1,-56,0,0,0
2026-05-23 16:47:10.835000+03:00,sensor_4,-61,0,0,0
2026-05-23 16:47:11.028000+03:00,sensor_2,-54,0,0,0
2026-05-23 16:47:13.580000+03:00,sensor_3,-57,0,0,0
2026-05-23 16:47:14.581000+03:00,sensor_1,-58,0,0,0
2026-05-23 16:47:18.513000+03:00,sensor_4,-61,0,0,0
2026-05-23 16:47:18.665000+03:00,sensor_2,-54,0,0,0
2026-05-23 16:47:20.756000+03:00,sensor_3,-56,0,0,0
2026-05-23 16:47:22.109000+03:00,sensor_1,-59,0,0,0
2026-05-23 16:47:25.880000+03:00,sensor_2,-54,0,0,0
2026-05-23 16:47:26.191000+03:00,sensor_4,-59,0,0,0
2026-05-23 16:47:27.820000+03:00,sensor_3,-57,0,0,0
2026-05-23 16:47:29.383000+03:00,sensor_1,-58,0,0,0
2026-05-23 16:47:33.097000+03:00,sensor_2,-54,0,0,0
2026-05-23 16:47:33.364000+03:00,sensor_4,-59,0,0,0
2026-05-23 16:47:35.036000+03:00,sensor_3,-56,0,0,0
2026-05-23 16:47:36.657000+03:00,sensor_1,-57,0,0,0
2026-05-23 16:47:40.371000+03:00,sensor_2,-54,0,0,0
2026-05-23 16:47:40.579000+03:00,sensor_4,-61,0,0,0
2026-05-23 16:47:42.252000+03:00,sensor_3,-56,0,0,0
2026-05-23 16:47:43.921000+03:00,sensor_1,-58,0,0,0
2026-05-23 16:47:47.486000+03:00,sensor_2,-54,0,0,0
2026-05-23 16:47:47.953000+03:00,sensor_4,-59,0,0,0
2026-05-23 16:47:49.476000+03:00,sensor_3,-57,0,0,0
2026-05-23 16:47:51.697000+03:00,sensor_1,-56,0,0,0
2026-05-23 16:47:54.660000+03:00,sensor_2,-52,0,0,0
2026-05-23 16:47:55.591000+03:00,sensor_4,-61,0,0,0
2026-05-23 16:47:56.950000+03:00,sensor_3,-55,0,0,0
2026-05-23 16:48:01.815000+03:00,sensor_2,-54,0,0,0
2026-05-23 16:48:01.843000+03:00,sensor_1,-56,0,0,0
2026-05-23 16:48:02.655000+03:00,sensor_4,-60,0,0,0
2026-05-23 16:48:05.598000+03:00,sensor_3,-55,0,0,0
2026-05-23 16:48:08.957000+03:00,sensor_1,-57,0,0,0
2026-05-23 16:48:09.040000+03:00,sensor_2,-53,0,0,0
2026-05-23 16:48:09.820000+03:00,sensor_4,-60,0,0,0
2026-05-23 16:48:13.175000+03:00,sensor_3,-55,0,0,0
2026-05-23 16:48:16.264000+03:00,sensor_2,-54,0,0,0
2026-05-23 16:48:16.281000+03:00,sensor_1,-57,0,0,0
2026-05-23 16:48:16.995000+03:00,sensor_4,-60,0,0,0
2026-05-23 16:48:20.399000+03:00,sensor_3,-55,0,0,0
2026-05-23 16:48:23.418000+03:00,sensor_2,-52,0,0,0
2026-05-23 16:48:23.858000+03:00,sensor_1,-58,0,0,0
2026-05-23 16:48:24.148000+03:00,sensor_4,-67,0,0,0
2026-05-23 16:48:27.574000+03:00,sensor_3,-55,0,0,0
2026-05-23 16:48:30.593000+03:00,sensor_2,-52,0,0,0
2026-05-23 16:48:31.132000+03:00,sensor_1,-59,0,0,0
2026-05-23 16:48:31.273000+03:00,sensor_4,-60,0,0,0
2026-05-23 16:48:35.039000+03:00,sensor_3,-57,0,0,0
2026-05-23 16:48:37.666000+03:00,sensor_2,-53,0,0,0
2026-05-23 16:48:38.297000+03:00,sensor_1,-55,0,0,0
2026-05-23 16:48:38.687000+03:00,sensor_4,-61,0,0,0
2026-05-23 16:48:42.717000+03:00,sensor_3,-56,0,0,0
2026-05-23 16:48:45.030000+03:00,sensor_2,-54,0,0,0
2026-05-23 16:48:45.412000+03:00,sensor_1,-57,0,0,0
2026-05-23 16:48:46.365000+03:00,sensor_4,-61,0,0,0
2026-05-23 16:48:50.205000+03:00,sensor_3,-57,0,0,0
2026-05-23 16:48:52.398000+03:00,sensor_2,-52,0,0,0
2026-05-23 16:48:52.477000+03:00,sensor_1,-55,0,0,0
2026-05-23 16:48:54.063000+03:00,sensor_4,-61,0,0,0
2026-05-23 16:48:57.310000+03:00,sensor_3,-57,0,0,0
2026-05-23 16:48:59.602000+03:00,sensor_1,-55,0,0,0
2026-05-23 16:48:59.722000+03:00,sensor_2,-54,0,0,0
2026-05-23 16:49:01.731000+03:00,sensor_4,-59,0,0,0
2026-05-23 16:49:04.534000+03:00,sensor_3,-56,0,0,0
2026-05-23 16:49:06.716000+03:00,sensor_1,-58,0,0,0
2026-05-23 16:49:07.160000+03:00,sensor_2,-52,0,0,0
2026-05-23 16:49:09.269000+03:00,sensor_4,-60,0,0,0
2026-05-23 16:49:11.960000+03:00,sensor_3,-56,0,0,0
2026-05-23 16:49:14.034000+03:00,sensor_1,-56,0,0,0
2026-05-23 16:49:14.224000+03:00,sensor_2,-54,0,0,0
2026-05-23 16:49:16.374000+03:00,sensor_4,-61,0,0,0
2026-05-23 16:49:19.659000+03:00,sensor_3,-69,5,1,5
2026-05-23 16:49:21.448000+03:00,sensor_1,-69,5,1,5
2026-05-23 16:49:21.538000+03:00,sensor_2,-81,5,1,5
2026-05-23 16:49:23.800000+03:00,sensor_4,-75,5,1,5
2026-05-23 16:49:26.954000+03:00,sensor_3,-69,5,1,5
2026-05-23 16:49:28.784000+03:00,sensor_1,-68,5,1,5
2026-05-23 16:49:28.966000+03:00,sensor_2,-79,5,1,5
2026-05-23 16:49:31.476000+03:00,sensor_4,-75,5,1,5
2026-05-23 16:49:34.428000+03:00,sensor_3,-68,5,1,5
2026-05-23 16:49:36.280000+03:00,sensor_2,-80,5,1,5
2026-05-23 16:49:36.658000+03:00,sensor_1,-68,5,1,5
2026-05-23 16:49:39.364000+03:00,sensor_4,-75,5,1,5
2026-05-23 16:49:41.913000+03:00,sensor_3,-68,5,1,5
2026-05-23 16:49:44.005000+03:00,sensor_2,-79,5,1,5
2026-05-23 16:49:44.085000+03:00,sensor_1,-67,5,1,5
2026-05-23 16:49:46.880000+03:00,sensor_4,-78,5,1,5
2026-05-23 16:49:49.338000+03:00,sensor_3,-68,5,1,5
2026-05-23 16:49:51.457000+03:00,sensor_1,-68,5,1,5
2026-05-23 16:49:51.691000+03:00,sensor_2,-85,5,1,5
2026-05-23 16:49:56.802000+03:00,sensor_3,-70,5,1,5
2026-05-23 16:49:58.932000+03:00,sensor_1,-68,5,1,5
2026-05-23 16:49:59.316000+03:00,sensor_2,-84,5,1,5
2026-05-23 16:50:04.740000+03:00,sensor_3,-69,5,1,5
2026-05-23 16:50:06.501000+03:00,sensor_4,-73,5,1,5
2026-05-23 16:50:07.202000+03:00,sensor_2,-84,5,1,5
2026-05-23 16:50:07.480000+03:00,sensor_1,-67,5,1,5
2026-05-23 16:50:12.628000+03:00,sensor_3,-68,5,1,5
2026-05-23 16:50:14.385000+03:00,sensor_4,-75,5,1,5
2026-05-23 16:50:14.577000+03:00,sensor_2,-85,5,1,5
2026-05-23 16:50:15.168000+03:00,sensor_1,-68,5,1,5
2026-05-23 16:50:19.852000+03:00,sensor_3,-57,0,0,0
2026-05-23 16:50:21.702000+03:00,sensor_2,-54,0,0,0
2026-05-23 16:50:21.760000+03:00,sensor_4,-61,0,0,0
2026-05-23 16:50:23.152000+03:00,sensor_1,-56,0,0,0
2026-05-23 16:50:27.228000+03:00,sensor_3,-57,0,0,0
2026-05-23 16:50:28.916000+03:00,sensor_2,-54,0,0,0
2026-05-23 16:50:29.235000+03:00,sensor_4,-60,0,0,0
2026-05-23 16:50:30.889000+03:00,sensor_1,-59,0,0,0
2026-05-23 16:50:34.896000+03:00,sensor_3,-57,0,0,0
2026-05-23 16:50:36.142000+03:00,sensor_2,-52,0,0,0
2026-05-23 16:50:36.713000+03:00,sensor_4,-61,0,0,0
2026-05-23 16:50:38.003000+03:00,sensor_1,-58,0,0,0
2026-05-23 16:50:42.433000+03:00,sensor_3,-58,0,0,0
2026-05-23 16:50:43.257000+03:00,sensor_2,-52,0,0,0
2026-05-23 16:50:43.988000+03:00,sensor_4,-62,0,0,0
2026-05-23 16:50:45.277000+03:00,sensor_1,-67,0,0,0
2026-05-23 16:50:49.897000+03:00,sensor_3,-55,0,0,0
2026-05-23 16:50:50.471000+03:00,sensor_2,-52,0,0,0
2026-05-23 16:50:51.353000+03:00,sensor_4,-64,0,0,0
2026-05-23 16:50:52.691000+03:00,sensor_1,-64,0,0,0
2026-05-23 16:50:57.944000+03:00,sensor_3,-56,0,0,0
2026-05-23 16:50:57.995000+03:00,sensor_2,-54,0,0,0
2026-05-23 16:50:58.930000+03:00,sensor_4,-59,0,0,0
2026-05-23 16:51:00.377000+03:00,sensor_1,-59,0,0,0
2026-05-23 16:51:05.319000+03:00,sensor_3,-55,0,0,0
2026-05-23 16:51:05.732000+03:00,sensor_2,-54,0,0,0
2026-05-23 16:51:06.155000+03:00,sensor_4,-60,0,0,0
2026-05-23 16:51:07.601000+03:00,sensor_1,-56,0,0,0
2026-05-23 16:51:12.947000+03:00,sensor_3,-56,0,0,0
2026-05-23 16:51:13.361000+03:00,sensor_2,-54,0,0,0
2026-05-23 16:51:13.468000+03:00,sensor_4,-61,0,0,0
2026-05-23 16:51:15.066000+03:00,sensor_1,-56,0,0,0
2026-05-23 16:51:20.735000+03:00,sensor_3,-56,0,0,0
2026-05-23 16:51:20.736000+03:00,sensor_2,-54,0,0,0
2026-05-23 16:51:21.055000+03:00,sensor_4,-59,0,0,0
2026-05-23 16:51:22.795000+03:00,sensor_1,-58,0,0,0
2026-05-23 16:51:28.042000+03:00,sensor_3,-55,0,0,0
2026-05-23 16:51:28.270000+03:00,sensor_4,-59,0,0,0
2026-05-23 16:51:28.315000+03:00,sensor_2,-54,0,0,0
2026-05-23 16:51:30.432000+03:00,sensor_1,-58,0,0,0
2026-05-23 16:51:35.480000+03:00,sensor_2,-54,0,0,0
2026-05-23 16:51:35.495000+03:00,sensor_4,-60,0,0,0
2026-05-23 16:51:35.781000+03:00,sensor_3,-56,0,0,0
2026-05-23 16:51:37.708000+03:00,sensor_1,-56,0,0,0
2026-05-23 16:51:42.906000+03:00,sensor_2,-53,0,0,0
2026-05-23 16:51:42.969000+03:00,sensor_4,-59,0,0,0
2026-05-23 16:51:43.056000+03:00,sensor_3,-56,0,0,0
2026-05-23 16:51:45.483000+03:00,sensor_1,-56,0,0,0
2026-05-23 16:51:50.332000+03:00,sensor_3,-56,0,0,0
2026-05-23 16:51:50.443000+03:00,sensor_2,-54,0,0,0
2026-05-23 16:51:51.007000+03:00,sensor_4,-61,0,0,0
2026-05-23 16:51:52.757000+03:00,sensor_1,-59,0,0,0
2026-05-23 16:51:57.546000+03:00,sensor_3,-56,0,0,0
2026-05-23 16:51:57.558000+03:00,sensor_2,-54,0,0,0
2026-05-23 16:51:58.221000+03:00,sensor_4,-62,0,0,0
2026-05-23 16:52:00.231000+03:00,sensor_1,-57,0,0,0
2026-05-23 16:52:04.661000+03:00,sensor_2,-53,0,0,0
2026-05-23 16:52:04.760000+03:00,sensor_3,-56,0,0,0
2026-05-23 16:52:05.497000+03:00,sensor_4,-61,0,0,0
2026-05-23 16:52:07.810000+03:00,sensor_1,-59,0,0,0
2026-05-23 16:52:11.778000+03:00,sensor_2,-54,0,0,0
2026-05-23 16:52:11.885000+03:00,sensor_3,-57,0,0,0
2026-05-23 16:52:12.811000+03:00,sensor_4,-70,6,1,5
2026-05-23 16:52:15.325000+03:00,sensor_1,-86,6,1,5
2026-05-23 16:52:19.302000+03:00,sensor_2,-69,6,1,5
2026-05-23 16:52:19.508000+03:00,sensor_3,-72,6,1,5
2026-05-23 16:52:20.086000+03:00,sensor_4,-71,6,1,5
2026-05-23 16:52:23.162000+03:00,sensor_1,-87,6,1,5
2026-05-23 16:52:26.726000+03:00,sensor_2,-69,6,1,5
2026-05-23 16:52:27.034000+03:00,sensor_3,-72,6,1,5
2026-05-23 16:52:27.371000+03:00,sensor_4,-73,6,1,5
2026-05-23 16:52:30.638000+03:00,sensor_1,-85,6,1,5
2026-05-23 16:52:34.201000+03:00,sensor_2,-70,6,1,5
2026-05-23 16:52:34.458000+03:00,sensor_3,-70,6,1,5
2026-05-23 16:52:34.777000+03:00,sensor_4,-72,6,1,5
2026-05-23 16:52:38.313000+03:00,sensor_1,-83,6,1,5
2026-05-23 16:52:41.525000+03:00,sensor_2,-72,6,1,5
2026-05-23 16:52:42.033000+03:00,sensor_3,-69,6,1,5
2026-05-23 16:52:42.252000+03:00,sensor_4,-71,6,1,5
2026-05-23 16:52:46.920000+03:00,sensor_1,-82,6,1,5
2026-05-23 16:52:49.100000+03:00,sensor_2,-71,6,1,5
2026-05-23 16:52:49.458000+03:00,sensor_3,-69,6,1,5
2026-05-23 16:52:49.827000+03:00,sensor_4,-71,6,1,5
2026-05-23 16:52:54.906000+03:00,sensor_1,-81,6,1,5
2026-05-23 16:52:56.535000+03:00,sensor_2,-70,6,1,5
2026-05-23 16:52:56.722000+03:00,sensor_3,-70,6,1,5
2026-05-23 16:52:57.300000+03:00,sensor_4,-72,6,1,5
2026-05-23 16:53:02.291000+03:00,sensor_1,-81,6,1,5
2026-05-23 16:53:03.790000+03:00,sensor_2,-70,6,1,5
2026-05-23 16:53:04.198000+03:00,sensor_3,-70,6,1,5
2026-05-23 16:53:04.624000+03:00,sensor_4,-71,6,1,5
2026-05-23 16:53:09.555000+03:00,sensor_1,-56,0,0,0
2026-05-23 16:53:10.924000+03:00,sensor_2,-52,0,0,0
2026-05-23 16:53:11.820000+03:00,sensor_4,-60,0,0,0
2026-05-23 16:53:11.886000+03:00,sensor_3,-57,0,0,0
2026-05-23 16:53:16.680000+03:00,sensor_1,-58,0,0,0
2026-05-23 16:53:18.907000+03:00,sensor_2,-54,0,0,0
2026-05-23 16:53:19.015000+03:00,sensor_4,-62,0,0,0
2026-05-23 16:53:19.554000+03:00,sensor_3,-57,0,0,0
2026-05-23 16:53:23.795000+03:00,sensor_1,-57,0,0,0
2026-05-23 16:53:26.232000+03:00,sensor_2,-52,0,0,0
2026-05-23 16:53:26.391000+03:00,sensor_4,-62,0,0,0
2026-05-23 16:53:27.192000+03:00,sensor_3,-56,0,0,0
2026-05-23 16:53:31.468000+03:00,sensor_1,-58,0,0,0
2026-05-23 16:53:33.347000+03:00,sensor_2,-54,0,0,0
2026-05-23 16:53:33.606000+03:00,sensor_4,-62,0,0,0
2026-05-23 16:53:34.616000+03:00,sensor_3,-56,0,0,0
2026-05-23 16:53:38.694000+03:00,sensor_1,-59,0,0,0
2026-05-23 16:53:40.611000+03:00,sensor_2,-54,0,0,0
2026-05-23 16:53:40.971000+03:00,sensor_4,-62,0,0,0
2026-05-23 16:53:42.204000+03:00,sensor_3,-55,0,0,0
2026-05-23 16:53:45.809000+03:00,sensor_1,-57,0,0,0
2026-05-23 16:53:47.837000+03:00,sensor_2,-55,0,0,0
2026-05-23 16:53:48.608000+03:00,sensor_4,-59,0,0,0
2026-05-23 16:53:49.679000+03:00,sensor_3,-56,0,0,0
2026-05-23 16:53:52.973000+03:00,sensor_1,-53,0,0,0
2026-05-23 16:53:54.952000+03:00,sensor_2,-53,0,0,0
2026-05-23 16:53:56.024000+03:00,sensor_4,-63,0,0,0
2026-05-23 16:53:56.944000+03:00,sensor_3,-56,0,0,0
2026-05-23 16:54:00.248000+03:00,sensor_1,-57,0,0,0
2026-05-23 16:54:02.217000+03:00,sensor_2,-54,0,0,0
2026-05-23 16:54:03.713000+03:00,sensor_4,-61,0,0,0
2026-05-23 16:54:04.058000+03:00,sensor_3,-57,0,0,0
2026-05-23 16:54:07.713000+03:00,sensor_1,-55,0,0,0
2026-05-23 16:54:09.491000+03:00,sensor_2,-54,0,0,0
2026-05-23 16:54:10.797000+03:00,sensor_4,-62,0,0,0
2026-05-23 16:54:11.474000+03:00,sensor_3,-55,0,0,0
2026-05-23 16:54:16.656000+03:00,sensor_2,-54,0,0,0
2026-05-23 16:54:16.841000+03:00,sensor_1,-55,0,0,0
2026-05-23 16:54:18.103000+03:00,sensor_4,-60,0,0,0
2026-05-23 16:54:19.112000+03:00,sensor_3,-57,0,0,0
2026-05-23 16:54:23.772000+03:00,sensor_2,-54,0,0,0
2026-05-23 16:54:24.105000+03:00,sensor_1,-58,0,0,0
2026-05-23 16:54:25.731000+03:00,sensor_4,-60,0,0,0
2026-05-23 16:54:26.387000+03:00,sensor_3,-57,0,0,0
2026-05-23 16:54:30.936000+03:00,sensor_2,-54,0,0,0
2026-05-23 16:54:31.280000+03:00,sensor_1,-56,0,0,0
2026-05-23 16:54:32.786000+03:00,sensor_4,-60,0,0,0
2026-05-23 16:54:33.850000+03:00,sensor_3,-57,0,0,0
2026-05-23 16:54:38.261000+03:00,sensor_2,-52,0,0,0
2026-05-23 16:54:38.494000+03:00,sensor_1,-59,0,0,0
2026-05-23 16:54:39.961000+03:00,sensor_4,-60,0,0,0
2026-05-23 16:54:41.187000+03:00,sensor_3,-57,0,0,0
2026-05-23 16:54:45.709000+03:00,sensor_1,-56,0,0,0
2026-05-23 16:54:45.948000+03:00,sensor_2,-54,0,0,0
2026-05-23 16:54:47.335000+03:00,sensor_4,-61,0,0,0
2026-05-23 16:54:48.601000+03:00,sensor_3,-57,0,0,0
2026-05-23 16:54:52.935000+03:00,sensor_1,-55,0,0,0
2026-05-23 16:54:53.064000+03:00,sensor_2,-52,0,0,0
2026-05-23 16:54:54.961000+03:00,sensor_4,-60,0,0,0
2026-05-23 16:54:56.280000+03:00,sensor_3,-57,0,0,0
2026-05-23 16:55:00.250000+03:00,sensor_1,-56,0,0,0
2026-05-23 16:55:00.378000+03:00,sensor_2,-54,0,0,0
2026-05-23 16:55:02.236000+03:00,sensor_4,-61,0,0,0
2026-05-23 16:55:03.555000+03:00,sensor_3,-55,0,0,0
2026-05-23 16:55:07.827000+03:00,sensor_1,-56,0,0,0
2026-05-23 16:55:07.957000+03:00,sensor_2,-53,0,0,0
2026-05-23 16:55:09.352000+03:00,sensor_4,-61,0,0,0
2026-05-23 16:55:11.020000+03:00,sensor_3,-78,7,1,5
2026-05-23 16:55:15.253000+03:00,sensor_1,-80,7,1,5
2026-05-23 16:55:15.283000+03:00,sensor_2,-71,7,1,5
2026-05-23 16:55:16.607000+03:00,sensor_4,-74,7,1,5
2026-05-23 16:55:18.705000+03:00,sensor_3,-79,7,1,5
2026-05-23 16:55:22.568000+03:00,sensor_1,-81,7,1,5
2026-05-23 16:55:22.697000+03:00,sensor_2,-72,7,1,5
2026-05-23 16:55:23.992000+03:00,sensor_4,-74,7,1,5
2026-05-23 16:55:26.534000+03:00,sensor_3,-79,7,1,5
2026-05-23 16:55:30.003000+03:00,sensor_1,-81,7,1,5
2026-05-23 16:55:30.022000+03:00,sensor_2,-73,7,1,5
2026-05-23 16:55:31.357000+03:00,sensor_4,-77,7,1,5
2026-05-23 16:55:34.020000+03:00,sensor_3,-78,7,1,5
2026-05-23 16:55:37.299000+03:00,sensor_2,-71,7,1,5
2026-05-23 16:55:37.317000+03:00,sensor_1,-80,7,1,5
2026-05-23 16:55:38.792000+03:00,sensor_4,-76,7,1,5
2026-05-23 16:55:41.744000+03:00,sensor_3,-79,7,1,5
2026-05-23 16:55:44.564000+03:00,sensor_2,-71,7,1,5
2026-05-23 16:55:44.631000+03:00,sensor_1,-78,7,1,5
2026-05-23 16:55:46.267000+03:00,sensor_4,-75,7,1,5
2026-05-23 16:55:49.630000+03:00,sensor_3,-77,7,1,5
2026-05-23 16:55:51.988000+03:00,sensor_2,-71,7,1,5
2026-05-23 16:55:52.156000+03:00,sensor_1,-79,7,1,5
2026-05-23 16:55:53.743000+03:00,sensor_4,-76,7,1,5
2026-05-23 16:55:57.105000+03:00,sensor_3,-78,7,1,5
2026-05-23 16:55:59.572000+03:00,sensor_2,-71,7,1,5
2026-05-23 16:56:00.093000+03:00,sensor_1,-79,7,1,5
2026-05-23 16:56:01.217000+03:00,sensor_4,-76,7,1,5
2026-05-23 16:56:04.479000+03:00,sensor_3,-78,7,1,5
2026-05-23 16:56:07.038000+03:00,sensor_2,-54,0,0,0
2026-05-23 16:56:07.227000+03:00,sensor_1,-56,0,0,0
2026-05-23 16:56:08.333000+03:00,sensor_4,-62,0,0,0
2026-05-23 16:56:11.595000+03:00,sensor_3,-57,0,0,0
2026-05-23 16:56:14.341000+03:00,sensor_1,-56,0,0,0
2026-05-23 16:56:14.775000+03:00,sensor_2,-54,0,0,0
2026-05-23 16:56:15.758000+03:00,sensor_4,-59,0,0,0
2026-05-23 16:56:18.819000+03:00,sensor_3,-57,0,0,0
2026-05-23 16:56:21.456000+03:00,sensor_1,-56,0,0,0
2026-05-23 16:56:21.840000+03:00,sensor_2,-54,0,0,0
2026-05-23 16:56:23.386000+03:00,sensor_4,-61,0,0,0
2026-05-23 16:56:27.423000+03:00,sensor_3,-56,0,0,0
2026-05-23 16:56:29.015000+03:00,sensor_2,-50,0,0,0
2026-05-23 16:56:29.042000+03:00,sensor_1,-55,0,0,0
2026-05-23 16:56:31.019000+03:00,sensor_4,-58,0,0,0
2026-05-23 16:56:34.637000+03:00,sensor_3,-58,0,0,0
2026-05-23 16:56:36.280000+03:00,sensor_2,-55,0,0,0
2026-05-23 16:56:37.948000+03:00,sensor_1,-55,0,0,0
2026-05-23 16:56:38.694000+03:00,sensor_4,-60,0,0,0
2026-05-23 16:56:41.963000+03:00,sensor_3,-57,0,0,0
2026-05-23 16:56:43.503000+03:00,sensor_2,-54,0,0,0
2026-05-23 16:56:45.212000+03:00,sensor_1,-55,0,0,0
2026-05-23 16:56:45.809000+03:00,sensor_4,-62,0,0,0
2026-05-23 16:56:49.541000+03:00,sensor_3,-57,0,0,0
2026-05-23 16:56:50.709000+03:00,sensor_2,-52,0,0,0
2026-05-23 16:56:52.436000+03:00,sensor_1,-56,0,0,0
2026-05-23 16:56:52.984000+03:00,sensor_4,-60,0,0,0
2026-05-23 16:56:57.005000+03:00,sensor_3,-57,0,0,0
2026-05-23 16:56:57.934000+03:00,sensor_2,-54,0,0,0
2026-05-23 16:56:59.600000+03:00,sensor_1,-55,0,0,0
2026-05-23 16:57:00.049000+03:00,sensor_4,-62,0,0,0
2026-05-23 16:57:04.692000+03:00,sensor_3,-57,0,0,0
2026-05-23 16:57:05.458000+03:00,sensor_2,-54,0,0,0
2026-05-23 16:57:06.775000+03:00,sensor_1,-59,0,0,0
2026-05-23 16:57:07.263000+03:00,sensor_4,-60,0,0,0
2026-05-23 16:57:12.118000+03:00,sensor_3,-56,0,0,0
2026-05-23 16:57:13.096000+03:00,sensor_2,-54,0,0,0
2026-05-23 16:57:13.989000+03:00,sensor_1,-59,0,0,0
2026-05-23 16:57:14.488000+03:00,sensor_4,-60,0,0,0
2026-05-23 16:57:19.645000+03:00,sensor_3,-57,0,0,0
2026-05-23 16:57:20.311000+03:00,sensor_2,-54,0,0,0
2026-05-23 16:57:21.163000+03:00,sensor_1,-59,0,0,0
2026-05-23 16:57:21.703000+03:00,sensor_4,-62,0,0,0
2026-05-23 16:57:26.761000+03:00,sensor_3,-55,0,0,0
2026-05-23 16:57:27.586000+03:00,sensor_2,-52,0,0,0
2026-05-23 16:57:28.378000+03:00,sensor_1,-59,0,0,0
2026-05-23 16:57:28.919000+03:00,sensor_4,-62,0,0,0
2026-05-23 16:57:33.835000+03:00,sensor_3,-56,0,0,0
2026-05-23 16:57:35.113000+03:00,sensor_2,-51,0,0,0
2026-05-23 16:57:35.433000+03:00,sensor_1,-59,0,0,0
2026-05-23 16:57:36.243000+03:00,sensor_4,-60,0,0,0
2026-05-23 16:57:41.300000+03:00,sensor_3,-57,0,0,0
2026-05-23 16:57:42.277000+03:00,sensor_2,-52,0,0,0
2026-05-23 16:57:42.808000+03:00,sensor_1,-56,0,0,0
2026-05-23 16:57:43.981000+03:00,sensor_4,-60,0,0,0
2026-05-23 16:57:48.879000+03:00,sensor_3,-57,0,0,0
2026-05-23 16:57:49.651000+03:00,sensor_2,-54,0,0,0
2026-05-23 16:57:50.445000+03:00,sensor_1,-58,0,0,0
2026-05-23 16:57:51.145000+03:00,sensor_4,-62,0,0,0
2026-05-23 16:57:56.204000+03:00,sensor_3,-55,0,0,0
2026-05-23 16:57:57.277000+03:00,sensor_2,-53,0,0,0
2026-05-23 16:57:57.982000+03:00,sensor_1,-56,0,0,0
2026-05-23 16:57:58.210000+03:00,sensor_4,-60,0,0,0
2026-05-23 16:58:03.320000+03:00,sensor_3,-57,0,0,0
2026-05-23 16:58:05.188000+03:00,sensor_1,-56,0,0,0
2026-05-23 16:58:05.325000+03:00,sensor_4,-60,0,0,0
2026-05-23 16:58:06.242000+03:00,sensor_2,-54,0,0,0
2026-05-23 16:58:10.745000+03:00,sensor_3,-57,0,0,0
2026-05-23 16:58:12.463000+03:00,sensor_1,-59,0,0,0
2026-05-23 16:58:12.550000+03:00,sensor_4,-61,0,0,0
2026-05-23 16:58:13.456000+03:00,sensor_2,-54,0,0,0
2026-05-23 16:58:18.722000+03:00,sensor_3,-72,8,1,5
2026-05-23 16:58:19.867000+03:00,sensor_1,-82,8,1,5
2026-05-23 16:58:20.064000+03:00,sensor_4,-90,8,1,5
2026-05-23 16:58:20.881000+03:00,sensor_2,-68,8,1,5
2026-05-23 16:58:26.559000+03:00,sensor_3,-74,8,1,5
2026-05-23 16:58:27.302000+03:00,sensor_1,-78,8,1,5
2026-05-23 16:58:27.399000+03:00,sensor_4,-91,8,1,5
2026-05-23 16:58:28.556000+03:00,sensor_2,-69,8,1,5
2026-05-23 16:58:33.935000+03:00,sensor_3,-75,8,1,5
2026-05-23 16:58:34.675000+03:00,sensor_1,-79,8,1,5
2026-05-23 16:58:34.814000+03:00,sensor_4,-91,8,1,5
2026-05-23 16:58:36.030000+03:00,sensor_2,-70,8,1,5
2026-05-23 16:58:41.359000+03:00,sensor_3,-75,8,1,5
2026-05-23 16:58:42.090000+03:00,sensor_1,-77,8,1,5
2026-05-23 16:58:42.288000+03:00,sensor_4,-88,8,1,5
2026-05-23 16:58:43.703000+03:00,sensor_2,-70,8,1,5
2026-05-23 16:58:48.785000+03:00,sensor_3,-75,8,1,5
2026-05-23 16:58:49.365000+03:00,sensor_1,-78,8,1,5
2026-05-23 16:58:49.613000+03:00,sensor_4,-88,8,1,5
2026-05-23 16:58:51.800000+03:00,sensor_2,-69,8,1,5
2026-05-23 16:58:56.160000+03:00,sensor_3,-74,8,1,5
2026-05-23 16:58:56.800000+03:00,sensor_1,-78,8,1,5
2026-05-23 16:58:56.937000+03:00,sensor_4,-88,8,1,5
2026-05-23 16:58:59.274000+03:00,sensor_2,-70,8,1,5
2026-05-23 16:59:03.624000+03:00,sensor_3,-74,8,1,5
2026-05-23 16:59:04.475000+03:00,sensor_1,-78,8,1,5
2026-05-23 16:59:04.921000+03:00,sensor_4,-89,8,1,5
2026-05-23 16:59:06.749000+03:00,sensor_2,-69,8,1,5
2026-05-23 16:59:12.081000+03:00,sensor_3,-73,8,1,5
2026-05-23 16:59:12.396000+03:00,sensor_4,-87,8,1,5
2026-05-23 16:59:12.772000+03:00,sensor_1,-78,8,1,5
2026-05-23 16:59:14.074000+03:00,sensor_2,-70,8,1,5
2026-05-23 16:59:19.556000+03:00,sensor_3,-55,0,0,0
2026-05-23 16:59:19.672000+03:00,sensor_4,-61,0,0,0
2026-05-23 16:59:20.447000+03:00,sensor_1,-56,0,0,0
2026-05-23 16:59:21.399000+03:00,sensor_2,-53,0,0,0
2026-05-23 16:59:26.836000+03:00,sensor_4,-61,0,0,0
2026-05-23 16:59:27.134000+03:00,sensor_3,-56,0,0,0
2026-05-23 16:59:28.136000+03:00,sensor_1,-56,0,0,0
2026-05-23 16:59:28.773000+03:00,sensor_2,-53,0,0,0
2026-05-23 16:59:34.062000+03:00,sensor_4,-60,0,0,0
2026-05-23 16:59:34.359000+03:00,sensor_3,-57,0,0,0
2026-05-23 16:59:35.361000+03:00,sensor_1,-57,0,0,0
2026-05-23 16:59:35.889000+03:00,sensor_2,-54,0,0,0
2026-05-23 16:59:41.276000+03:00,sensor_4,-60,0,0,0
2026-05-23 16:59:41.574000+03:00,sensor_3,-56,0,0,0
2026-05-23 16:59:42.466000+03:00,sensor_1,-59,0,0,0
2026-05-23 16:59:43.053000+03:00,sensor_2,-62,0,0,0
2026-05-23 16:59:48.550000+03:00,sensor_4,-63,0,0,0
2026-05-23 16:59:48.799000+03:00,sensor_3,-57,0,0,0
2026-05-23 16:59:49.690000+03:00,sensor_1,-59,0,0,0
2026-05-23 16:59:50.177000+03:00,sensor_2,-55,0,0,0
2026-05-23 16:59:55.764000+03:00,sensor_4,-59,0,0,0
2026-05-23 16:59:56.164000+03:00,sensor_3,-58,0,0,0
2026-05-23 16:59:56.905000+03:00,sensor_1,-55,0,0,0
2026-05-23 16:59:57.441000+03:00,sensor_2,-53,0,0,0
2026-05-23 17:00:02.989000+03:00,sensor_4,-57,0,0,0
2026-05-23 17:00:04.091000+03:00,sensor_3,-68,0,0,0
2026-05-23 17:00:04.130000+03:00,sensor_1,-57,0,0,0
2026-05-23 17:00:04.716000+03:00,sensor_2,-53,0,0,0
2026-05-23 17:00:10.204000+03:00,sensor_4,-64,0,0,0
2026-05-23 17:00:11.495000+03:00,sensor_1,-57,0,0,0
2026-05-23 17:00:11.679000+03:00,sensor_3,-59,0,0,0
2026-05-23 17:00:11.931000+03:00,sensor_2,-54,0,0,0
2026-05-23 17:00:18.088000+03:00,sensor_4,-63,0,0,0
2026-05-23 17:00:19.054000+03:00,sensor_3,-59,0,0,0
2026-05-23 17:00:19.442000+03:00,sensor_1,-59,0,0,0
2026-05-23 17:00:19.665000+03:00,sensor_2,-55,0,0,0
2026-05-23 17:00:25.273000+03:00,sensor_4,-61,0,0,0
2026-05-23 17:00:26.218000+03:00,sensor_3,-61,0,0,0
2026-05-23 17:00:26.546000+03:00,sensor_1,-57,0,0,0
2026-05-23 17:00:26.782000+03:00,sensor_2,-54,0,0,0
2026-05-23 17:00:32.639000+03:00,sensor_4,-63,0,0,0
2026-05-23 17:00:33.394000+03:00,sensor_3,-61,0,0,0
2026-05-23 17:00:33.770000+03:00,sensor_1,-54,0,0,0
2026-05-23 17:00:33.956000+03:00,sensor_2,-53,0,0,0
2026-05-23 17:00:40.367000+03:00,sensor_4,-60,0,0,0
2026-05-23 17:00:40.508000+03:00,sensor_3,-59,0,0,0
2026-05-23 17:00:40.995000+03:00,sensor_1,-55,0,0,0
2026-05-23 17:00:41.121000+03:00,sensor_2,-53,0,0,0
2026-05-23 17:00:47.481000+03:00,sensor_4,-63,0,0,0
2026-05-23 17:00:47.672000+03:00,sensor_3,-58,0,0,0
2026-05-23 17:00:48.310000+03:00,sensor_1,-59,0,0,0
2026-05-23 17:00:48.496000+03:00,sensor_2,-53,0,0,0
2026-05-23 17:00:54.646000+03:00,sensor_4,-59,0,0,0
2026-05-23 17:00:54.836000+03:00,sensor_3,-58,0,0,0
2026-05-23 17:00:55.948000+03:00,sensor_1,-57,0,0,0
2026-05-23 17:00:56.423000+03:00,sensor_2,-53,0,0,0
2026-05-23 17:01:02.060000+03:00,sensor_3,-58,0,0,0
2026-05-23 17:01:02.070000+03:00,sensor_4,-61,0,0,0
2026-05-23 17:01:03.363000+03:00,sensor_1,-58,0,0,0
2026-05-23 17:01:04.150000+03:00,sensor_2,-54,0,0,0
2026-05-23 17:01:09.635000+03:00,sensor_3,-59,0,0,0
2026-05-23 17:01:09.757000+03:00,sensor_4,-61,0,0,0
2026-05-23 17:01:10.788000+03:00,sensor_1,-58,0,0,0
2026-05-23 17:01:11.738000+03:00,sensor_2,-54,0,0,0
2026-05-23 17:01:16.872000+03:00,sensor_4,-59,0,0,0
2026-05-23 17:01:16.951000+03:00,sensor_3,-59,0,0,0
2026-05-23 17:01:18.215000+03:00,sensor_1,-57,0,0,0
2026-05-23 17:01:18.791000+03:00,sensor_2,-53,0,0,0
2026-05-23 17:01:24.187000+03:00,sensor_4,-61,0,0,0
2026-05-23 17:01:24.640000+03:00,sensor_3,-58,0,0,0
2026-05-23 17:01:25.441000+03:00,sensor_1,-58,0,0,0
2026-05-23 17:01:25.966000+03:00,sensor_2,-54,0,0,0
2026-05-23 17:01:31.462000+03:00,sensor_4,-61,0,0,0
2026-05-23 17:01:32.469000+03:00,sensor_3,-58,0,0,0
2026-05-23 17:01:32.856000+03:00,sensor_1,-57,0,0,0
2026-05-23 17:01:33.190000+03:00,sensor_2,-53,0,0,0
2026-05-23 17:01:38.688000+03:00,sensor_4,-59,0,0,0
2026-05-23 17:01:39.843000+03:00,sensor_3,-60,0,0,0
2026-05-23 17:01:40.356000+03:00,sensor_2,-54,0,0,0
2026-05-23 17:01:40.435000+03:00,sensor_1,-54,0,0,0
2026-05-23 17:01:46.052000+03:00,sensor_4,-61,0,0,0
2026-05-23 17:01:46.957000+03:00,sensor_3,-59,0,0,0
2026-05-23 17:01:47.582000+03:00,sensor_2,-56,0,0,0
2026-05-23 17:01:47.609000+03:00,sensor_1,-56,0,0,0
2026-05-23 17:01:53.779000+03:00,sensor_4,-60,0,0,0
2026-05-23 17:01:54.292000+03:00,sensor_3,-60,0,0,0
2026-05-23 17:01:54.773000+03:00,sensor_1,-56,0,0,0
2026-05-23 17:01:54.795000+03:00,sensor_2,-55,0,0,0
2026-05-23 17:02:00.954000+03:00,sensor_4,-62,0,0,0
2026-05-23 17:02:01.759000+03:00,sensor_3,-60,0,0,0
2026-05-23 17:02:02.046000+03:00,sensor_1,-53,0,0,0
2026-05-23 17:02:02.211000+03:00,sensor_2,-56,0,0,0
2026-05-23 17:02:08.160000+03:00,sensor_4,-61,0,0,0
2026-05-23 17:02:09.337000+03:00,sensor_3,-60,0,0,0
2026-05-23 17:02:09.460000+03:00,sensor_1,-53,0,0,0
2026-05-23 17:02:09.749000+03:00,sensor_2,-55,0,0,0
2026-05-23 17:02:15.394000+03:00,sensor_4,-60,0,0,0
2026-05-23 17:02:16.552000+03:00,sensor_3,-60,0,0,0
2026-05-23 17:02:16.914000+03:00,sensor_2,-55,0,0,0
2026-05-23 17:02:17.148000+03:00,sensor_1,-59,0,0,0
2026-05-23 17:02:22.662000+03:00,sensor_4,-59,0,0,0
2026-05-23 17:02:23.877000+03:00,sensor_3,-57,0,0,0
2026-05-23 17:02:24.331000+03:00,sensor_2,-55,0,0,0
2026-05-23 17:02:24.776000+03:00,sensor_1,-58,0,0,0
2026-05-23 17:02:29.831000+03:00,sensor_4,-60,0,0,0
2026-05-23 17:02:31.102000+03:00,sensor_3,-58,0,0,0
2026-05-23 17:02:31.813000+03:00,sensor_2,-55,0,0,0
2026-05-23 17:02:31.891000+03:00,sensor_1,-58,0,0,0
2026-05-23 17:02:36.938000+03:00,sensor_4,-61,0,0,0
2026-05-23 17:02:38.317000+03:00,sensor_3,-60,0,0,0
2026-05-23 17:02:39.038000+03:00,sensor_2,-56,0,0,0
2026-05-23 17:02:39.055000+03:00,sensor_1,-59,0,0,0
2026-05-23 17:02:44.164000+03:00,sensor_4,-61,0,0,0
2026-05-23 17:02:45.731000+03:00,sensor_3,-59,0,0,0
2026-05-23 17:02:46.304000+03:00,sensor_2,-56,0,0,0
2026-05-23 17:02:46.330000+03:00,sensor_1,-57,0,0,0
2026-05-23 17:02:51.381000+03:00,sensor_4,-63,0,0,0
2026-05-23 17:02:53.319000+03:00,sensor_3,-59,0,0,0
2026-05-23 17:02:53.410000+03:00,sensor_2,-55,0,0,0
2026-05-23 17:02:53.455000+03:00,sensor_1,-57,0,0,0
2026-05-23 17:02:58.548000+03:00,sensor_4,-61,0,0,0
2026-05-23 17:03:00.433000+03:00,sensor_3,-59,0,0,0
2026-05-23 17:03:00.537000+03:00,sensor_2,-55,0,0,0
2026-05-23 17:03:00.619000+03:00,sensor_1,-58,0,0,0
2026-05-23 17:03:05.926000+03:00,sensor_4,-63,0,0,0
2026-05-23 17:03:07.734000+03:00,sensor_1,-53,0,0,0
2026-05-23 17:03:07.868000+03:00,sensor_3,-60,0,0,0
2026-05-23 17:03:07.964000+03:00,sensor_2,-54,0,0,0
2026-05-23 17:03:13.347000+03:00,sensor_4,-60,0,0,0
2026-05-23 17:03:14.799000+03:00,sensor_1,-54,0,0,0
2026-05-23 17:03:15.484000+03:00,sensor_3,-60,0,0,0
2026-05-23 17:03:15.634000+03:00,sensor_2,-54,0,0,0
2026-05-23 17:03:20.565000+03:00,sensor_4,-62,0,0,0
2026-05-23 17:03:22.214000+03:00,sensor_1,-54,0,0,0
2026-05-23 17:03:22.857000+03:00,sensor_3,-60,0,0,0
2026-05-23 17:03:23.274000+03:00,sensor_2,-52,0,0,0
2026-05-23 17:03:27.791000+03:00,sensor_4,-61,0,0,0
2026-05-23 17:03:29.852000+03:00,sensor_1,-55,0,0,0
2026-05-23 17:03:30.490000+03:00,sensor_2,-54,0,0,0
2026-05-23 17:03:30.534000+03:00,sensor_3,-60,0,0,0
2026-05-23 17:03:35.057000+03:00,sensor_4,-60,0,0,0
2026-05-23 17:03:37.067000+03:00,sensor_1,-53,0,0,0
2026-05-23 17:03:37.558000+03:00,sensor_2,-52,0,0,0
2026-05-23 17:03:38.020000+03:00,sensor_3,-60,0,0,0
2026-05-23 17:03:44.382000+03:00,sensor_1,-53,0,0,0
2026-05-23 17:03:44.776000+03:00,sensor_2,-54,0,0,0
2026-05-23 17:03:45.135000+03:00,sensor_3,-58,0,0,0
2026-05-23 17:03:46.631000+03:00,sensor_4,-61,0,0,0
2026-05-23 17:03:51.870000+03:00,sensor_1,-58,0,0,0
2026-05-23 17:03:52.193000+03:00,sensor_2,-51,0,0,0
2026-05-23 17:03:52.248000+03:00,sensor_3,-63,0,0,0
2026-05-23 17:03:54.271000+03:00,sensor_4,-60,0,0,0
2026-05-23 17:03:59.034000+03:00,sensor_1,-55,0,0,0
2026-05-23 17:03:59.723000+03:00,sensor_2,-55,0,0,0
2026-05-23 17:03:59.725000+03:00,sensor_3,-57,0,0,0
2026-05-23 17:04:01.578000+03:00,sensor_4,-62,0,0,0
2026-05-23 17:04:06.260000+03:00,sensor_1,-58,0,0,0
2026-05-23 17:04:07.001000+03:00,sensor_2,-53,0,0,0
2026-05-23 17:04:07.403000+03:00,sensor_3,-56,0,0,0
2026-05-23 17:04:08.845000+03:00,sensor_4,-60,0,0,0
2026-05-23 17:04:13.524000+03:00,sensor_1,-55,0,0,0
2026-05-23 17:04:14.368000+03:00,sensor_2,-53,0,0,0
2026-05-23 17:04:14.618000+03:00,sensor_3,-57,0,0,0
2026-05-23 17:04:15.963000+03:00,sensor_4,-60,0,0,0
2026-05-23 17:04:20.798000+03:00,sensor_1,-58,0,0,0
2026-05-23 17:04:21.536000+03:00,sensor_2,-54,0,0,0
2026-05-23 17:04:21.951000+03:00,sensor_3,-56,0,0,0
2026-05-23 17:04:23.289000+03:00,sensor_4,-62,0,0,0
2026-05-23 17:04:28.012000+03:00,sensor_1,-58,0,0,0
2026-05-23 17:04:28.752000+03:00,sensor_2,-54,0,0,0
2026-05-23 17:04:29.285000+03:00,sensor_3,-57,0,0,0
2026-05-23 17:04:30.556000+03:00,sensor_4,-60,0,0,0
2026-05-23 17:04:35.389000+03:00,sensor_1,-58,0,0,0
2026-05-23 17:04:36.079000+03:00,sensor_2,-54,0,0,0
2026-05-23 17:04:36.590000+03:00,sensor_3,-57,0,0,0
2026-05-23 17:04:37.673000+03:00,sensor_4,-59,0,0,0
2026-05-23 17:04:42.969000+03:00,sensor_1,-58,0,0,0
2026-05-23 17:04:43.346000+03:00,sensor_2,-54,0,0,0
2026-05-23 17:04:43.864000+03:00,sensor_3,-57,0,0,0
2026-05-23 17:04:44.899000+03:00,sensor_4,-60,0,0,0
2026-05-23 17:04:50.193000+03:00,sensor_1,-57,0,0,0
2026-05-23 17:04:50.623000+03:00,sensor_2,-54,0,0,0
2026-05-23 17:04:51.079000+03:00,sensor_3,-58,0,0,0
2026-05-23 17:04:52.005000+03:00,sensor_4,-60,0,0,0
2026-05-23 17:04:57.408000+03:00,sensor_1,-56,0,0,0
2026-05-23 17:04:57.840000+03:00,sensor_2,-54,0,0,0
2026-05-23 17:04:58.252000+03:00,sensor_3,-57,0,0,0
2026-05-23 17:04:59.182000+03:00,sensor_4,-61,0,0,0
2026-05-23 17:05:04.572000+03:00,sensor_1,-55,0,0,0
2026-05-23 17:05:05.007000+03:00,sensor_2,-53,0,0,0
2026-05-23 17:05:05.448000+03:00,sensor_3,-57,0,0,0
2026-05-23 17:05:06.349000+03:00,sensor_4,-62,0,0,0
2026-05-23 17:05:11.947000+03:00,sensor_1,-85,1,1,6
2026-05-23 17:05:12.423000+03:00,sensor_2,-79,1,1,6
2026-05-23 17:05:12.832000+03:00,sensor_3,-67,1,1,6
2026-05-23 17:05:13.605000+03:00,sensor_4,-85,1,1,6
2026-05-23 17:05:19.311000+03:00,sensor_1,-86,1,1,6
2026-05-23 17:05:19.841000+03:00,sensor_2,-80,1,1,6
2026-05-23 17:05:20.255000+03:00,sensor_3,-70,1,1,6
2026-05-23 17:05:20.883000+03:00,sensor_4,-87,1,1,6
2026-05-23 17:05:26.737000+03:00,sensor_1,-87,1,1,6
2026-05-23 17:05:27.229000+03:00,sensor_2,-80,1,1,6
2026-05-23 17:05:27.531000+03:00,sensor_3,-69,1,1,6
2026-05-23 17:05:28.209000+03:00,sensor_4,-85,1,1,6
2026-05-23 17:05:34.054000+03:00,sensor_1,-86,1,1,6
2026-05-23 17:05:34.645000+03:00,sensor_2,-78,1,1,6
2026-05-23 17:05:34.905000+03:00,sensor_3,-69,1,1,6
2026-05-23 17:05:35.787000+03:00,sensor_4,-86,1,1,6
2026-05-23 17:05:41.432000+03:00,sensor_1,-87,1,1,6
2026-05-23 17:05:42.073000+03:00,sensor_2,-82,1,1,6
2026-05-23 17:05:42.330000+03:00,sensor_3,-69,1,1,6
2026-05-23 17:05:48.910000+03:00,sensor_1,-84,1,1,6
2026-05-23 17:05:49.339000+03:00,sensor_2,-83,1,1,6
2026-05-23 17:05:49.805000+03:00,sensor_3,-69,1,1,6
2026-05-23 17:05:54.888000+03:00,sensor_4,-86,1,1,6
2026-05-23 17:05:56.338000+03:00,sensor_1,-86,1,1,6
2026-05-23 17:05:56.766000+03:00,sensor_2,-79,1,1,6
2026-05-23 17:05:57.180000+03:00,sensor_3,-69,1,1,6
2026-05-23 17:06:02.971000+03:00,sensor_4,-85,1,1,6
2026-05-23 17:06:03.805000+03:00,sensor_1,-86,1,1,6
2026-05-23 17:06:04.195000+03:00,sensor_2,-83,1,1,6
2026-05-23 17:06:04.605000+03:00,sensor_3,-69,1,1,6
2026-05-23 17:06:10.238000+03:00,sensor_4,-59,0,0,0
2026-05-23 17:06:10.932000+03:00,sensor_1,-58,0,0,0
2026-05-23 17:06:11.261000+03:00,sensor_2,-54,0,0,0
2026-05-23 17:06:11.679000+03:00,sensor_3,-58,0,0,0
2026-05-23 17:06:17.764000+03:00,sensor_4,-59,0,0,0
2026-05-23 17:06:17.999000+03:00,sensor_1,-58,0,0,0
2026-05-23 17:06:18.478000+03:00,sensor_2,-53,0,0,0
2026-05-23 17:06:18.844000+03:00,sensor_3,-60,0,0,0
2026-05-23 17:06:25.041000+03:00,sensor_4,-59,0,0,0
2026-05-23 17:06:25.217000+03:00,sensor_1,-58,0,0,0
2026-05-23 17:06:25.596000+03:00,sensor_2,-54,0,0,0
2026-05-23 17:06:25.958000+03:00,sensor_3,-57,0,0,0
2026-05-23 17:06:32.208000+03:00,sensor_4,-60,0,0,0
2026-05-23 17:06:32.423000+03:00,sensor_1,-55,0,0,0
2026-05-23 17:06:32.652000+03:00,sensor_2,-51,0,0,0
2026-05-23 17:06:33.221000+03:00,sensor_3,-57,0,0,0
2026-05-23 17:06:39.385000+03:00,sensor_4,-59,0,0,0
2026-05-23 17:06:39.730000+03:00,sensor_2,-54,0,0,0
2026-05-23 17:06:39.750000+03:00,sensor_1,-55,0,0,0
2026-05-23 17:06:40.338000+03:00,sensor_3,-57,0,0,0
2026-05-23 17:06:46.651000+03:00,sensor_4,-62,0,0,0
2026-05-23 17:06:46.897000+03:00,sensor_2,-54,0,0,0
2026-05-23 17:06:47.127000+03:00,sensor_1,-58,0,0,0
2026-05-23 17:06:47.413000+03:00,sensor_3,-57,0,0,0
2026-05-23 17:06:53.918000+03:00,sensor_4,-60,0,0,0
2026-05-23 17:06:53.954000+03:00,sensor_2,-54,0,0,0
2026-05-23 17:06:54.568000+03:00,sensor_3,-57,0,0,0
2026-05-23 17:06:54.709000+03:00,sensor_1,-57,0,0,0
2026-05-23 17:07:01.022000+03:00,sensor_2,-54,0,0,0
2026-05-23 17:07:01.086000+03:00,sensor_4,-61,0,0,0
2026-05-23 17:07:01.741000+03:00,sensor_3,-57,0,0,0
2026-05-23 17:07:01.825000+03:00,sensor_1,-58,0,0,0
2026-05-23 17:07:08.198000+03:00,sensor_2,-54,0,0,0
2026-05-23 17:07:08.763000+03:00,sensor_4,-60,0,0,0
2026-05-23 17:07:08.893000+03:00,sensor_1,-56,0,0,0
2026-05-23 17:07:08.965000+03:00,sensor_3,-56,0,0,0
2026-05-23 17:07:15.415000+03:00,sensor_2,-53,0,0,0
2026-05-23 17:07:15.891000+03:00,sensor_4,-60,0,0,0
2026-05-23 17:07:16.059000+03:00,sensor_1,-58,0,0,0
2026-05-23 17:07:16.230000+03:00,sensor_3,-57,0,0,0
2026-05-23 17:07:22.732000+03:00,sensor_2,-52,0,0,0
2026-05-23 17:07:23.057000+03:00,sensor_4,-62,0,0,0
2026-05-23 17:07:23.227000+03:00,sensor_1,-55,0,0,0
2026-05-23 17:07:23.507000+03:00,sensor_3,-57,0,0,0
2026-05-23 17:07:29.799000+03:00,sensor_2,-54,0,0,0
2026-05-23 17:07:30.274000+03:00,sensor_4,-60,0,0,0
2026-05-23 17:07:30.394000+03:00,sensor_1,-58,0,0,0
2026-05-23 17:07:30.772000+03:00,sensor_3,-57,0,0,0
2026-05-23 17:07:37.026000+03:00,sensor_2,-54,0,0,0
2026-05-23 17:07:37.550000+03:00,sensor_4,-60,0,0,0
2026-05-23 17:07:37.822000+03:00,sensor_1,-58,0,0,0
2026-05-23 17:07:38.047000+03:00,sensor_3,-57,0,0,0
2026-05-23 17:07:44.293000+03:00,sensor_2,-53,0,0,0
2026-05-23 17:07:44.668000+03:00,sensor_4,-62,0,0,0
2026-05-23 17:07:45.260000+03:00,sensor_3,-57,0,0,0
2026-05-23 17:07:45.332000+03:00,sensor_1,-57,0,0,0
2026-05-23 17:07:51.400000+03:00,sensor_2,-53,0,0,0
2026-05-23 17:07:51.726000+03:00,sensor_4,-60,0,0,0
2026-05-23 17:07:52.385000+03:00,sensor_3,-57,0,0,0
2026-05-23 17:07:52.408000+03:00,sensor_1,-58,0,0,0
2026-05-23 17:07:58.528000+03:00,sensor_2,-52,0,0,0
2026-05-23 17:07:58.783000+03:00,sensor_4,-59,0,0,0
2026-05-23 17:07:59.599000+03:00,sensor_3,-56,0,0,0
2026-05-23 17:07:59.626000+03:00,sensor_1,-55,0,0,0
2026-05-23 17:08:05.636000+03:00,sensor_2,-54,0,0,0
2026-05-23 17:08:05.910000+03:00,sensor_4,-60,0,0,0
2026-05-23 17:08:06.676000+03:00,sensor_3,-57,0,0,0
2026-05-23 17:08:06.892000+03:00,sensor_1,-55,0,0,0
2026-05-23 17:08:12.903000+03:00,sensor_2,-69,2,1,6
2026-05-23 17:08:13.427000+03:00,sensor_4,-77,2,1,6
2026-05-23 17:08:13.990000+03:00,sensor_3,-71,2,1,6
2026-05-23 17:08:14.420000+03:00,sensor_1,-72,2,1,6
2026-05-23 17:08:20.279000+03:00,sensor_2,-69,2,1,6
2026-05-23 17:08:20.794000+03:00,sensor_4,-77,2,1,6
2026-05-23 17:08:21.364000+03:00,sensor_3,-71,2,1,6
2026-05-23 17:08:22.192000+03:00,sensor_1,-70,2,1,6
2026-05-23 17:08:27.545000+03:00,sensor_2,-70,2,1,6
2026-05-23 17:08:28.162000+03:00,sensor_4,-75,2,1,6
2026-05-23 17:08:28.828000+03:00,sensor_3,-74,2,1,6
2026-05-23 17:08:34.972000+03:00,sensor_2,-71,2,1,6
2026-05-23 17:08:35.549000+03:00,sensor_4,-74,2,1,6
2026-05-23 17:08:36.252000+03:00,sensor_3,-74,2,1,6
2026-05-23 17:08:41.355000+03:00,sensor_1,-68,2,1,6
2026-05-23 17:08:42.299000+03:00,sensor_2,-70,2,1,6
2026-05-23 17:08:43.677000+03:00,sensor_3,-74,2,1,6
2026-05-23 17:08:49.231000+03:00,sensor_1,-90,2,1,6
2026-05-23 17:08:49.726000+03:00,sensor_2,-71,2,1,6
2026-05-23 17:08:51.102000+03:00,sensor_3,-72,2,1,6
2026-05-23 17:08:54.600000+03:00,sensor_4,-86,2,1,6
2026-05-23 17:08:56.608000+03:00,sensor_1,-76,2,1,6
2026-05-23 17:08:57.192000+03:00,sensor_2,-70,2,1,6
2026-05-23 17:08:58.477000+03:00,sensor_3,-71,2,1,6
2026-05-23 17:09:02.328000+03:00,sensor_4,-78,2,1,6
2026-05-23 17:09:03.875000+03:00,sensor_1,-72,2,1,6
2026-05-23 17:09:04.519000+03:00,sensor_2,-71,2,1,6
2026-05-23 17:09:05.902000+03:00,sensor_3,-71,2,1,6
2026-05-23 17:09:09.646000+03:00,sensor_4,-77,2,1,6
2026-05-23 17:09:11.202000+03:00,sensor_1,-74,2,1,6
2026-05-23 17:09:11.786000+03:00,sensor_2,-70,2,1,6
2026-05-23 17:09:13.377000+03:00,sensor_3,-71,2,1,6
2026-05-23 17:09:16.964000+03:00,sensor_4,-77,2,1,6
2026-05-23 17:09:18.479000+03:00,sensor_1,-56,0,0,0
2026-05-23 17:09:19.112000+03:00,sensor_2,-54,0,0,0
2026-05-23 17:09:20.601000+03:00,sensor_3,-57,0,0,0
2026-05-23 17:09:24.240000+03:00,sensor_4,-60,0,0,0
2026-05-23 17:09:25.746000+03:00,sensor_1,-58,0,0,0
2026-05-23 17:09:26.330000+03:00,sensor_2,-54,0,0,0
2026-05-23 17:09:27.775000+03:00,sensor_3,-57,0,0,0
2026-05-23 17:09:31.348000+03:00,sensor_4,-58,0,0,0
2026-05-23 17:09:33.232000+03:00,sensor_1,-55,0,0,0
2026-05-23 17:09:33.559000+03:00,sensor_2,-53,0,0,0
2026-05-23 17:09:35.190000+03:00,sensor_3,-58,0,0,0
2026-05-23 17:09:38.425000+03:00,sensor_4,-61,0,0,0
2026-05-23 17:09:40.339000+03:00,sensor_1,-54,0,0,0
2026-05-23 17:09:40.763000+03:00,sensor_2,-54,0,0,0
2026-05-23 17:09:42.415000+03:00,sensor_3,-66,0,0,0
2026-05-23 17:09:45.613000+03:00,sensor_4,-59,0,0,0
2026-05-23 17:09:47.505000+03:00,sensor_1,-55,0,0,0
2026-05-23 17:09:47.990000+03:00,sensor_2,-53,0,0,0
2026-05-23 17:09:49.580000+03:00,sensor_3,-66,0,0,0
2026-05-23 17:09:52.759000+03:00,sensor_4,-59,0,0,0
2026-05-23 17:09:55.208000+03:00,sensor_2,-52,0,0,0
2026-05-23 17:09:55.341000+03:00,sensor_1,-58,0,0,0
2026-05-23 17:09:56.906000+03:00,sensor_3,-54,0,0,0
2026-05-23 17:09:59.986000+03:00,sensor_4,-61,0,0,0
2026-05-23 17:10:02.434000+03:00,sensor_2,-54,0,0,0
2026-05-23 17:10:02.608000+03:00,sensor_1,-55,0,0,0
2026-05-23 17:10:04.171000+03:00,sensor_3,-57,0,0,0
2026-05-23 17:10:07.864000+03:00,sensor_4,-60,0,0,0
2026-05-23 17:10:09.651000+03:00,sensor_2,-54,0,0,0
2026-05-23 17:10:09.885000+03:00,sensor_1,-55,0,0,0
2026-05-23 17:10:11.446000+03:00,sensor_3,-57,0,0,0
2026-05-23 17:10:15.080000+03:00,sensor_4,-60,0,0,0
2026-05-23 17:10:16.769000+03:00,sensor_2,-53,0,0,0
2026-05-23 17:10:17.111000+03:00,sensor_1,-57,0,0,0
2026-05-23 17:10:18.561000+03:00,sensor_3,-57,0,0,0
2026-05-23 17:10:22.258000+03:00,sensor_4,-60,0,0,0
2026-05-23 17:10:23.937000+03:00,sensor_2,-54,0,0,0
2026-05-23 17:10:24.317000+03:00,sensor_1,-58,0,0,0
2026-05-23 17:10:25.886000+03:00,sensor_3,-57,0,0,0
2026-05-23 17:10:29.524000+03:00,sensor_4,-62,0,0,0
2026-05-23 17:10:31.203000+03:00,sensor_2,-53,0,0,0
2026-05-23 17:10:31.534000+03:00,sensor_1,-56,0,0,0
2026-05-23 17:10:33.001000+03:00,sensor_3,-57,0,0,0
2026-05-23 17:10:37.153000+03:00,sensor_4,-61,0,0,0
2026-05-23 17:10:38.310000+03:00,sensor_2,-54,0,0,0
2026-05-23 17:10:38.711000+03:00,sensor_1,-58,0,0,0
2026-05-23 17:10:40.215000+03:00,sensor_3,-55,0,0,0
2026-05-23 17:10:45.447000+03:00,sensor_2,-54,0,0,0
2026-05-23 17:10:45.549000+03:00,sensor_4,-60,0,0,0
2026-05-23 17:10:47.449000+03:00,sensor_3,-57,0,0,0
2026-05-23 17:10:50.286000+03:00,sensor_1,-55,0,0,0
2026-05-23 17:10:52.555000+03:00,sensor_2,-54,0,0,0
2026-05-23 17:10:52.925000+03:00,sensor_4,-60,0,0,0
2026-05-23 17:10:54.654000+03:00,sensor_3,-57,0,0,0
2026-05-23 17:10:57.804000+03:00,sensor_1,-58,0,0,0
2026-05-23 17:10:59.772000+03:00,sensor_2,-54,0,0,0
2026-05-23 17:11:00.142000+03:00,sensor_4,-59,0,0,0
2026-05-23 17:11:01.878000+03:00,sensor_3,-55,0,0,0
2026-05-23 17:11:04.971000+03:00,sensor_1,-55,0,0,0
2026-05-23 17:11:06.989000+03:00,sensor_2,-52,0,0,0
2026-05-23 17:11:07.309000+03:00,sensor_4,-61,0,0,0
2026-05-23 17:11:09.142000+03:00,sensor_3,-75,3,1,6
2026-05-23 17:11:14.415000+03:00,sensor_2,-67,3,1,6
2026-05-23 17:11:14.688000+03:00,sensor_4,-74,3,1,6
2026-05-23 17:11:16.516000+03:00,sensor_3,-74,3,1,6
2026-05-23 17:11:21.891000+03:00,sensor_2,-69,3,1,6
2026-05-23 17:11:22.104000+03:00,sensor_4,-76,3,1,6
2026-05-23 17:11:23.939000+03:00,sensor_3,-74,3,1,6
2026-05-23 17:11:24.521000+03:00,sensor_1,-69,3,1,6
2026-05-23 17:11:29.318000+03:00,sensor_2,-69,3,1,6
2026-05-23 17:11:29.530000+03:00,sensor_4,-76,3,1,6
2026-05-23 17:11:31.266000+03:00,sensor_3,-74,3,1,6
2026-05-23 17:11:32.311000+03:00,sensor_1,-70,3,1,6
2026-05-23 17:11:36.636000+03:00,sensor_2,-69,3,1,6
2026-05-23 17:11:36.949000+03:00,sensor_4,-76,3,1,6
2026-05-23 17:11:38.580000+03:00,sensor_3,-78,3,1,6
2026-05-23 17:11:39.887000+03:00,sensor_1,-70,3,1,6
2026-05-23 17:11:44.052000+03:00,sensor_2,-69,3,1,6
2026-05-23 17:11:44.317000+03:00,sensor_4,-76,3,1,6
2026-05-23 17:11:46.015000+03:00,sensor_3,-75,3,1,6
2026-05-23 17:11:47.373000+03:00,sensor_1,-70,3,1,6
2026-05-23 17:11:51.379000+03:00,sensor_2,-70,3,1,6
2026-05-23 17:11:51.695000+03:00,sensor_4,-75,3,1,6
2026-05-23 17:11:53.380000+03:00,sensor_3,-76,3,1,6
2026-05-23 17:11:54.889000+03:00,sensor_1,-72,3,1,6
2026-05-23 17:11:58.706000+03:00,sensor_2,-69,3,1,6
2026-05-23 17:11:59.122000+03:00,sensor_4,-76,3,1,6
2026-05-23 17:12:00.694000+03:00,sensor_3,-77,3,1,6
2026-05-23 17:12:02.516000+03:00,sensor_1,-69,3,1,6
2026-05-23 17:12:06.124000+03:00,sensor_2,-69,3,1,6
2026-05-23 17:12:06.400000+03:00,sensor_4,-75,3,1,6
2026-05-23 17:12:08.029000+03:00,sensor_3,-76,3,1,6
2026-05-23 17:12:09.792000+03:00,sensor_1,-55,0,0,0
2026-05-23 17:12:13.293000+03:00,sensor_2,-54,0,0,0
2026-05-23 17:12:13.617000+03:00,sensor_4,-62,0,0,0
2026-05-23 17:12:15.195000+03:00,sensor_3,-57,0,0,0
2026-05-23 17:12:17.068000+03:00,sensor_1,-58,0,0,0
2026-05-23 17:12:20.511000+03:00,sensor_2,-54,0,0,0
2026-05-23 17:12:22.349000+03:00,sensor_3,-57,0,0,0
2026-05-23 17:12:24.176000+03:00,sensor_1,-58,0,0,0
2026-05-23 17:12:25.191000+03:00,sensor_4,-59,0,0,0
2026-05-23 17:12:27.737000+03:00,sensor_2,-54,0,0,0
2026-05-23 17:12:29.583000+03:00,sensor_3,-57,0,0,0
2026-05-23 17:12:31.812000+03:00,sensor_1,-56,0,0,0
2026-05-23 17:12:32.768000+03:00,sensor_4,-60,0,0,0
2026-05-23 17:12:34.945000+03:00,sensor_2,-54,0,0,0
2026-05-23 17:12:36.808000+03:00,sensor_3,-57,0,0,0
2026-05-23 17:12:39.029000+03:00,sensor_1,-55,0,0,0
2026-05-23 17:12:39.975000+03:00,sensor_4,-59,0,0,0
2026-05-23 17:12:42.172000+03:00,sensor_2,-54,0,0,0
2026-05-23 17:12:44.021000+03:00,sensor_3,-55,0,0,0
2026-05-23 17:12:46.148000+03:00,sensor_1,-55,0,0,0
2026-05-23 17:12:47.052000+03:00,sensor_4,-62,0,0,0
2026-05-23 17:12:49.389000+03:00,sensor_2,-54,0,0,0
2026-05-23 17:12:51.026000+03:00,sensor_3,-57,0,0,0
2026-05-23 17:12:53.315000+03:00,sensor_1,-58,0,0,0
2026-05-23 17:12:54.220000+03:00,sensor_4,-59,0,0,0
2026-05-23 17:12:56.445000+03:00,sensor_2,-54,0,0,0
2026-05-23 17:12:58.100000+03:00,sensor_3,-57,0,0,0
2026-05-23 17:13:00.691000+03:00,sensor_1,-58,0,0,0
2026-05-23 17:13:03.681000+03:00,sensor_2,-54,0,0,0
2026-05-23 17:13:05.275000+03:00,sensor_3,-56,0,0,0
2026-05-23 17:13:05.796000+03:00,sensor_4,-61,0,0,0
2026-05-23 17:13:07.850000+03:00,sensor_1,-57,0,0,0
2026-05-23 17:13:10.947000+03:00,sensor_2,-53,0,0,0
2026-05-23 17:13:12.539000+03:00,sensor_3,-57,0,0,0
2026-05-23 17:13:13.258000+03:00,sensor_4,-59,0,0,0
2026-05-23 17:13:15.067000+03:00,sensor_1,-58,0,0,0
2026-05-23 17:13:18.164000+03:00,sensor_2,-54,0,0,0
2026-05-23 17:13:19.862000+03:00,sensor_3,-55,0,0,0
2026-05-23 17:13:20.485000+03:00,sensor_4,-61,0,0,0
2026-05-23 17:13:22.193000+03:00,sensor_1,-57,0,0,0
2026-05-23 17:13:25.391000+03:00,sensor_2,-52,0,0,0
2026-05-23 17:13:26.986000+03:00,sensor_3,-56,0,0,0
2026-05-23 17:13:27.601000+03:00,sensor_4,-60,0,0,0
2026-05-23 17:13:29.410000+03:00,sensor_1,-57,0,0,0
2026-05-23 17:13:32.608000+03:00,sensor_2,-54,0,0,0
2026-05-23 17:13:34.201000+03:00,sensor_3,-57,0,0,0
2026-05-23 17:13:34.757000+03:00,sensor_4,-62,0,0,0
2026-05-23 17:13:36.478000+03:00,sensor_1,-57,0,0,0
2026-05-23 17:13:39.825000+03:00,sensor_2,-53,0,0,0
2026-05-23 17:13:41.417000+03:00,sensor_3,-57,0,0,0
2026-05-23 17:13:41.984000+03:00,sensor_4,-60,0,0,0
2026-05-23 17:13:43.654000+03:00,sensor_1,-55,0,0,0
2026-05-23 17:13:46.991000+03:00,sensor_2,-53,0,0,0
2026-05-23 17:13:48.632000+03:00,sensor_3,-55,0,0,0
2026-05-23 17:13:49.149000+03:00,sensor_4,-60,0,0,0
2026-05-23 17:13:50.811000+03:00,sensor_1,-58,0,0,0
2026-05-23 17:13:54.267000+03:00,sensor_2,-54,0,0,0
2026-05-23 17:13:55.808000+03:00,sensor_3,-57,0,0,0
2026-05-23 17:13:56.378000+03:00,sensor_4,-62,0,0,0
2026-05-23 17:13:58.438000+03:00,sensor_1,-57,0,0,0
2026-05-23 17:14:01.385000+03:00,sensor_2,-54,0,0,0
2026-05-23 17:14:02.923000+03:00,sensor_3,-57,0,0,0
2026-05-23 17:14:03.485000+03:00,sensor_4,-62,0,0,0
2026-05-23 17:14:05.615000+03:00,sensor_1,-58,0,0,0
2026-05-23 17:14:08.553000+03:00,sensor_2,-54,0,0,0
2026-05-23 17:14:10.237000+03:00,sensor_3,-66,4,1,6
2026-05-23 17:14:10.852000+03:00,sensor_4,-72,4,1,6
2026-05-23 17:14:13.383000+03:00,sensor_1,-69,4,1,6
2026-05-23 17:14:15.910000+03:00,sensor_2,-71,4,1,6
2026-05-23 17:14:17.711000+03:00,sensor_3,-66,4,1,6
2026-05-23 17:14:18.279000+03:00,sensor_4,-71,4,1,6
2026-05-23 17:14:20.811000+03:00,sensor_1,-66,4,1,6
2026-05-23 17:14:23.288000+03:00,sensor_2,-73,4,1,6
2026-05-23 17:14:25.047000+03:00,sensor_3,-67,4,1,6
2026-05-23 17:14:25.545000+03:00,sensor_4,-71,4,1,6
2026-05-23 17:14:28.078000+03:00,sensor_1,-66,4,1,6
2026-05-23 17:14:30.614000+03:00,sensor_2,-73,4,1,6
2026-05-23 17:14:32.352000+03:00,sensor_3,-68,4,1,6
2026-05-23 17:14:32.971000+03:00,sensor_4,-71,4,1,6
2026-05-23 17:14:35.405000+03:00,sensor_1,-66,4,1,6
2026-05-23 17:14:38.041000+03:00,sensor_2,-73,4,1,6
2026-05-23 17:14:39.777000+03:00,sensor_3,-68,4,1,6
2026-05-23 17:14:40.398000+03:00,sensor_4,-70,4,1,6
2026-05-23 17:14:42.833000+03:00,sensor_1,-66,4,1,6
2026-05-23 17:14:45.507000+03:00,sensor_2,-74,4,1,6
2026-05-23 17:14:47.211000+03:00,sensor_3,-66,4,1,6
2026-05-23 17:14:47.827000+03:00,sensor_4,-70,4,1,6
2026-05-23 17:14:50.249000+03:00,sensor_1,-66,4,1,6
2026-05-23 17:14:52.985000+03:00,sensor_2,-71,4,1,6
2026-05-23 17:14:54.638000+03:00,sensor_3,-67,4,1,6
2026-05-23 17:14:55.294000+03:00,sensor_4,-70,4,1,6
2026-05-23 17:14:57.575000+03:00,sensor_1,-67,4,1,6
2026-05-23 17:15:00.411000+03:00,sensor_2,-67,4,1,6
2026-05-23 17:15:01.992000+03:00,sensor_3,-68,4,1,6
2026-05-23 17:15:02.672000+03:00,sensor_4,-71,4,1,6
2026-05-23 17:15:04.892000+03:00,sensor_1,-68,4,1,6
2026-05-23 17:15:07.689000+03:00,sensor_2,-53,0,0,0
2026-05-23 17:15:09.181000+03:00,sensor_3,-57,0,0,0
2026-05-23 17:15:09.909000+03:00,sensor_4,-62,0,0,0
2026-05-23 17:15:12.168000+03:00,sensor_1,-57,0,0,0
2026-05-23 17:15:14.857000+03:00,sensor_2,-53,0,0,0
2026-05-23 17:15:16.238000+03:00,sensor_3,-56,0,0,0
2026-05-23 17:15:16.967000+03:00,sensor_4,-61,0,0,0
2026-05-23 17:15:19.395000+03:00,sensor_1,-55,0,0,0
2026-05-23 17:15:21.974000+03:00,sensor_2,-53,0,0,0
2026-05-23 17:15:23.466000+03:00,sensor_3,-56,0,0,0
2026-05-23 17:15:24.185000+03:00,sensor_4,-60,0,0,0
2026-05-23 17:15:26.612000+03:00,sensor_1,-55,0,0,0
2026-05-23 17:15:29.032000+03:00,sensor_2,-54,0,0,0
2026-05-23 17:15:30.673000+03:00,sensor_3,-55,0,0,0
2026-05-23 17:15:31.353000+03:00,sensor_4,-60,0,0,0
2026-05-23 17:15:33.828000+03:00,sensor_1,-58,0,0,0
2026-05-23 17:15:36.258000+03:00,sensor_2,-54,0,0,0
2026-05-23 17:15:37.898000+03:00,sensor_3,-57,0,0,0
2026-05-23 17:15:38.460000+03:00,sensor_4,-60,0,0,0
2026-05-23 17:15:40.994000+03:00,sensor_1,-58,0,0,0
2026-05-23 17:15:43.376000+03:00,sensor_2,-54,0,0,0
2026-05-23 17:15:45.115000+03:00,sensor_3,-57,0,0,0
2026-05-23 17:15:45.688000+03:00,sensor_4,-60,0,0,0
2026-05-23 17:15:48.213000+03:00,sensor_1,-55,0,0,0
2026-05-23 17:15:50.544000+03:00,sensor_2,-54,0,0,0
2026-05-23 17:15:52.341000+03:00,sensor_3,-56,0,0,0
2026-05-23 17:15:52.888000+03:00,sensor_4,-62,0,0,0
2026-05-23 17:15:55.339000+03:00,sensor_1,-57,0,0,0
2026-05-23 17:15:57.760000+03:00,sensor_2,-52,0,0,0
2026-05-23 17:15:59.567000+03:00,sensor_3,-57,0,0,0
2026-05-23 17:16:00.115000+03:00,sensor_4,-61,0,0,0
2026-05-23 17:16:02.656000+03:00,sensor_1,-58,0,0,0
2026-05-23 17:16:04.867000+03:00,sensor_2,-54,0,0,0
2026-05-23 17:16:06.674000+03:00,sensor_3,-57,0,0,0
2026-05-23 17:16:07.283000+03:00,sensor_4,-62,0,0,0
2026-05-23 17:16:09.873000+03:00,sensor_1,-57,0,0,0
2026-05-23 17:16:12.044000+03:00,sensor_2,-52,0,0,0
2026-05-23 17:16:13.800000+03:00,sensor_3,-57,0,0,0
2026-05-23 17:16:14.450000+03:00,sensor_4,-60,0,0,0
2026-05-23 17:16:17.090000+03:00,sensor_1,-58,0,0,0
2026-05-23 17:16:19.260000+03:00,sensor_2,-54,0,0,0
2026-05-23 17:16:20.856000+03:00,sensor_3,-56,0,0,0
2026-05-23 17:16:21.626000+03:00,sensor_4,-60,0,0,0
2026-05-23 17:16:24.775000+03:00,sensor_1,-55,0,0,0
2026-05-23 17:16:26.426000+03:00,sensor_2,-54,0,0,0
2026-05-23 17:16:28.083000+03:00,sensor_3,-57,0,0,0
2026-05-23 17:16:28.893000+03:00,sensor_4,-62,0,0,0
2026-05-23 17:16:31.893000+03:00,sensor_1,-56,0,0,0
2026-05-23 17:16:33.643000+03:00,sensor_2,-54,0,0,0
2026-05-23 17:16:35.299000+03:00,sensor_3,-57,0,0,0
2026-05-23 17:16:36.109000+03:00,sensor_4,-60,0,0,0
2026-05-23 17:16:39.110000+03:00,sensor_1,-57,0,0,0
2026-05-23 17:16:40.770000+03:00,sensor_2,-53,0,0,0
2026-05-23 17:16:42.458000+03:00,sensor_3,-57,0,0,0
2026-05-23 17:16:43.267000+03:00,sensor_4,-60,0,0,0
2026-05-23 17:16:46.326000+03:00,sensor_1,-57,0,0,0
2026-05-23 17:16:47.986000+03:00,sensor_2,-54,0,0,0
2026-05-23 17:16:49.635000+03:00,sensor_3,-57,0,0,0
2026-05-23 17:16:50.594000+03:00,sensor_4,-62,0,0,0
2026-05-23 17:16:53.394000+03:00,sensor_1,-58,0,0,0
2026-05-23 17:16:55.053000+03:00,sensor_2,-54,0,0,0
2026-05-23 17:16:56.852000+03:00,sensor_3,-56,0,0,0
2026-05-23 17:16:57.871000+03:00,sensor_4,-62,0,0,0
2026-05-23 17:17:00.551000+03:00,sensor_1,-58,0,0,0
2026-05-23 17:17:02.880000+03:00,sensor_2,-54,0,0,0
2026-05-23 17:17:04.089000+03:00,sensor_3,-56,0,0,0
2026-05-23 17:17:05.147000+03:00,sensor_4,-61,0,0,0
2026-05-23 17:17:07.779000+03:00,sensor_1,-56,0,0,0
2026-05-23 17:17:10.309000+03:00,sensor_2,-78,5,1,6
2026-05-23 17:17:11.438000+03:00,sensor_3,-68,5,1,6
2026-05-23 17:17:12.455000+03:00,sensor_4,-74,5,1,6
2026-05-23 17:17:15.096000+03:00,sensor_1,-67,5,1,6
2026-05-23 17:17:17.725000+03:00,sensor_2,-80,5,1,6
2026-05-23 17:17:18.865000+03:00,sensor_3,-71,5,1,6
2026-05-23 17:17:19.882000+03:00,sensor_4,-75,5,1,6
2026-05-23 17:17:22.482000+03:00,sensor_1,-67,5,1,6
2026-05-23 17:17:25.053000+03:00,sensor_2,-83,5,1,6
2026-05-23 17:17:26.342000+03:00,sensor_3,-70,5,1,6
2026-05-23 17:17:27.350000+03:00,sensor_4,-74,5,1,6
2026-05-23 17:17:29.899000+03:00,sensor_1,-67,5,1,6
2026-05-23 17:17:32.676000+03:00,sensor_2,-86,5,1,6
2026-05-23 17:17:33.809000+03:00,sensor_3,-69,5,1,6
2026-05-23 17:17:35.236000+03:00,sensor_4,-73,5,1,6
2026-05-23 17:17:37.375000+03:00,sensor_1,-66,5,1,6
2026-05-23 17:17:40.152000+03:00,sensor_2,-81,5,1,6
2026-05-23 17:17:41.286000+03:00,sensor_3,-68,5,1,6
2026-05-23 17:17:42.713000+03:00,sensor_4,-75,5,1,6
2026-05-23 17:17:44.792000+03:00,sensor_1,-67,5,1,6
2026-05-23 17:17:47.738000+03:00,sensor_2,-85,5,1,6
2026-05-23 17:17:48.714000+03:00,sensor_3,-69,5,1,6
2026-05-23 17:17:50.031000+03:00,sensor_4,-74,5,1,6
2026-05-23 17:17:52.170000+03:00,sensor_1,-67,5,1,6
2026-05-23 17:17:55.056000+03:00,sensor_2,-87,5,1,6
2026-05-23 17:17:55.981000+03:00,sensor_3,-69,5,1,6
2026-05-23 17:17:57.457000+03:00,sensor_4,-74,5,1,6
2026-05-23 17:17:59.697000+03:00,sensor_1,-66,5,1,6
2026-05-23 17:18:02.433000+03:00,sensor_2,-81,5,1,6
2026-05-23 17:18:03.298000+03:00,sensor_3,-68,5,1,6
2026-05-23 17:18:04.833000+03:00,sensor_4,-74,5,1,6
2026-05-23 17:18:06.973000+03:00,sensor_1,-58,5,1,6
2026-05-23 17:18:09.600000+03:00,sensor_2,-52,0,0,0
2026-05-23 17:18:10.536000+03:00,sensor_3,-57,0,0,0
2026-05-23 17:18:11.952000+03:00,sensor_4,-63,0,0,0
2026-05-23 17:18:14.190000+03:00,sensor_1,-62,0,0,0
2026-05-23 17:18:16.716000+03:00,sensor_2,-54,0,0,0
2026-05-23 17:18:17.742000+03:00,sensor_3,-55,0,0,0
2026-05-23 17:18:19.129000+03:00,sensor_4,-62,0,0,0
2026-05-23 17:18:21.346000+03:00,sensor_1,-59,0,0,0
2026-05-23 17:18:24.655000+03:00,sensor_2,-53,0,0,0
2026-05-23 17:18:24.860000+03:00,sensor_3,-57,0,0,0
2026-05-23 17:18:26.297000+03:00,sensor_4,-63,0,0,0
2026-05-23 17:18:28.572000+03:00,sensor_1,-58,0,0,0
2026-05-23 17:18:31.721000+03:00,sensor_2,-54,0,0,0
2026-05-23 17:18:31.977000+03:00,sensor_3,-58,0,0,0
2026-05-23 17:18:33.354000+03:00,sensor_4,-60,0,0,0
2026-05-23 17:18:35.699000+03:00,sensor_1,-58,0,0,0
2026-05-23 17:18:39.048000+03:00,sensor_2,-53,0,0,0
2026-05-23 17:18:39.253000+03:00,sensor_3,-58,0,0,0
2026-05-23 17:18:40.570000+03:00,sensor_4,-60,0,0,0
2026-05-23 17:18:42.755000+03:00,sensor_1,-56,0,0,0
2026-05-23 17:18:46.255000+03:00,sensor_2,-53,0,0,0
2026-05-23 17:18:46.519000+03:00,sensor_3,-57,0,0,0
2026-05-23 17:18:47.747000+03:00,sensor_4,-62,0,0,0
2026-05-23 17:18:49.872000+03:00,sensor_1,-57,0,0,0
2026-05-23 17:18:53.481000+03:00,sensor_2,-53,0,0,0
2026-05-23 17:18:53.696000+03:00,sensor_3,-56,0,0,0
2026-05-23 17:18:54.974000+03:00,sensor_4,-62,0,0,0
2026-05-23 17:18:57.168000+03:00,sensor_1,-55,0,0,0
2026-05-23 17:19:00.757000+03:00,sensor_2,-54,0,0,0
2026-05-23 17:19:00.922000+03:00,sensor_3,-56,0,0,0
2026-05-23 17:19:02.282000+03:00,sensor_4,-62,0,0,0
2026-05-23 17:19:04.854000+03:00,sensor_1,-55,0,0,0
2026-05-23 17:19:07.864000+03:00,sensor_2,-54,0,0,0
2026-05-23 17:19:07.978000+03:00,sensor_3,-57,0,0,0
2026-05-23 17:19:09.509000+03:00,sensor_4,-62,0,0,0
2026-05-23 17:19:12.111000+03:00,sensor_1,-58,0,0,0
2026-05-23 17:19:15.041000+03:00,sensor_2,-54,0,0,0
2026-05-23 17:19:15.195000+03:00,sensor_3,-57,0,0,0
2026-05-23 17:19:16.726000+03:00,sensor_4,-62,0,0,0
2026-05-23 17:19:19.327000+03:00,sensor_1,-58,0,0,0
2026-05-23 17:19:22.099000+03:00,sensor_2,-52,0,0,0
2026-05-23 17:19:22.361000+03:00,sensor_3,-57,0,0,0
2026-05-23 17:19:23.893000+03:00,sensor_4,-62,0,0,0
2026-05-23 17:19:26.653000+03:00,sensor_1,-55,0,0,0
2026-05-23 17:19:29.425000+03:00,sensor_2,-54,0,0,0
2026-05-23 17:19:29.627000+03:00,sensor_3,-57,0,0,0
2026-05-23 17:19:31.159000+03:00,sensor_4,-61,0,0,0
2026-05-23 17:19:33.930000+03:00,sensor_1,-55,0,0,0
2026-05-23 17:19:36.692000+03:00,sensor_2,-54,0,0,0
2026-05-23 17:19:37.004000+03:00,sensor_3,-57,0,0,0
2026-05-23 17:19:38.385000+03:00,sensor_4,-61,0,0,0
2026-05-23 17:19:41.147000+03:00,sensor_1,-55,0,0,0
2026-05-23 17:19:43.919000+03:00,sensor_2,-52,0,0,0
2026-05-23 17:19:44.171000+03:00,sensor_3,-56,0,0,0
2026-05-23 17:19:45.553000+03:00,sensor_4,-62,0,0,0
2026-05-23 17:19:48.214000+03:00,sensor_1,-55,0,0,0
2026-05-23 17:19:51.125000+03:00,sensor_2,-53,0,0,0
2026-05-23 17:19:51.338000+03:00,sensor_3,-57,0,0,0
2026-05-23 17:19:52.770000+03:00,sensor_4,-62,0,0,0
2026-05-23 17:19:55.432000+03:00,sensor_1,-58,0,0,0
2026-05-23 17:19:58.303000+03:00,sensor_2,-53,0,0,0
2026-05-23 17:19:58.465000+03:00,sensor_3,-57,0,0,0
2026-05-23 17:20:00.037000+03:00,sensor_4,-62,0,0,0
2026-05-23 17:20:03.108000+03:00,sensor_1,-55,0,0,0
2026-05-23 17:20:05.570000+03:00,sensor_2,-53,0,0,0
2026-05-23 17:20:05.782000+03:00,sensor_3,-57,0,0,0
2026-05-23 17:20:07.255000+03:00,sensor_4,-62,0,0,0
2026-05-23 17:20:10.524000+03:00,sensor_1,-84,6,1,6
2026-05-23 17:20:12.887000+03:00,sensor_2,-67,6,1,6
2026-05-23 17:20:13.198000+03:00,sensor_3,-70,6,1,6
2026-05-23 17:20:14.682000+03:00,sensor_4,-70,6,1,6
2026-05-23 17:20:17.852000+03:00,sensor_1,-84,6,1,6
2026-05-23 17:20:20.413000+03:00,sensor_2,-68,6,1,6
2026-05-23 17:20:20.685000+03:00,sensor_3,-71,6,1,6
2026-05-23 17:20:22.149000+03:00,sensor_4,-69,6,1,6
2026-05-23 17:20:25.328000+03:00,sensor_1,-84,6,1,6
2026-05-23 17:20:27.791000+03:00,sensor_2,-67,6,1,6
2026-05-23 17:20:27.982000+03:00,sensor_3,-70,6,1,6
2026-05-23 17:20:29.625000+03:00,sensor_4,-70,6,1,6
2026-05-23 17:20:33.466000+03:00,sensor_1,-86,6,1,6
2026-05-23 17:20:35.207000+03:00,sensor_2,-70,6,1,6
2026-05-23 17:20:35.321000+03:00,sensor_3,-68,6,1,6
2026-05-23 17:20:37.101000+03:00,sensor_4,-69,6,1,6
2026-05-23 17:20:40.793000+03:00,sensor_1,-82,6,1,6
2026-05-23 17:20:42.476000+03:00,sensor_2,-70,6,1,6
2026-05-23 17:20:42.737000+03:00,sensor_3,-67,6,1,6
2026-05-23 17:20:44.680000+03:00,sensor_4,-69,6,1,6
2026-05-23 17:20:49.351000+03:00,sensor_1,-83,6,1,6
2026-05-23 17:20:49.854000+03:00,sensor_2,-68,6,1,6
2026-05-23 17:20:50.065000+03:00,sensor_3,-69,6,1,6
2026-05-23 17:20:52.107000+03:00,sensor_4,-68,6,1,6
2026-05-23 17:20:56.867000+03:00,sensor_1,-83,6,1,6
2026-05-23 17:20:57.281000+03:00,sensor_2,-69,6,1,6
2026-05-23 17:20:57.490000+03:00,sensor_3,-69,6,1,6
2026-05-23 17:20:59.633000+03:00,sensor_4,-68,6,1,6
2026-05-23 17:21:04.344000+03:00,sensor_1,-83,6,1,6
2026-05-23 17:21:04.758000+03:00,sensor_2,-68,6,1,6
2026-05-23 17:21:05.016000+03:00,sensor_3,-70,6,1,6
2026-05-23 17:21:07.210000+03:00,sensor_4,-68,6,1,6
2026-05-23 17:21:11.522000+03:00,sensor_1,-55,0,0,0
2026-05-23 17:21:12.025000+03:00,sensor_2,-53,0,0,0
2026-05-23 17:21:12.442000+03:00,sensor_3,-57,0,0,0
2026-05-23 17:21:14.538000+03:00,sensor_4,-60,0,0,0
2026-05-23 17:21:19.301000+03:00,sensor_2,-52,0,0,0
2026-05-23 17:21:19.718000+03:00,sensor_3,-57,0,0,0
2026-05-23 17:21:21.855000+03:00,sensor_4,-60,0,0,0
2026-05-23 17:21:23.096000+03:00,sensor_1,-58,0,0,0
2026-05-23 17:21:26.417000+03:00,sensor_2,-54,0,0,0
2026-05-23 17:21:26.936000+03:00,sensor_3,-57,0,0,0
2026-05-23 17:21:29.131000+03:00,sensor_4,-62,0,0,0
2026-05-23 17:21:30.768000+03:00,sensor_1,-56,0,0,0
2026-05-23 17:21:33.683000+03:00,sensor_2,-55,0,0,0
2026-05-23 17:21:34.152000+03:00,sensor_3,-56,0,0,0
2026-05-23 17:21:36.397000+03:00,sensor_4,-62,0,0,0
2026-05-23 17:21:37.985000+03:00,sensor_1,-57,0,0,0
2026-05-23 17:21:40.901000+03:00,sensor_2,-52,0,0,0
2026-05-23 17:21:41.380000+03:00,sensor_3,-60,0,0,0
2026-05-23 17:21:43.775000+03:00,sensor_4,-62,0,0,0
2026-05-23 17:21:45.411000+03:00,sensor_1,-58,0,0,0
2026-05-23 17:21:48.536000+03:00,sensor_3,-57,0,0,0
2026-05-23 17:21:49.817000+03:00,sensor_2,-54,0,0,0
2026-05-23 17:21:50.982000+03:00,sensor_4,-62,0,0,0
2026-05-23 17:21:52.629000+03:00,sensor_1,-57,0,0,0
2026-05-23 17:21:55.804000+03:00,sensor_3,-56,0,0,0
2026-05-23 17:21:57.083000+03:00,sensor_2,-55,0,0,0
2026-05-23 17:21:58.209000+03:00,sensor_4,-59,0,0,0
2026-05-23 17:21:59.696000+03:00,sensor_1,-55,0,0,0
2026-05-23 17:22:03.445000+03:00,sensor_3,-57,0,0,0
2026-05-23 17:22:04.359000+03:00,sensor_2,-53,0,0,0
2026-05-23 17:22:05.425000+03:00,sensor_4,-60,0,0,0
2026-05-23 17:22:06.812000+03:00,sensor_1,-56,0,0,0
2026-05-23 17:22:10.692000+03:00,sensor_3,-57,0,0,0
2026-05-23 17:22:11.566000+03:00,sensor_2,-54,0,0,0
2026-05-23 17:22:12.753000+03:00,sensor_4,-60,0,0,0
2026-05-23 17:22:14.029000+03:00,sensor_1,-58,0,0,0
2026-05-23 17:22:17.979000+03:00,sensor_3,-57,0,0,0
2026-05-23 17:22:18.893000+03:00,sensor_2,-54,0,0,0
2026-05-23 17:22:20.220000+03:00,sensor_4,-62,0,0,0
2026-05-23 17:22:21.096000+03:00,sensor_1,-58,0,0,0
2026-05-23 17:22:25.206000+03:00,sensor_3,-56,0,0,0
2026-05-23 17:22:26.170000+03:00,sensor_2,-54,0,0,0
2026-05-23 17:22:27.447000+03:00,sensor_4,-60,0,0,0
2026-05-23 17:22:28.413000+03:00,sensor_1,-58,0,0,0
2026-05-23 17:22:32.522000+03:00,sensor_3,-57,0,0,0
2026-05-23 17:22:33.438000+03:00,sensor_2,-53,0,0,0
2026-05-23 17:22:34.604000+03:00,sensor_4,-62,0,0,0
2026-05-23 17:22:35.690000+03:00,sensor_1,-55,0,0,0
2026-05-23 17:22:39.738000+03:00,sensor_3,-57,0,0,0
2026-05-23 17:22:40.555000+03:00,sensor_2,-52,0,0,0
2026-05-23 17:22:41.781000+03:00,sensor_4,-60,0,0,0
2026-05-23 17:22:42.906000+03:00,sensor_1,-55,0,0,0
2026-05-23 17:22:46.964000+03:00,sensor_3,-57,0,0,0
2026-05-23 17:22:47.771000+03:00,sensor_2,-54,0,0,0
2026-05-23 17:22:48.948000+03:00,sensor_4,-60,0,0,0
2026-05-23 17:22:50.332000+03:00,sensor_1,-58,0,0,0
2026-05-23 17:22:54.182000+03:00,sensor_3,-57,0,0,0
2026-05-23 17:22:54.987000+03:00,sensor_2,-54,0,0,0
2026-05-23 17:22:56.164000+03:00,sensor_4,-61,0,0,0
2026-05-23 17:22:57.599000+03:00,sensor_1,-57,0,0,0
2026-05-23 17:23:01.609000+03:00,sensor_3,-57,0,0,0
2026-05-23 17:23:02.113000+03:00,sensor_2,-54,0,0,0
2026-05-23 17:23:04.150000+03:00,sensor_4,-60,0,0,0
2026-05-23 17:23:04.776000+03:00,sensor_1,-57,0,0,0
2026-05-23 17:23:08.926000+03:00,sensor_3,-75,7,1,6
2026-05-23 17:23:09.531000+03:00,sensor_2,-69,7,1,6
2026-05-23 17:23:11.569000+03:00,sensor_4,-72,7,1,6
2026-05-23 17:23:12.144000+03:00,sensor_1,-78,7,1,6
2026-05-23 17:23:16.453000+03:00,sensor_3,-76,7,1,6
2026-05-23 17:23:17.157000+03:00,sensor_2,-67,7,1,6
2026-05-23 17:23:18.957000+03:00,sensor_4,-73,7,1,6
2026-05-23 17:23:19.722000+03:00,sensor_1,-78,7,1,6
2026-05-23 17:23:24.030000+03:00,sensor_3,-76,7,1,6
2026-05-23 17:23:24.734000+03:00,sensor_2,-69,7,1,6
2026-05-23 17:23:26.473000+03:00,sensor_4,-73,7,1,6
2026-05-23 17:23:27.189000+03:00,sensor_1,-78,7,1,6
2026-05-23 17:23:31.496000+03:00,sensor_3,-77,7,1,6
2026-05-23 17:23:32.210000+03:00,sensor_2,-69,7,1,6
2026-05-23 17:23:34.051000+03:00,sensor_4,-74,7,1,6
2026-05-23 17:23:34.716000+03:00,sensor_1,-77,7,1,6
2026-05-23 17:23:38.823000+03:00,sensor_3,-77,7,1,6
2026-05-23 17:23:39.626000+03:00,sensor_2,-68,7,1,6
2026-05-23 17:23:41.468000+03:00,sensor_4,-72,7,1,6
2026-05-23 17:23:42.094000+03:00,sensor_1,-77,7,1,6
2026-05-23 17:23:46.249000+03:00,sensor_3,-76,7,1,6
2026-05-23 17:23:47.014000+03:00,sensor_2,-68,7,1,6
2026-05-23 17:23:48.844000+03:00,sensor_4,-76,7,1,6
2026-05-23 17:23:49.521000+03:00,sensor_1,-77,7,1,6
2026-05-23 17:23:53.565000+03:00,sensor_3,-77,7,1,6
2026-05-23 17:23:54.430000+03:00,sensor_2,-71,7,1,6
2026-05-23 17:23:56.231000+03:00,sensor_4,-77,7,1,6
2026-05-23 17:24:00.778000+03:00,sensor_1,-77,7,1,6
2026-05-23 17:24:01.093000+03:00,sensor_3,-76,7,1,6
2026-05-23 17:24:02.116000+03:00,sensor_2,-67,7,1,6
2026-05-23 17:24:03.749000+03:00,sensor_4,-73,7,1,6
2026-05-23 17:24:08.054000+03:00,sensor_1,-58,0,0,0
2026-05-23 17:24:08.270000+03:00,sensor_3,-57,0,0,0
2026-05-23 17:24:09.492000+03:00,sensor_2,-54,0,0,0
2026-05-23 17:24:11.437000+03:00,sensor_4,-62,0,0,0
2026-05-23 17:24:15.331000+03:00,sensor_1,-56,0,0,0
2026-05-23 17:24:15.637000+03:00,sensor_3,-55,0,0,0
2026-05-23 17:24:16.859000+03:00,sensor_2,-54,0,0,0
2026-05-23 17:24:20.493000+03:00,sensor_4,-60,0,0,0
2026-05-23 17:24:22.797000+03:00,sensor_1,-59,0,0,0
2026-05-23 17:24:24.335000+03:00,sensor_2,-54,0,0,0
2026-05-23 17:24:27.211000+03:00,sensor_3,-57,0,0,0
2026-05-23 17:24:27.711000+03:00,sensor_4,-58,0,0,0
2026-05-23 17:24:30.173000+03:00,sensor_1,-56,0,0,0
2026-05-23 17:24:31.711000+03:00,sensor_2,-53,0,0,0
2026-05-23 17:24:34.746000+03:00,sensor_3,-57,0,0,0
2026-05-23 17:24:34.987000+03:00,sensor_4,-62,0,0,0
2026-05-23 17:24:37.350000+03:00,sensor_1,-56,0,0,0
2026-05-23 17:24:39.027000+03:00,sensor_2,-53,0,0,0
2026-05-23 17:24:42.162000+03:00,sensor_3,-55,0,0,0
2026-05-23 17:24:42.504000+03:00,sensor_4,-60,0,0,0
2026-05-23 17:24:44.816000+03:00,sensor_1,-59,0,0,0
2026-05-23 17:24:46.353000+03:00,sensor_2,-55,0,0,0
2026-05-23 17:24:49.732000+03:00,sensor_4,-61,0,0,0
2026-05-23 17:24:50.658000+03:00,sensor_3,-57,0,0,0
2026-05-23 17:24:52.083000+03:00,sensor_1,-57,0,0,0
2026-05-23 17:24:53.729000+03:00,sensor_2,-55,0,0,0
2026-05-23 17:24:57.408000+03:00,sensor_4,-61,0,0,0
2026-05-23 17:24:57.884000+03:00,sensor_3,-56,0,0,0
2026-05-23 17:24:59.870000+03:00,sensor_1,-57,0,0,0
2026-05-23 17:25:00.896000+03:00,sensor_2,-54,0,0,0
2026-05-23 17:25:04.885000+03:00,sensor_4,-63,0,0,0
2026-05-23 17:25:05.261000+03:00,sensor_3,-56,0,0,0
2026-05-23 17:25:06.987000+03:00,sensor_1,-55,0,0,0
2026-05-23 17:25:08.012000+03:00,sensor_2,-57,0,0,0
2026-05-23 17:25:12.362000+03:00,sensor_4,-63,0,0,0
2026-05-23 17:25:13.086000+03:00,sensor_3,-57,0,0,0
2026-05-23 17:25:14.303000+03:00,sensor_1,-58,0,0,0
2026-05-23 17:25:15.539000+03:00,sensor_2,-54,0,0,0
2026-05-23 17:25:19.529000+03:00,sensor_4,-62,0,0,0
2026-05-23 17:25:20.362000+03:00,sensor_3,-57,0,0,0
2026-05-23 17:25:21.330000+03:00,sensor_1,-58,0,0,0
2026-05-23 17:25:22.916000+03:00,sensor_2,-54,0,0,0
2026-05-23 17:25:26.906000+03:00,sensor_4,-62,0,0,0
2026-05-23 17:25:27.828000+03:00,sensor_3,-56,0,0,0
2026-05-23 17:25:28.436000+03:00,sensor_1,-55,0,0,0
2026-05-23 17:25:30.133000+03:00,sensor_2,-54,0,0,0
2026-05-23 17:25:34.381000+03:00,sensor_4,-62,0,0,0
2026-05-23 17:25:35.712000+03:00,sensor_1,-57,0,0,0
2026-05-23 17:25:35.719000+03:00,sensor_3,-57,0,0,0
2026-05-23 17:25:37.760000+03:00,sensor_2,-54,0,0,0
2026-05-23 17:25:41.848000+03:00,sensor_4,-60,0,0,0
2026-05-23 17:25:43.095000+03:00,sensor_3,-57,0,0,0
2026-05-23 17:25:43.290000+03:00,sensor_1,-56,0,0,0
2026-05-23 17:25:44.967000+03:00,sensor_2,-54,0,0,0
2026-05-23 17:25:49.066000+03:00,sensor_4,-62,0,0,0
2026-05-23 17:25:50.311000+03:00,sensor_3,-57,0,0,0
2026-05-23 17:25:50.507000+03:00,sensor_1,-57,0,0,0
2026-05-23 17:25:52.095000+03:00,sensor_2,-54,0,0,0
2026-05-23 17:25:56.134000+03:00,sensor_4,-62,0,0,0
2026-05-23 17:25:57.377000+03:00,sensor_3,-57,0,0,0
2026-05-23 17:25:57.664000+03:00,sensor_1,-57,0,0,0
2026-05-23 17:25:59.311000+03:00,sensor_2,-54,0,0,0
2026-05-23 17:26:03.310000+03:00,sensor_4,-62,0,0,0
2026-05-23 17:26:04.543000+03:00,sensor_3,-57,0,0,0
2026-05-23 17:26:04.699000+03:00,sensor_1,-58,0,0,0
2026-05-23 17:26:06.687000+03:00,sensor_2,-54,0,0,0
2026-05-23 17:26:10.926000+03:00,sensor_4,-85,8,1,6
2026-05-23 17:26:12.681000+03:00,sensor_3,-71,8,1,6
2026-05-23 17:26:14.204000+03:00,sensor_2,-67,8,1,6
2026-05-23 17:26:16.465000+03:00,sensor_1,-77,8,1,6
2026-05-23 17:26:18.253000+03:00,sensor_4,-86,8,1,6
2026-05-23 17:26:20.099000+03:00,sensor_3,-70,8,1,6
2026-05-23 17:26:21.631000+03:00,sensor_2,-68,8,1,6
2026-05-23 17:26:24.289000+03:00,sensor_1,-78,8,1,6
2026-05-23 17:26:25.879000+03:00,sensor_4,-85,8,1,6
2026-05-23 17:26:27.586000+03:00,sensor_3,-72,8,1,6
2026-05-23 17:26:29.008000+03:00,sensor_2,-67,8,1,6
2026-05-23 17:26:31.766000+03:00,sensor_1,-78,8,1,6
2026-05-23 17:26:33.246000+03:00,sensor_4,-85,8,1,6
2026-05-23 17:26:34.953000+03:00,sensor_3,-70,8,1,6
2026-05-23 17:26:36.375000+03:00,sensor_2,-68,8,1,6
2026-05-23 17:26:39.353000+03:00,sensor_1,-77,8,1,6
2026-05-23 17:26:40.833000+03:00,sensor_4,-81,8,1,6
2026-05-23 17:26:42.380000+03:00,sensor_3,-70,8,1,6
2026-05-23 17:26:43.852000+03:00,sensor_2,-68,8,1,6
2026-05-23 17:26:46.670000+03:00,sensor_1,-77,8,1,6
2026-05-23 17:26:48.150000+03:00,sensor_4,-85,8,1,6
2026-05-23 17:26:49.796000+03:00,sensor_3,-71,8,1,6
2026-05-23 17:26:51.229000+03:00,sensor_2,-67,8,1,6
2026-05-23 17:26:54.146000+03:00,sensor_1,-78,8,1,6
2026-05-23 17:26:55.477000+03:00,sensor_4,-83,8,1,6
2026-05-23 17:26:57.223000+03:00,sensor_3,-70,8,1,6
2026-05-23 17:26:58.646000+03:00,sensor_2,-67,8,1,6
2026-05-23 17:27:01.513000+03:00,sensor_1,-77,8,1,6
2026-05-23 17:27:02.943000+03:00,sensor_4,-88,8,1,6
2026-05-23 17:27:04.701000+03:00,sensor_3,-70,8,1,6
2026-05-23 17:27:05.823000+03:00,sensor_2,-68,8,1,6
2026-05-23 17:27:08.889000+03:00,sensor_1,-77,8,1,6
2026-05-23 17:27:10.370000+03:00,sensor_4,-87,8,1,6
2026-05-23 17:27:12.077000+03:00,sensor_3,-57,0,0,0
2026-05-23 17:27:13.101000+03:00,sensor_2,-54,0,0,0
2026-05-23 17:27:16.676000+03:00,sensor_1,-56,0,0,0
2026-05-23 17:27:17.697000+03:00,sensor_4,-61,0,0,0
2026-05-23 17:27:19.754000+03:00,sensor_3,-56,0,0,0
2026-05-23 17:27:20.568000+03:00,sensor_2,-54,0,0,0
2026-05-23 17:27:24.152000+03:00,sensor_1,-57,0,0,0
2026-05-23 17:27:25.373000+03:00,sensor_4,-60,0,0,0
2026-05-23 17:27:27.486000+03:00,sensor_3,-57,0,0,0
2026-05-23 17:27:28.248000+03:00,sensor_2,-54,0,0,0
2026-05-23 17:27:31.578000+03:00,sensor_1,-57,0,0,0
2026-05-23 17:27:33.003000+03:00,sensor_4,-62,0,0,0
2026-05-23 17:27:35.157000+03:00,sensor_3,-57,0,0,0
2026-05-23 17:27:35.565000+03:00,sensor_2,-53,0,0,0
2026-05-23 17:27:39.510000+03:00,sensor_1,-58,0,0,0
2026-05-23 17:27:40.330000+03:00,sensor_4,-62,0,0,0
2026-05-23 17:27:42.997000+03:00,sensor_3,-63,0,0,0
2026-05-23 17:27:47.601000+03:00,sensor_1,-55,0,0,0
2026-05-23 17:27:47.647000+03:00,sensor_4,-59,0,0,0
2026-05-23 17:27:50.939000+03:00,sensor_3,-55,0,0,0
2026-05-23 17:27:55.483000+03:00,sensor_1,-58,0,0,0
2026-05-23 17:27:55.679000+03:00,sensor_4,-63,0,0,0
2026-05-23 17:28:03.214000+03:00,sensor_1,-56,0,0,0
2026-05-23 17:28:03.569000+03:00,sensor_4,-60,0,0,0
2026-05-23 17:28:10.742000+03:00,sensor_1,-56,0,0,0
2026-05-23 17:28:11.209000+03:00,sensor_4,-58,0,0,0
2026-05-23 17:28:16.068000+03:00,sensor_3,-63,0,0,0
2026-05-23 17:28:18.462000+03:00,sensor_1,-55,0,0,0
2026-05-23 17:28:19.031000+03:00,sensor_4,-64,0,0,0
2026-05-23 17:28:26.204000+03:00,sensor_1,-54,0,0,0
2026-05-23 17:28:26.663000+03:00,sensor_4,-64,0,0,0
2026-05-23 17:28:26.721000+03:00,sensor_3,-57,0,0,0
2026-05-23 17:28:33.835000+03:00,sensor_1,-56,0,0,0
2026-05-23 17:28:34.393000+03:00,sensor_4,-59,0,0,0
2026-05-23 17:28:34.604000+03:00,sensor_3,-57,0,0,0
2026-05-23 17:28:40.953000+03:00,sensor_1,-55,0,0,0
2026-05-23 17:28:41.924000+03:00,sensor_4,-61,0,0,0
2026-05-23 17:28:44.234000+03:00,sensor_3,-57,0,0,0
2026-05-23 17:28:48.329000+03:00,sensor_1,-56,0,0,0
2026-05-23 17:28:49.040000+03:00,sensor_4,-62,0,0,0
2026-05-23 17:28:55.696000+03:00,sensor_1,-56,0,0,0
2026-05-23 17:28:56.367000+03:00,sensor_4,-62,0,0,0
2026-05-23 17:29:03.273000+03:00,sensor_1,-56,0,0,0
2026-05-23 17:29:03.523000+03:00,sensor_4,-62,0,0,0
2026-05-23 17:29:10.802000+03:00,sensor_4,-63,0,0,0
2026-05-23 17:29:18.019000+03:00,sensor_4,-63,0,0,0
2026-05-23 17:29:25.395000+03:00,sensor_4,-65,0,0,0
2026-05-23 17:29:32.721000+03:00,sensor_4,-59,0,0,0
2026-05-23 17:29:40.237000+03:00,sensor_4,-59,0,0,0
2026-05-23 17:29:47.663000+03:00,sensor_4,-57,0,0,0
2026-05-23 17:29:54.980000+03:00,sensor_4,-62,0,0,0
2026-05-23 17:30:02.307000+03:00,sensor_4,-59,0,0,0
2026-05-23 17:30:09.523000+03:00,sensor_4,-59,0,0,0
2026-05-23 17:30:16.901000+03:00,sensor_4,-59,0,0,0
2026-05-23 17:30:23.967000+03:00,sensor_4,-62,0,0,0
2026-05-23 17:30:31.444000+03:00,sensor_4,-58,0,0,0
